Watching for file changes with StatReloader
Watching for file changes with StatReloader
"GET / HTTP/1.1" 200 21605
"GET /static/js/core/bootstrap.min.js HTTP/1.1" 404 1831
"GET /static/js/core/popper.min.js HTTP/1.1" 404 1822
"GET /static/js/plugins/perfect-scrollbar.min.js HTTP/1.1" 404 1864
"GET /static/js/plugins/smooth-scrollbar.min.js HTTP/1.1" 404 1861
"GET /static/js/plugins/chartjs.min.js HTTP/1.1" 404 1834
"GET /static/js/argon-dashboard.min.js HTTP/1.1" 404 1834
"GET / HTTP/1.1" 200 21605
"GET /signup/ HTTP/1.1" 200 12208
"GET /signup/ HTTP/1.1" 200 12208
"GET /static/img/bgIndex.png HTTP/1.1" 200 7594234
"POST /signup/ HTTP/1.1" 302 0
"GET / HTTP/1.1" 200 22107
"GET /static/js/core/popper.min.js HTTP/1.1" 404 1822
"GET /static/js/core/bootstrap.min.js HTTP/1.1" 404 1831
"GET /static/js/plugins/perfect-scrollbar.min.js HTTP/1.1" 404 1864
"GET /static/js/plugins/smooth-scrollbar.min.js HTTP/1.1" 404 1861
"GET /static/js/plugins/chartjs.min.js HTTP/1.1" 404 1834
"GET /static/js/argon-dashboard.min.js HTTP/1.1" 404 1834
"GET / HTTP/1.1" 200 21605
"POST /login/ HTTP/1.1" 302 0
"GET /dashboard/ HTTP/1.1" 302 0
"GET /?next=/dashboard/ HTTP/1.1" 200 22090
"GET /static/js/core/bootstrap.min.js HTTP/1.1" 404 1831
"GET /static/js/core/popper.min.js HTTP/1.1" 404 1822
"GET /static/js/plugins/perfect-scrollbar.min.js HTTP/1.1" 404 1864
"GET /static/js/plugins/smooth-scrollbar.min.js HTTP/1.1" 404 1861
"GET /static/js/plugins/chartjs.min.js HTTP/1.1" 404 1834
"GET /static/js/argon-dashboard.min.js HTTP/1.1" 404 1834
"GET /?next=/dashboard/ HTTP/1.1" 200 21605
C:\Users\Chenchen\OneDrive\Documents\GitHub\DjangoProject\PauliCode\PauliCode\settings.py changed, reloading.
Watching for file changes with StatReloader
C:\Users\Chenchen\OneDrive\Documents\GitHub\DjangoProject\PauliCode\User\views.py changed, reloading.
Watching for file changes with StatReloader
C:\Users\Chenchen\OneDrive\Documents\GitHub\DjangoProject\PauliCode\User\views.py changed, reloading.
Watching for file changes with StatReloader
C:\Users\Chenchen\OneDrive\Documents\GitHub\DjangoProject\PauliCode\User\views.py changed, reloading.
Watching for file changes with StatReloader
"GET /?next=/dashboard/ HTTP/1.1" 302 0
"GET /dashboard/ HTTP/1.1" 302 0
"GET /?next=/dashboard/ HTTP/1.1" 302 0
"GET /dashboard/ HTTP/1.1" 302 0
"GET /?next=/dashboard/ HTTP/1.1" 302 0
"GET /dashboard/ HTTP/1.1" 302 0
"GET /?next=/dashboard/ HTTP/1.1" 302 0
"GET /dashboard/ HTTP/1.1" 302 0
"GET /?next=/dashboard/ HTTP/1.1" 302 0
"GET /dashboard/ HTTP/1.1" 302 0
"GET /?next=/dashboard/ HTTP/1.1" 302 0
"GET /dashboard/ HTTP/1.1" 302 0
"GET /?next=/dashboard/ HTTP/1.1" 302 0
"GET /dashboard/ HTTP/1.1" 302 0
"GET /?next=/dashboard/ HTTP/1.1" 302 0
"GET /dashboard/ HTTP/1.1" 302 0
"GET /?next=/dashboard/ HTTP/1.1" 302 0
"GET /dashboard/ HTTP/1.1" 302 0
"GET /?next=/dashboard/ HTTP/1.1" 302 0
"GET /dashboard/ HTTP/1.1" 302 0
"GET /dashboard/ HTTP/1.1" 302 0
"GET /?next=/dashboard/ HTTP/1.1" 302 0
"GET /dashboard/ HTTP/1.1" 302 0
"GET /?next=/dashboard/ HTTP/1.1" 302 0
"GET /dashboard/ HTTP/1.1" 302 0
"GET /?next=/dashboard/ HTTP/1.1" 302 0
"GET /dashboard/ HTTP/1.1" 302 0
"GET /?next=/dashboard/ HTTP/1.1" 302 0
"GET /dashboard/ HTTP/1.1" 302 0
"GET /?next=/dashboard/ HTTP/1.1" 302 0
"GET /dashboard/ HTTP/1.1" 302 0
"GET /?next=/dashboard/ HTTP/1.1" 302 0
"GET /dashboard/ HTTP/1.1" 302 0
"GET /?next=/dashboard/ HTTP/1.1" 302 0
"GET /dashboard/ HTTP/1.1" 302 0
"GET /?next=/dashboard/ HTTP/1.1" 302 0
"GET /dashboard/ HTTP/1.1" 302 0
"GET /dashboard/ HTTP/1.1" 302 0
"GET /?next=/dashboard/ HTTP/1.1" 302 0
"GET /dashboard/ HTTP/1.1" 302 0
"GET /?next=/dashboard/ HTTP/1.1" 302 0
"GET /dashboard/ HTTP/1.1" 302 0
"GET /?next=/dashboard/ HTTP/1.1" 302 0
"GET /dashboard/ HTTP/1.1" 302 0
"GET /?next=/dashboard/ HTTP/1.1" 302 0
"GET /dashboard/ HTTP/1.1" 302 0
"GET /?next=/dashboard/ HTTP/1.1" 302 0
"GET /dashboard/ HTTP/1.1" 302 0
"GET /?next=/dashboard/ HTTP/1.1" 302 0
"GET /dashboard/ HTTP/1.1" 302 0
"GET /?next=/dashboard/ HTTP/1.1" 302 0
"GET /dashboard/ HTTP/1.1" 302 0
"GET /?next=/dashboard/ HTTP/1.1" 302 0
"GET /dashboard/ HTTP/1.1" 302 0
"GET /?next=/dashboard/ HTTP/1.1" 302 0
"GET /dashboard/ HTTP/1.1" 302 0
"GET /?next=/dashboard/ HTTP/1.1" 302 0
"GET / HTTP/1.1" 302 0
"GET /dashboard/ HTTP/1.1" 302 0
"GET /?next=/dashboard/ HTTP/1.1" 302 0
"GET /dashboard/ HTTP/1.1" 302 0
"GET /?next=/dashboard/ HTTP/1.1" 302 0
"GET /dashboard/ HTTP/1.1" 302 0
"GET /?next=/dashboard/ HTTP/1.1" 302 0
"GET /dashboard/ HTTP/1.1" 302 0
"GET /?next=/dashboard/ HTTP/1.1" 302 0
"GET /dashboard/ HTTP/1.1" 302 0
"GET /?next=/dashboard/ HTTP/1.1" 302 0
"GET /dashboard/ HTTP/1.1" 302 0
"GET /?next=/dashboard/ HTTP/1.1" 302 0
"GET /dashboard/ HTTP/1.1" 302 0
"GET /?next=/dashboard/ HTTP/1.1" 302 0
"GET /dashboard/ HTTP/1.1" 302 0
"GET /?next=/dashboard/ HTTP/1.1" 302 0
"GET /dashboard/ HTTP/1.1" 302 0
"GET /?next=/dashboard/ HTTP/1.1" 302 0
"GET /dashboard/ HTTP/1.1" 302 0
"GET /dashboard/ HTTP/1.1" 302 0
"GET /?next=/dashboard/ HTTP/1.1" 302 0
"GET /dashboard/ HTTP/1.1" 302 0
"GET /?next=/dashboard/ HTTP/1.1" 302 0
"GET /dashboard/ HTTP/1.1" 302 0
"GET /?next=/dashboard/ HTTP/1.1" 302 0
"GET /dashboard/ HTTP/1.1" 302 0
"GET /?next=/dashboard/ HTTP/1.1" 302 0
"GET /dashboard/ HTTP/1.1" 302 0
"GET /?next=/dashboard/ HTTP/1.1" 302 0
"GET /dashboard/ HTTP/1.1" 302 0
"GET /?next=/dashboard/ HTTP/1.1" 302 0
"GET /dashboard/ HTTP/1.1" 302 0
"GET /?next=/dashboard/ HTTP/1.1" 302 0
"GET /dashboard/ HTTP/1.1" 302 0
"GET /?next=/dashboard/ HTTP/1.1" 302 0
"GET /dashboard/ HTTP/1.1" 302 0
"GET /?next=/dashboard/ HTTP/1.1" 302 0
"GET /dashboard/ HTTP/1.1" 302 0
"GET /?next=/dashboard/ HTTP/1.1" 302 0
"GET /?next=/dashboard/ HTTP/1.1" 302 0
"GET /dashboard/ HTTP/1.1" 302 0
"GET /?next=/dashboard/ HTTP/1.1" 302 0
"GET /dashboard/ HTTP/1.1" 302 0
"GET /?next=/dashboard/ HTTP/1.1" 302 0
"GET /dashboard/ HTTP/1.1" 302 0
"GET /?next=/dashboard/ HTTP/1.1" 302 0
"GET /dashboard/ HTTP/1.1" 302 0
"GET /?next=/dashboard/ HTTP/1.1" 302 0
"GET /dashboard/ HTTP/1.1" 302 0
"GET /?next=/dashboard/ HTTP/1.1" 302 0
"GET /dashboard/ HTTP/1.1" 302 0
"GET /?next=/dashboard/ HTTP/1.1" 302 0
"GET /dashboard/ HTTP/1.1" 302 0
"GET /?next=/dashboard/ HTTP/1.1" 302 0
"GET /dashboard/ HTTP/1.1" 302 0
"GET /?next=/dashboard/ HTTP/1.1" 302 0
"GET /dashboard/ HTTP/1.1" 302 0
"GET /?next=/dashboard/ HTTP/1.1" 302 0
"GET /dashboard/ HTTP/1.1" 302 0
"GET /dashboard/ HTTP/1.1" 302 0
"GET /?next=/dashboard/ HTTP/1.1" 302 0
"GET /dashboard/ HTTP/1.1" 302 0
"GET /?next=/dashboard/ HTTP/1.1" 302 0
"GET /dashboard/ HTTP/1.1" 302 0
"GET /?next=/dashboard/ HTTP/1.1" 302 0
"GET /dashboard/ HTTP/1.1" 302 0
"GET /?next=/dashboard/ HTTP/1.1" 302 0
"GET /dashboard/ HTTP/1.1" 302 0
"GET /?next=/dashboard/ HTTP/1.1" 302 0
"GET /dashboard/ HTTP/1.1" 302 0
"GET /?next=/dashboard/ HTTP/1.1" 302 0
"GET /dashboard/ HTTP/1.1" 302 0
"GET /?next=/dashboard/ HTTP/1.1" 302 0
"GET /dashboard/ HTTP/1.1" 302 0
"GET /?next=/dashboard/ HTTP/1.1" 302 0
"GET /dashboard/ HTTP/1.1" 302 0
"GET /?next=/dashboard/ HTTP/1.1" 302 0
"GET /dashboard/ HTTP/1.1" 302 0
"GET /?next=/dashboard/ HTTP/1.1" 302 0
"GET / HTTP/1.1" 302 0
"GET /dashboard/ HTTP/1.1" 302 0
"GET /?next=/dashboard/ HTTP/1.1" 302 0
"GET /dashboard/ HTTP/1.1" 302 0
"GET /?next=/dashboard/ HTTP/1.1" 302 0
"GET /dashboard/ HTTP/1.1" 302 0
"GET /?next=/dashboard/ HTTP/1.1" 302 0
"GET /dashboard/ HTTP/1.1" 302 0
"GET /?next=/dashboard/ HTTP/1.1" 302 0
"GET /dashboard/ HTTP/1.1" 302 0
"GET /?next=/dashboard/ HTTP/1.1" 302 0
"GET /dashboard/ HTTP/1.1" 302 0
"GET /?next=/dashboard/ HTTP/1.1" 302 0
"GET /dashboard/ HTTP/1.1" 302 0
"GET /?next=/dashboard/ HTTP/1.1" 302 0
"GET /dashboard/ HTTP/1.1" 302 0
"GET /?next=/dashboard/ HTTP/1.1" 302 0
"GET /dashboard/ HTTP/1.1" 302 0
"GET /?next=/dashboard/ HTTP/1.1" 302 0
"GET /dashboard/ HTTP/1.1" 302 0
"GET /dashboard/ HTTP/1.1" 302 0
"GET /?next=/dashboard/ HTTP/1.1" 302 0
"GET /dashboard/ HTTP/1.1" 302 0
"GET /?next=/dashboard/ HTTP/1.1" 302 0
"GET /dashboard/ HTTP/1.1" 302 0
"GET /?next=/dashboard/ HTTP/1.1" 302 0
"GET /dashboard/ HTTP/1.1" 302 0
"GET /?next=/dashboard/ HTTP/1.1" 302 0
"GET /dashboard/ HTTP/1.1" 302 0
"GET /?next=/dashboard/ HTTP/1.1" 302 0
"GET /dashboard/ HTTP/1.1" 302 0
"GET /?next=/dashboard/ HTTP/1.1" 302 0
"GET /dashboard/ HTTP/1.1" 302 0
"GET /?next=/dashboard/ HTTP/1.1" 302 0
"GET /dashboard/ HTTP/1.1" 302 0
"GET /?next=/dashboard/ HTTP/1.1" 302 0
"GET /dashboard/ HTTP/1.1" 302 0
"GET /?next=/dashboard/ HTTP/1.1" 302 0
"GET /dashboard/ HTTP/1.1" 302 0
"GET /?next=/dashboard/ HTTP/1.1" 302 0
Watching for file changes with StatReloader
"GET / HTTP/1.1" 302 0
"GET /dashboard/ HTTP/1.1" 302 0
"GET /?next=/dashboard/ HTTP/1.1" 302 0
"GET /dashboard/ HTTP/1.1" 302 0
"GET /?next=/dashboard/ HTTP/1.1" 302 0
"GET /dashboard/ HTTP/1.1" 302 0
"GET /?next=/dashboard/ HTTP/1.1" 302 0
"GET /dashboard/ HTTP/1.1" 302 0
"GET /?next=/dashboard/ HTTP/1.1" 302 0
"GET /dashboard/ HTTP/1.1" 302 0
"GET /?next=/dashboard/ HTTP/1.1" 302 0
"GET /dashboard/ HTTP/1.1" 302 0
"GET /?next=/dashboard/ HTTP/1.1" 302 0
"GET /dashboard/ HTTP/1.1" 302 0
"GET /?next=/dashboard/ HTTP/1.1" 302 0
"GET /dashboard/ HTTP/1.1" 302 0
"GET /?next=/dashboard/ HTTP/1.1" 302 0
"GET /dashboard/ HTTP/1.1" 302 0
"GET /?next=/dashboard/ HTTP/1.1" 302 0
"GET /dashboard/ HTTP/1.1" 302 0
"GET /dashboard/ HTTP/1.1" 302 0
"GET /?next=/dashboard/ HTTP/1.1" 302 0
"GET /dashboard/ HTTP/1.1" 302 0
"GET /?next=/dashboard/ HTTP/1.1" 302 0
"GET /dashboard/ HTTP/1.1" 302 0
"GET /?next=/dashboard/ HTTP/1.1" 302 0
"GET /dashboard/ HTTP/1.1" 302 0
"GET /?next=/dashboard/ HTTP/1.1" 302 0
"GET /dashboard/ HTTP/1.1" 302 0
"GET /?next=/dashboard/ HTTP/1.1" 302 0
"GET /dashboard/ HTTP/1.1" 302 0
"GET /?next=/dashboard/ HTTP/1.1" 302 0
"GET /dashboard/ HTTP/1.1" 302 0
"GET /?next=/dashboard/ HTTP/1.1" 302 0
"GET /dashboard/ HTTP/1.1" 302 0
"GET /?next=/dashboard/ HTTP/1.1" 302 0
"GET /dashboard/ HTTP/1.1" 302 0
"GET /?next=/dashboard/ HTTP/1.1" 302 0
"GET /dashboard/ HTTP/1.1" 302 0
"GET /?next=/dashboard/ HTTP/1.1" 302 0
"GET / HTTP/1.1" 200 21605
"GET /static/img/PCodeLogo.svg HTTP/1.1" 200 12486
"GET /static/js/core/popper.min.js HTTP/1.1" 404 1822
"GET /static/img/loadingIcon.webp HTTP/1.1" 200 42646
"GET /static/js/core/bootstrap.min.js HTTP/1.1" 404 1831
"GET /static/js/plugins/perfect-scrollbar.min.js HTTP/1.1" 404 1864
"GET /static/js/plugins/smooth-scrollbar.min.js HTTP/1.1" 404 1861
"GET /static/js/plugins/chartjs.min.js HTTP/1.1" 404 1834
"GET /static/js/argon-dashboard.min.js HTTP/1.1" 404 1834
"GET / HTTP/1.1" 200 21605
"GET /static/img/favicon.ico HTTP/1.1" 200 4286
"POST /login/ HTTP/1.1" 302 0
"GET / HTTP/1.1" 200 22092
"GET /static/js/core/popper.min.js HTTP/1.1" 404 1822
"GET /static/js/core/bootstrap.min.js HTTP/1.1" 404 1831
"GET /static/js/plugins/perfect-scrollbar.min.js HTTP/1.1" 404 1864
"GET /static/js/plugins/smooth-scrollbar.min.js HTTP/1.1" 404 1861
"GET /static/js/plugins/chartjs.min.js HTTP/1.1" 404 1834
"GET /static/js/argon-dashboard.min.js HTTP/1.1" 404 1834
"GET / HTTP/1.1" 200 21605
Internal Server Error: /login/
Traceback (most recent call last):
  File "C:\Users\Chenchen\OneDrive\Documents\GitHub\DjangoProject\Paulicode\env\Lib\site-packages\django\core\handlers\exception.py", line 55, in inner
    response = get_response(request)
  File "C:\Users\Chenchen\OneDrive\Documents\GitHub\DjangoProject\Paulicode\env\Lib\site-packages\django\core\handlers\base.py", line 197, in _get_response
    response = wrapped_callback(request, *callback_args, **callback_kwargs)
  File "C:\Users\Chenchen\OneDrive\Documents\GitHub\DjangoProject\paulicode\User\views.py", line 70, in login_view
    login(request, user)
    ~~~~~^^^^^^^^^^^^^^^
  File "C:\Users\Chenchen\OneDrive\Documents\GitHub\DjangoProject\Paulicode\env\Lib\site-packages\django\contrib\auth\__init__.py", line 144, in login
    user_logged_in.send(sender=user.__class__, request=request, user=user)
    ~~~~~~~~~~~~~~~~~~~^^^^^^^^^^^^^^^^^^^^^^^^^^^^^^^^^^^^^^^^^^^^^^^^^^^
  File "C:\Users\Chenchen\OneDrive\Documents\GitHub\DjangoProject\Paulicode\env\Lib\site-packages\django\dispatch\dispatcher.py", line 177, in send
    (receiver, receiver(signal=self, sender=sender, **named))
               ~~~~~~~~^^^^^^^^^^^^^^^^^^^^^^^^^^^^^^^^^^^^^
  File "C:\Users\Chenchen\OneDrive\Documents\GitHub\DjangoProject\Paulicode\env\Lib\site-packages\django\contrib\auth\models.py", line 23, in update_last_login
    user.save(update_fields=["last_login"])
    ~~~~~~~~~^^^^^^^^^^^^^^^^^^^^^^^^^^^^^^
  File "C:\Users\Chenchen\OneDrive\Documents\GitHub\DjangoProject\Paulicode\env\Lib\site-packages\django\db\models\base.py", line 797, in save
    raise ValueError(
    ...<3 lines>...
    )
ValueError: The following fields do not exist in this model, are m2m fields, or are non-concrete fields: last_login
"POST /login/ HTTP/1.1" 500 92894
C:\Users\Chenchen\OneDrive\Documents\GitHub\DjangoProject\PauliCode\User\models.py changed, reloading.
Watching for file changes with StatReloader
Watching for file changes with StatReloader
"GET / HTTP/1.1" 200 21605
"POST /login/ HTTP/1.1" 302 0
Internal Server Error: /dashboard/
Traceback (most recent call last):
  File "C:\Users\Chenchen\OneDrive\Documents\GitHub\DjangoProject\Paulicode\env\Lib\site-packages\django\db\models\fields\__init__.py", line 2070, in to_python
    return int(value)
ValueError: invalid literal for int() with base 10: 'C-2023-0000'

During handling of the above exception, another exception occurred:

Traceback (most recent call last):
  File "C:\Users\Chenchen\OneDrive\Documents\GitHub\DjangoProject\Paulicode\env\Lib\site-packages\django\core\handlers\exception.py", line 55, in inner
    response = get_response(request)
  File "C:\Users\Chenchen\OneDrive\Documents\GitHub\DjangoProject\Paulicode\env\Lib\site-packages\django\core\handlers\base.py", line 197, in _get_response
    response = wrapped_callback(request, *callback_args, **callback_kwargs)
  File "C:\Users\Chenchen\OneDrive\Documents\GitHub\DjangoProject\Paulicode\env\Lib\site-packages\django\contrib\auth\decorators.py", line 22, in _wrapper_view
    if test_func(request.user):
       ~~~~~~~~~^^^^^^^^^^^^^^
  File "C:\Users\Chenchen\OneDrive\Documents\GitHub\DjangoProject\Paulicode\env\Lib\site-packages\django\contrib\auth\decorators.py", line 51, in <lambda>
    lambda u: u.is_authenticated,
              ^^^^^^^^^^^^^^^^^^
  File "C:\Users\Chenchen\OneDrive\Documents\GitHub\DjangoProject\Paulicode\env\Lib\site-packages\django\utils\functional.py", line 266, in inner
    self._setup()
    ~~~~~~~~~~~^^
  File "C:\Users\Chenchen\OneDrive\Documents\GitHub\DjangoProject\Paulicode\env\Lib\site-packages\django\utils\functional.py", line 419, in _setup
    self._wrapped = self._setupfunc()
                    ~~~~~~~~~~~~~~~^^
  File "C:\Users\Chenchen\OneDrive\Documents\GitHub\DjangoProject\Paulicode\env\Lib\site-packages\django\contrib\auth\middleware.py", line 25, in <lambda>
    request.user = SimpleLazyObject(lambda: get_user(request))
                                            ~~~~~~~~^^^^^^^^^
  File "C:\Users\Chenchen\OneDrive\Documents\GitHub\DjangoProject\Paulicode\env\Lib\site-packages\django\contrib\auth\middleware.py", line 11, in get_user
    request._cached_user = auth.get_user(request)
                           ~~~~~~~~~~~~~^^^^^^^^^
  File "C:\Users\Chenchen\OneDrive\Documents\GitHub\DjangoProject\Paulicode\env\Lib\site-packages\django\contrib\auth\__init__.py", line 191, in get_user
    user_id = _get_user_session_key(request)
  File "C:\Users\Chenchen\OneDrive\Documents\GitHub\DjangoProject\Paulicode\env\Lib\site-packages\django\contrib\auth\__init__.py", line 60, in _get_user_session_key
    return get_user_model()._meta.pk.to_python(request.session[SESSION_KEY])
           ~~~~~~~~~~~~~~~~~~~~~~~~~~~~~~~~~~~^^^^^^^^^^^^^^^^^^^^^^^^^^^^^^
  File "C:\Users\Chenchen\OneDrive\Documents\GitHub\DjangoProject\Paulicode\env\Lib\site-packages\django\db\models\fields\__init__.py", line 2072, in to_python
    raise exceptions.ValidationError(
    ...<3 lines>...
    )
django.core.exceptions.ValidationError: ['“C-2023-0000” value must be an integer.']
"GET /dashboard/ HTTP/1.1" 500 110780
C:\Users\Chenchen\OneDrive\Documents\GitHub\DjangoProject\PauliCode\User\views.py changed, reloading.
Watching for file changes with StatReloader
"GET / HTTP/1.1" 302 0
Internal Server Error: /dashboard/
Traceback (most recent call last):
  File "C:\Users\Chenchen\OneDrive\Documents\GitHub\DjangoProject\Paulicode\env\Lib\site-packages\django\db\models\fields\__init__.py", line 2070, in to_python
    return int(value)
ValueError: invalid literal for int() with base 10: 'C-2023-0000'

During handling of the above exception, another exception occurred:

Traceback (most recent call last):
  File "C:\Users\Chenchen\OneDrive\Documents\GitHub\DjangoProject\Paulicode\env\Lib\site-packages\django\core\handlers\exception.py", line 55, in inner
    response = get_response(request)
  File "C:\Users\Chenchen\OneDrive\Documents\GitHub\DjangoProject\Paulicode\env\Lib\site-packages\django\core\handlers\base.py", line 197, in _get_response
    response = wrapped_callback(request, *callback_args, **callback_kwargs)
  File "C:\Users\Chenchen\OneDrive\Documents\GitHub\DjangoProject\Paulicode\env\Lib\site-packages\django\contrib\auth\decorators.py", line 22, in _wrapper_view
    if test_func(request.user):
       ~~~~~~~~~^^^^^^^^^^^^^^
  File "C:\Users\Chenchen\OneDrive\Documents\GitHub\DjangoProject\Paulicode\env\Lib\site-packages\django\contrib\auth\decorators.py", line 51, in <lambda>
    lambda u: u.is_authenticated,
              ^^^^^^^^^^^^^^^^^^
  File "C:\Users\Chenchen\OneDrive\Documents\GitHub\DjangoProject\Paulicode\env\Lib\site-packages\django\utils\functional.py", line 266, in inner
    self._setup()
    ~~~~~~~~~~~^^
  File "C:\Users\Chenchen\OneDrive\Documents\GitHub\DjangoProject\Paulicode\env\Lib\site-packages\django\utils\functional.py", line 419, in _setup
    self._wrapped = self._setupfunc()
                    ~~~~~~~~~~~~~~~^^
  File "C:\Users\Chenchen\OneDrive\Documents\GitHub\DjangoProject\Paulicode\env\Lib\site-packages\django\contrib\auth\middleware.py", line 25, in <lambda>
    request.user = SimpleLazyObject(lambda: get_user(request))
                                            ~~~~~~~~^^^^^^^^^
  File "C:\Users\Chenchen\OneDrive\Documents\GitHub\DjangoProject\Paulicode\env\Lib\site-packages\django\contrib\auth\middleware.py", line 11, in get_user
    request._cached_user = auth.get_user(request)
                           ~~~~~~~~~~~~~^^^^^^^^^
  File "C:\Users\Chenchen\OneDrive\Documents\GitHub\DjangoProject\Paulicode\env\Lib\site-packages\django\contrib\auth\__init__.py", line 191, in get_user
    user_id = _get_user_session_key(request)
  File "C:\Users\Chenchen\OneDrive\Documents\GitHub\DjangoProject\Paulicode\env\Lib\site-packages\django\contrib\auth\__init__.py", line 60, in _get_user_session_key
    return get_user_model()._meta.pk.to_python(request.session[SESSION_KEY])
           ~~~~~~~~~~~~~~~~~~~~~~~~~~~~~~~~~~~^^^^^^^^^^^^^^^^^^^^^^^^^^^^^^
  File "C:\Users\Chenchen\OneDrive\Documents\GitHub\DjangoProject\Paulicode\env\Lib\site-packages\django\db\models\fields\__init__.py", line 2072, in to_python
    raise exceptions.ValidationError(
    ...<3 lines>...
    )
django.core.exceptions.ValidationError: ['“C-2023-0000” value must be an integer.']
"GET /dashboard/ HTTP/1.1" 500 110492
C:\Users\Chenchen\OneDrive\Documents\GitHub\DjangoProject\PauliCode\User\views.py changed, reloading.
Watching for file changes with StatReloader
C:\Users\Chenchen\OneDrive\Documents\GitHub\DjangoProject\PauliCode\User\views.py changed, reloading.
Watching for file changes with StatReloader
C:\Users\Chenchen\OneDrive\Documents\GitHub\DjangoProject\PauliCode\User\views.py changed, reloading.
Watching for file changes with StatReloader
Internal Server Error: /dashboard/
Traceback (most recent call last):
  File "C:\Users\Chenchen\OneDrive\Documents\GitHub\DjangoProject\Paulicode\env\Lib\site-packages\django\db\models\fields\__init__.py", line 2070, in to_python
    return int(value)
ValueError: invalid literal for int() with base 10: 'C-2023-0000'

During handling of the above exception, another exception occurred:

Traceback (most recent call last):
  File "C:\Users\Chenchen\OneDrive\Documents\GitHub\DjangoProject\Paulicode\env\Lib\site-packages\django\core\handlers\exception.py", line 55, in inner
    response = get_response(request)
  File "C:\Users\Chenchen\OneDrive\Documents\GitHub\DjangoProject\Paulicode\env\Lib\site-packages\django\core\handlers\base.py", line 197, in _get_response
    response = wrapped_callback(request, *callback_args, **callback_kwargs)
  File "C:\Users\Chenchen\OneDrive\Documents\GitHub\DjangoProject\Paulicode\env\Lib\site-packages\django\contrib\auth\decorators.py", line 22, in _wrapper_view
    if test_func(request.user):
       ~~~~~~~~~^^^^^^^^^^^^^^
  File "C:\Users\Chenchen\OneDrive\Documents\GitHub\DjangoProject\Paulicode\env\Lib\site-packages\django\contrib\auth\decorators.py", line 51, in <lambda>
    lambda u: u.is_authenticated,
              ^^^^^^^^^^^^^^^^^^
  File "C:\Users\Chenchen\OneDrive\Documents\GitHub\DjangoProject\Paulicode\env\Lib\site-packages\django\utils\functional.py", line 266, in inner
    self._setup()
    ~~~~~~~~~~~^^
  File "C:\Users\Chenchen\OneDrive\Documents\GitHub\DjangoProject\Paulicode\env\Lib\site-packages\django\utils\functional.py", line 419, in _setup
    self._wrapped = self._setupfunc()
                    ~~~~~~~~~~~~~~~^^
  File "C:\Users\Chenchen\OneDrive\Documents\GitHub\DjangoProject\Paulicode\env\Lib\site-packages\django\contrib\auth\middleware.py", line 25, in <lambda>
    request.user = SimpleLazyObject(lambda: get_user(request))
                                            ~~~~~~~~^^^^^^^^^
  File "C:\Users\Chenchen\OneDrive\Documents\GitHub\DjangoProject\Paulicode\env\Lib\site-packages\django\contrib\auth\middleware.py", line 11, in get_user
    request._cached_user = auth.get_user(request)
                           ~~~~~~~~~~~~~^^^^^^^^^
  File "C:\Users\Chenchen\OneDrive\Documents\GitHub\DjangoProject\Paulicode\env\Lib\site-packages\django\contrib\auth\__init__.py", line 191, in get_user
    user_id = _get_user_session_key(request)
  File "C:\Users\Chenchen\OneDrive\Documents\GitHub\DjangoProject\Paulicode\env\Lib\site-packages\django\contrib\auth\__init__.py", line 60, in _get_user_session_key
    return get_user_model()._meta.pk.to_python(request.session[SESSION_KEY])
           ~~~~~~~~~~~~~~~~~~~~~~~~~~~~~~~~~~~^^^^^^^^^^^^^^^^^^^^^^^^^^^^^^
  File "C:\Users\Chenchen\OneDrive\Documents\GitHub\DjangoProject\Paulicode\env\Lib\site-packages\django\db\models\fields\__init__.py", line 2072, in to_python
    raise exceptions.ValidationError(
    ...<3 lines>...
    )
django.core.exceptions.ValidationError: ['“C-2023-0000” value must be an integer.']
"GET /dashboard/ HTTP/1.1" 500 110629
Internal Server Error: /login/
Traceback (most recent call last):
  File "C:\Users\Chenchen\OneDrive\Documents\GitHub\DjangoProject\Paulicode\env\Lib\site-packages\django\db\models\fields\__init__.py", line 2070, in to_python
    return int(value)
ValueError: invalid literal for int() with base 10: 'C-2023-0000'

During handling of the above exception, another exception occurred:

Traceback (most recent call last):
  File "C:\Users\Chenchen\OneDrive\Documents\GitHub\DjangoProject\Paulicode\env\Lib\site-packages\django\core\handlers\exception.py", line 55, in inner
    response = get_response(request)
  File "C:\Users\Chenchen\OneDrive\Documents\GitHub\DjangoProject\Paulicode\env\Lib\site-packages\django\core\handlers\base.py", line 197, in _get_response
    response = wrapped_callback(request, *callback_args, **callback_kwargs)
  File "C:\Users\Chenchen\OneDrive\Documents\GitHub\DjangoProject\paulicode\User\views.py", line 89, in login_view
    return render(request, 'User/index.html')
  File "C:\Users\Chenchen\OneDrive\Documents\GitHub\DjangoProject\Paulicode\env\Lib\site-packages\django\shortcuts.py", line 24, in render
    content = loader.render_to_string(template_name, context, request, using=using)
  File "C:\Users\Chenchen\OneDrive\Documents\GitHub\DjangoProject\Paulicode\env\Lib\site-packages\django\template\loader.py", line 62, in render_to_string
    return template.render(context, request)
           ~~~~~~~~~~~~~~~^^^^^^^^^^^^^^^^^^
  File "C:\Users\Chenchen\OneDrive\Documents\GitHub\DjangoProject\Paulicode\env\Lib\site-packages\django\template\backends\django.py", line 61, in render
    return self.template.render(context)
           ~~~~~~~~~~~~~~~~~~~~^^^^^^^^^
  File "C:\Users\Chenchen\OneDrive\Documents\GitHub\DjangoProject\Paulicode\env\Lib\site-packages\django\template\base.py", line 175, in render
    return self._render(context)
           ~~~~~~~~~~~~^^^^^^^^^
  File "C:\Users\Chenchen\OneDrive\Documents\GitHub\DjangoProject\Paulicode\env\Lib\site-packages\django\template\base.py", line 167, in _render
    return self.nodelist.render(context)
           ~~~~~~~~~~~~~~~~~~~~^^^^^^^^^
  File "C:\Users\Chenchen\OneDrive\Documents\GitHub\DjangoProject\Paulicode\env\Lib\site-packages\django\template\base.py", line 1005, in render
    return SafeString("".join([node.render_annotated(context) for node in self]))
                               ~~~~~~~~~~~~~~~~~~~~~^^^^^^^^^
  File "C:\Users\Chenchen\OneDrive\Documents\GitHub\DjangoProject\Paulicode\env\Lib\site-packages\django\template\base.py", line 966, in render_annotated
    return self.render(context)
           ~~~~~~~~~~~^^^^^^^^^
  File "C:\Users\Chenchen\OneDrive\Documents\GitHub\DjangoProject\Paulicode\env\Lib\site-packages\django\template\loader_tags.py", line 157, in render
    return compiled_parent._render(context)
           ~~~~~~~~~~~~~~~~~~~~~~~^^^^^^^^^
  File "C:\Users\Chenchen\OneDrive\Documents\GitHub\DjangoProject\Paulicode\env\Lib\site-packages\django\template\base.py", line 167, in _render
    return self.nodelist.render(context)
           ~~~~~~~~~~~~~~~~~~~~^^^^^^^^^
  File "C:\Users\Chenchen\OneDrive\Documents\GitHub\DjangoProject\Paulicode\env\Lib\site-packages\django\template\base.py", line 1005, in render
    return SafeString("".join([node.render_annotated(context) for node in self]))
                               ~~~~~~~~~~~~~~~~~~~~~^^^^^^^^^
  File "C:\Users\Chenchen\OneDrive\Documents\GitHub\DjangoProject\Paulicode\env\Lib\site-packages\django\template\base.py", line 966, in render_annotated
    return self.render(context)
           ~~~~~~~~~~~^^^^^^^^^
  File "C:\Users\Chenchen\OneDrive\Documents\GitHub\DjangoProject\Paulicode\env\Lib\site-packages\django\template\defaulttags.py", line 321, in render
    return nodelist.render(context)
           ~~~~~~~~~~~~~~~^^^^^^^^^
  File "C:\Users\Chenchen\OneDrive\Documents\GitHub\DjangoProject\Paulicode\env\Lib\site-packages\django\template\base.py", line 1005, in render
    return SafeString("".join([node.render_annotated(context) for node in self]))
                               ~~~~~~~~~~~~~~~~~~~~~^^^^^^^^^
  File "C:\Users\Chenchen\OneDrive\Documents\GitHub\DjangoProject\Paulicode\env\Lib\site-packages\django\template\base.py", line 966, in render_annotated
    return self.render(context)
           ~~~~~~~~~~~^^^^^^^^^
  File "C:\Users\Chenchen\OneDrive\Documents\GitHub\DjangoProject\Paulicode\env\Lib\site-packages\django\template\defaulttags.py", line 321, in render
    return nodelist.render(context)
           ~~~~~~~~~~~~~~~^^^^^^^^^
  File "C:\Users\Chenchen\OneDrive\Documents\GitHub\DjangoProject\Paulicode\env\Lib\site-packages\django\template\base.py", line 1005, in render
    return SafeString("".join([node.render_annotated(context) for node in self]))
                               ~~~~~~~~~~~~~~~~~~~~~^^^^^^^^^
  File "C:\Users\Chenchen\OneDrive\Documents\GitHub\DjangoProject\Paulicode\env\Lib\site-packages\django\template\base.py", line 966, in render_annotated
    return self.render(context)
           ~~~~~~~~~~~^^^^^^^^^
  File "C:\Users\Chenchen\OneDrive\Documents\GitHub\DjangoProject\Paulicode\env\Lib\site-packages\django\template\loader_tags.py", line 208, in render
    return template.render(context)
           ~~~~~~~~~~~~~~~^^^^^^^^^
  File "C:\Users\Chenchen\OneDrive\Documents\GitHub\DjangoProject\Paulicode\env\Lib\site-packages\django\template\base.py", line 177, in render
    return self._render(context)
           ~~~~~~~~~~~~^^^^^^^^^
  File "C:\Users\Chenchen\OneDrive\Documents\GitHub\DjangoProject\Paulicode\env\Lib\site-packages\django\template\base.py", line 167, in _render
    return self.nodelist.render(context)
           ~~~~~~~~~~~~~~~~~~~~^^^^^^^^^
  File "C:\Users\Chenchen\OneDrive\Documents\GitHub\DjangoProject\Paulicode\env\Lib\site-packages\django\template\base.py", line 1005, in render
    return SafeString("".join([node.render_annotated(context) for node in self]))
                               ~~~~~~~~~~~~~~~~~~~~~^^^^^^^^^
  File "C:\Users\Chenchen\OneDrive\Documents\GitHub\DjangoProject\Paulicode\env\Lib\site-packages\django\template\base.py", line 966, in render_annotated
    return self.render(context)
           ~~~~~~~~~~~^^^^^^^^^
  File "C:\Users\Chenchen\OneDrive\Documents\GitHub\DjangoProject\Paulicode\env\Lib\site-packages\django\template\base.py", line 1064, in render
    output = self.filter_expression.resolve(context)
  File "C:\Users\Chenchen\OneDrive\Documents\GitHub\DjangoProject\Paulicode\env\Lib\site-packages\django\template\base.py", line 715, in resolve
    obj = self.var.resolve(context)
  File "C:\Users\Chenchen\OneDrive\Documents\GitHub\DjangoProject\Paulicode\env\Lib\site-packages\django\template\base.py", line 847, in resolve
    value = self._resolve_lookup(context)
  File "C:\Users\Chenchen\OneDrive\Documents\GitHub\DjangoProject\Paulicode\env\Lib\site-packages\django\template\base.py", line 880, in _resolve_lookup
    current = current[bit]
              ~~~~~~~^^^^^
  File "C:\Users\Chenchen\OneDrive\Documents\GitHub\DjangoProject\Paulicode\env\Lib\site-packages\django\utils\functional.py", line 266, in inner
    self._setup()
    ~~~~~~~~~~~^^
  File "C:\Users\Chenchen\OneDrive\Documents\GitHub\DjangoProject\Paulicode\env\Lib\site-packages\django\utils\functional.py", line 419, in _setup
    self._wrapped = self._setupfunc()
                    ~~~~~~~~~~~~~~~^^
  File "C:\Users\Chenchen\OneDrive\Documents\GitHub\DjangoProject\Paulicode\env\Lib\site-packages\django\contrib\auth\middleware.py", line 25, in <lambda>
    request.user = SimpleLazyObject(lambda: get_user(request))
                                            ~~~~~~~~^^^^^^^^^
  File "C:\Users\Chenchen\OneDrive\Documents\GitHub\DjangoProject\Paulicode\env\Lib\site-packages\django\contrib\auth\middleware.py", line 11, in get_user
    request._cached_user = auth.get_user(request)
                           ~~~~~~~~~~~~~^^^^^^^^^
  File "C:\Users\Chenchen\OneDrive\Documents\GitHub\DjangoProject\Paulicode\env\Lib\site-packages\django\contrib\auth\__init__.py", line 191, in get_user
    user_id = _get_user_session_key(request)
  File "C:\Users\Chenchen\OneDrive\Documents\GitHub\DjangoProject\Paulicode\env\Lib\site-packages\django\contrib\auth\__init__.py", line 60, in _get_user_session_key
    return get_user_model()._meta.pk.to_python(request.session[SESSION_KEY])
           ~~~~~~~~~~~~~~~~~~~~~~~~~~~~~~~~~~~^^^^^^^^^^^^^^^^^^^^^^^^^^^^^^
  File "C:\Users\Chenchen\OneDrive\Documents\GitHub\DjangoProject\Paulicode\env\Lib\site-packages\django\db\models\fields\__init__.py", line 2072, in to_python
    raise exceptions.ValidationError(
    ...<3 lines>...
    )
django.core.exceptions.ValidationError: ['“C-2023-0000” value must be an integer.']
"GET /login/?next=/ HTTP/1.1" 500 224944
"GET / HTTP/1.1" 302 0
Internal Server Error: /dashboard/
Traceback (most recent call last):
  File "C:\Users\Chenchen\OneDrive\Documents\GitHub\DjangoProject\Paulicode\env\Lib\site-packages\django\db\models\fields\__init__.py", line 2070, in to_python
    return int(value)
ValueError: invalid literal for int() with base 10: 'C-2023-0000'

During handling of the above exception, another exception occurred:

Traceback (most recent call last):
  File "C:\Users\Chenchen\OneDrive\Documents\GitHub\DjangoProject\Paulicode\env\Lib\site-packages\django\core\handlers\exception.py", line 55, in inner
    response = get_response(request)
  File "C:\Users\Chenchen\OneDrive\Documents\GitHub\DjangoProject\Paulicode\env\Lib\site-packages\django\core\handlers\base.py", line 197, in _get_response
    response = wrapped_callback(request, *callback_args, **callback_kwargs)
  File "C:\Users\Chenchen\OneDrive\Documents\GitHub\DjangoProject\Paulicode\env\Lib\site-packages\django\contrib\auth\decorators.py", line 22, in _wrapper_view
    if test_func(request.user):
       ~~~~~~~~~^^^^^^^^^^^^^^
  File "C:\Users\Chenchen\OneDrive\Documents\GitHub\DjangoProject\Paulicode\env\Lib\site-packages\django\contrib\auth\decorators.py", line 51, in <lambda>
    lambda u: u.is_authenticated,
              ^^^^^^^^^^^^^^^^^^
  File "C:\Users\Chenchen\OneDrive\Documents\GitHub\DjangoProject\Paulicode\env\Lib\site-packages\django\utils\functional.py", line 266, in inner
    self._setup()
    ~~~~~~~~~~~^^
  File "C:\Users\Chenchen\OneDrive\Documents\GitHub\DjangoProject\Paulicode\env\Lib\site-packages\django\utils\functional.py", line 419, in _setup
    self._wrapped = self._setupfunc()
                    ~~~~~~~~~~~~~~~^^
  File "C:\Users\Chenchen\OneDrive\Documents\GitHub\DjangoProject\Paulicode\env\Lib\site-packages\django\contrib\auth\middleware.py", line 25, in <lambda>
    request.user = SimpleLazyObject(lambda: get_user(request))
                                            ~~~~~~~~^^^^^^^^^
  File "C:\Users\Chenchen\OneDrive\Documents\GitHub\DjangoProject\Paulicode\env\Lib\site-packages\django\contrib\auth\middleware.py", line 11, in get_user
    request._cached_user = auth.get_user(request)
                           ~~~~~~~~~~~~~^^^^^^^^^
  File "C:\Users\Chenchen\OneDrive\Documents\GitHub\DjangoProject\Paulicode\env\Lib\site-packages\django\contrib\auth\__init__.py", line 191, in get_user
    user_id = _get_user_session_key(request)
  File "C:\Users\Chenchen\OneDrive\Documents\GitHub\DjangoProject\Paulicode\env\Lib\site-packages\django\contrib\auth\__init__.py", line 60, in _get_user_session_key
    return get_user_model()._meta.pk.to_python(request.session[SESSION_KEY])
           ~~~~~~~~~~~~~~~~~~~~~~~~~~~~~~~~~~~^^^^^^^^^^^^^^^^^^^^^^^^^^^^^^
  File "C:\Users\Chenchen\OneDrive\Documents\GitHub\DjangoProject\Paulicode\env\Lib\site-packages\django\db\models\fields\__init__.py", line 2072, in to_python
    raise exceptions.ValidationError(
    ...<3 lines>...
    )
django.core.exceptions.ValidationError: ['“C-2023-0000” value must be an integer.']
"GET /dashboard/ HTTP/1.1" 500 110379
"GET / HTTP/1.1" 302 0
Internal Server Error: /dashboard/
Traceback (most recent call last):
  File "C:\Users\Chenchen\OneDrive\Documents\GitHub\DjangoProject\Paulicode\env\Lib\site-packages\django\db\models\fields\__init__.py", line 2070, in to_python
    return int(value)
ValueError: invalid literal for int() with base 10: 'C-2023-0000'

During handling of the above exception, another exception occurred:

Traceback (most recent call last):
  File "C:\Users\Chenchen\OneDrive\Documents\GitHub\DjangoProject\Paulicode\env\Lib\site-packages\django\core\handlers\exception.py", line 55, in inner
    response = get_response(request)
  File "C:\Users\Chenchen\OneDrive\Documents\GitHub\DjangoProject\Paulicode\env\Lib\site-packages\django\core\handlers\base.py", line 197, in _get_response
    response = wrapped_callback(request, *callback_args, **callback_kwargs)
  File "C:\Users\Chenchen\OneDrive\Documents\GitHub\DjangoProject\Paulicode\env\Lib\site-packages\django\contrib\auth\decorators.py", line 22, in _wrapper_view
    if test_func(request.user):
       ~~~~~~~~~^^^^^^^^^^^^^^
  File "C:\Users\Chenchen\OneDrive\Documents\GitHub\DjangoProject\Paulicode\env\Lib\site-packages\django\contrib\auth\decorators.py", line 51, in <lambda>
    lambda u: u.is_authenticated,
              ^^^^^^^^^^^^^^^^^^
  File "C:\Users\Chenchen\OneDrive\Documents\GitHub\DjangoProject\Paulicode\env\Lib\site-packages\django\utils\functional.py", line 266, in inner
    self._setup()
    ~~~~~~~~~~~^^
  File "C:\Users\Chenchen\OneDrive\Documents\GitHub\DjangoProject\Paulicode\env\Lib\site-packages\django\utils\functional.py", line 419, in _setup
    self._wrapped = self._setupfunc()
                    ~~~~~~~~~~~~~~~^^
  File "C:\Users\Chenchen\OneDrive\Documents\GitHub\DjangoProject\Paulicode\env\Lib\site-packages\django\contrib\auth\middleware.py", line 25, in <lambda>
    request.user = SimpleLazyObject(lambda: get_user(request))
                                            ~~~~~~~~^^^^^^^^^
  File "C:\Users\Chenchen\OneDrive\Documents\GitHub\DjangoProject\Paulicode\env\Lib\site-packages\django\contrib\auth\middleware.py", line 11, in get_user
    request._cached_user = auth.get_user(request)
                           ~~~~~~~~~~~~~^^^^^^^^^
  File "C:\Users\Chenchen\OneDrive\Documents\GitHub\DjangoProject\Paulicode\env\Lib\site-packages\django\contrib\auth\__init__.py", line 191, in get_user
    user_id = _get_user_session_key(request)
  File "C:\Users\Chenchen\OneDrive\Documents\GitHub\DjangoProject\Paulicode\env\Lib\site-packages\django\contrib\auth\__init__.py", line 60, in _get_user_session_key
    return get_user_model()._meta.pk.to_python(request.session[SESSION_KEY])
           ~~~~~~~~~~~~~~~~~~~~~~~~~~~~~~~~~~~^^^^^^^^^^^^^^^^^^^^^^^^^^^^^^
  File "C:\Users\Chenchen\OneDrive\Documents\GitHub\DjangoProject\Paulicode\env\Lib\site-packages\django\db\models\fields\__init__.py", line 2072, in to_python
    raise exceptions.ValidationError(
    ...<3 lines>...
    )
django.core.exceptions.ValidationError: ['“C-2023-0000” value must be an integer.']
"GET /dashboard/ HTTP/1.1" 500 110235
"GET / HTTP/1.1" 200 21605
"GET /static/js/core/popper.min.js HTTP/1.1" 404 1822
"GET /static/js/core/bootstrap.min.js HTTP/1.1" 404 1831
"GET /static/js/plugins/perfect-scrollbar.min.js HTTP/1.1" 404 1864
"GET /static/js/plugins/smooth-scrollbar.min.js HTTP/1.1" 404 1861
"GET /static/js/plugins/chartjs.min.js HTTP/1.1" 404 1834
"GET /static/js/argon-dashboard.min.js HTTP/1.1" 404 1834
"GET / HTTP/1.1" 200 21605
"POST /login/ HTTP/1.1" 302 0
Internal Server Error: /dashboard/
Traceback (most recent call last):
  File "C:\Users\Chenchen\OneDrive\Documents\GitHub\DjangoProject\Paulicode\env\Lib\site-packages\django\db\models\fields\__init__.py", line 2070, in to_python
    return int(value)
ValueError: invalid literal for int() with base 10: 'C-2023-0000'

During handling of the above exception, another exception occurred:

Traceback (most recent call last):
  File "C:\Users\Chenchen\OneDrive\Documents\GitHub\DjangoProject\Paulicode\env\Lib\site-packages\django\core\handlers\exception.py", line 55, in inner
    response = get_response(request)
  File "C:\Users\Chenchen\OneDrive\Documents\GitHub\DjangoProject\Paulicode\env\Lib\site-packages\django\core\handlers\base.py", line 197, in _get_response
    response = wrapped_callback(request, *callback_args, **callback_kwargs)
  File "C:\Users\Chenchen\OneDrive\Documents\GitHub\DjangoProject\Paulicode\env\Lib\site-packages\django\contrib\auth\decorators.py", line 22, in _wrapper_view
    if test_func(request.user):
       ~~~~~~~~~^^^^^^^^^^^^^^
  File "C:\Users\Chenchen\OneDrive\Documents\GitHub\DjangoProject\Paulicode\env\Lib\site-packages\django\contrib\auth\decorators.py", line 51, in <lambda>
    lambda u: u.is_authenticated,
              ^^^^^^^^^^^^^^^^^^
  File "C:\Users\Chenchen\OneDrive\Documents\GitHub\DjangoProject\Paulicode\env\Lib\site-packages\django\utils\functional.py", line 266, in inner
    self._setup()
    ~~~~~~~~~~~^^
  File "C:\Users\Chenchen\OneDrive\Documents\GitHub\DjangoProject\Paulicode\env\Lib\site-packages\django\utils\functional.py", line 419, in _setup
    self._wrapped = self._setupfunc()
                    ~~~~~~~~~~~~~~~^^
  File "C:\Users\Chenchen\OneDrive\Documents\GitHub\DjangoProject\Paulicode\env\Lib\site-packages\django\contrib\auth\middleware.py", line 25, in <lambda>
    request.user = SimpleLazyObject(lambda: get_user(request))
                                            ~~~~~~~~^^^^^^^^^
  File "C:\Users\Chenchen\OneDrive\Documents\GitHub\DjangoProject\Paulicode\env\Lib\site-packages\django\contrib\auth\middleware.py", line 11, in get_user
    request._cached_user = auth.get_user(request)
                           ~~~~~~~~~~~~~^^^^^^^^^
  File "C:\Users\Chenchen\OneDrive\Documents\GitHub\DjangoProject\Paulicode\env\Lib\site-packages\django\contrib\auth\__init__.py", line 191, in get_user
    user_id = _get_user_session_key(request)
  File "C:\Users\Chenchen\OneDrive\Documents\GitHub\DjangoProject\Paulicode\env\Lib\site-packages\django\contrib\auth\__init__.py", line 60, in _get_user_session_key
    return get_user_model()._meta.pk.to_python(request.session[SESSION_KEY])
           ~~~~~~~~~~~~~~~~~~~~~~~~~~~~~~~~~~~^^^^^^^^^^^^^^^^^^^^^^^^^^^^^^
  File "C:\Users\Chenchen\OneDrive\Documents\GitHub\DjangoProject\Paulicode\env\Lib\site-packages\django\db\models\fields\__init__.py", line 2072, in to_python
    raise exceptions.ValidationError(
    ...<3 lines>...
    )
django.core.exceptions.ValidationError: ['“C-2023-0000” value must be an integer.']
"GET /dashboard/ HTTP/1.1" 500 110780
C:\Users\Chenchen\OneDrive\Documents\GitHub\DjangoProject\PauliCode\User\views.py changed, reloading.
Watching for file changes with StatReloader
Internal Server Error: /dashboard/
Traceback (most recent call last):
  File "C:\Users\Chenchen\OneDrive\Documents\GitHub\DjangoProject\Paulicode\env\Lib\site-packages\django\db\models\fields\__init__.py", line 2070, in to_python
    return int(value)
ValueError: invalid literal for int() with base 10: 'C-2023-0000'

During handling of the above exception, another exception occurred:

Traceback (most recent call last):
  File "C:\Users\Chenchen\OneDrive\Documents\GitHub\DjangoProject\Paulicode\env\Lib\site-packages\django\core\handlers\exception.py", line 55, in inner
    response = get_response(request)
  File "C:\Users\Chenchen\OneDrive\Documents\GitHub\DjangoProject\Paulicode\env\Lib\site-packages\django\core\handlers\base.py", line 197, in _get_response
    response = wrapped_callback(request, *callback_args, **callback_kwargs)
  File "C:\Users\Chenchen\OneDrive\Documents\GitHub\DjangoProject\Paulicode\env\Lib\site-packages\django\contrib\auth\decorators.py", line 22, in _wrapper_view
    if test_func(request.user):
       ~~~~~~~~~^^^^^^^^^^^^^^
  File "C:\Users\Chenchen\OneDrive\Documents\GitHub\DjangoProject\Paulicode\env\Lib\site-packages\django\contrib\auth\decorators.py", line 51, in <lambda>
    lambda u: u.is_authenticated,
              ^^^^^^^^^^^^^^^^^^
  File "C:\Users\Chenchen\OneDrive\Documents\GitHub\DjangoProject\Paulicode\env\Lib\site-packages\django\utils\functional.py", line 266, in inner
    self._setup()
    ~~~~~~~~~~~^^
  File "C:\Users\Chenchen\OneDrive\Documents\GitHub\DjangoProject\Paulicode\env\Lib\site-packages\django\utils\functional.py", line 419, in _setup
    self._wrapped = self._setupfunc()
                    ~~~~~~~~~~~~~~~^^
  File "C:\Users\Chenchen\OneDrive\Documents\GitHub\DjangoProject\Paulicode\env\Lib\site-packages\django\contrib\auth\middleware.py", line 25, in <lambda>
    request.user = SimpleLazyObject(lambda: get_user(request))
                                            ~~~~~~~~^^^^^^^^^
  File "C:\Users\Chenchen\OneDrive\Documents\GitHub\DjangoProject\Paulicode\env\Lib\site-packages\django\contrib\auth\middleware.py", line 11, in get_user
    request._cached_user = auth.get_user(request)
                           ~~~~~~~~~~~~~^^^^^^^^^
  File "C:\Users\Chenchen\OneDrive\Documents\GitHub\DjangoProject\Paulicode\env\Lib\site-packages\django\contrib\auth\__init__.py", line 191, in get_user
    user_id = _get_user_session_key(request)
  File "C:\Users\Chenchen\OneDrive\Documents\GitHub\DjangoProject\Paulicode\env\Lib\site-packages\django\contrib\auth\__init__.py", line 60, in _get_user_session_key
    return get_user_model()._meta.pk.to_python(request.session[SESSION_KEY])
           ~~~~~~~~~~~~~~~~~~~~~~~~~~~~~~~~~~~^^^^^^^^^^^^^^^^^^^^^^^^^^^^^^
  File "C:\Users\Chenchen\OneDrive\Documents\GitHub\DjangoProject\Paulicode\env\Lib\site-packages\django\db\models\fields\__init__.py", line 2072, in to_python
    raise exceptions.ValidationError(
    ...<3 lines>...
    )
django.core.exceptions.ValidationError: ['“C-2023-0000” value must be an integer.']
"GET /dashboard/ HTTP/1.1" 500 110780
Internal Server Error: /dashboard/
Traceback (most recent call last):
  File "C:\Users\Chenchen\OneDrive\Documents\GitHub\DjangoProject\Paulicode\env\Lib\site-packages\django\db\models\fields\__init__.py", line 2070, in to_python
    return int(value)
ValueError: invalid literal for int() with base 10: 'C-2023-0000'

During handling of the above exception, another exception occurred:

Traceback (most recent call last):
  File "C:\Users\Chenchen\OneDrive\Documents\GitHub\DjangoProject\Paulicode\env\Lib\site-packages\django\core\handlers\exception.py", line 55, in inner
    response = get_response(request)
  File "C:\Users\Chenchen\OneDrive\Documents\GitHub\DjangoProject\Paulicode\env\Lib\site-packages\django\core\handlers\base.py", line 197, in _get_response
    response = wrapped_callback(request, *callback_args, **callback_kwargs)
  File "C:\Users\Chenchen\OneDrive\Documents\GitHub\DjangoProject\Paulicode\env\Lib\site-packages\django\contrib\auth\decorators.py", line 22, in _wrapper_view
    if test_func(request.user):
       ~~~~~~~~~^^^^^^^^^^^^^^
  File "C:\Users\Chenchen\OneDrive\Documents\GitHub\DjangoProject\Paulicode\env\Lib\site-packages\django\contrib\auth\decorators.py", line 51, in <lambda>
    lambda u: u.is_authenticated,
              ^^^^^^^^^^^^^^^^^^
  File "C:\Users\Chenchen\OneDrive\Documents\GitHub\DjangoProject\Paulicode\env\Lib\site-packages\django\utils\functional.py", line 266, in inner
    self._setup()
    ~~~~~~~~~~~^^
  File "C:\Users\Chenchen\OneDrive\Documents\GitHub\DjangoProject\Paulicode\env\Lib\site-packages\django\utils\functional.py", line 419, in _setup
    self._wrapped = self._setupfunc()
                    ~~~~~~~~~~~~~~~^^
  File "C:\Users\Chenchen\OneDrive\Documents\GitHub\DjangoProject\Paulicode\env\Lib\site-packages\django\contrib\auth\middleware.py", line 25, in <lambda>
    request.user = SimpleLazyObject(lambda: get_user(request))
                                            ~~~~~~~~^^^^^^^^^
  File "C:\Users\Chenchen\OneDrive\Documents\GitHub\DjangoProject\Paulicode\env\Lib\site-packages\django\contrib\auth\middleware.py", line 11, in get_user
    request._cached_user = auth.get_user(request)
                           ~~~~~~~~~~~~~^^^^^^^^^
  File "C:\Users\Chenchen\OneDrive\Documents\GitHub\DjangoProject\Paulicode\env\Lib\site-packages\django\contrib\auth\__init__.py", line 191, in get_user
    user_id = _get_user_session_key(request)
  File "C:\Users\Chenchen\OneDrive\Documents\GitHub\DjangoProject\Paulicode\env\Lib\site-packages\django\contrib\auth\__init__.py", line 60, in _get_user_session_key
    return get_user_model()._meta.pk.to_python(request.session[SESSION_KEY])
           ~~~~~~~~~~~~~~~~~~~~~~~~~~~~~~~~~~~^^^^^^^^^^^^^^^^^^^^^^^^^^^^^^
  File "C:\Users\Chenchen\OneDrive\Documents\GitHub\DjangoProject\Paulicode\env\Lib\site-packages\django\db\models\fields\__init__.py", line 2072, in to_python
    raise exceptions.ValidationError(
    ...<3 lines>...
    )
django.core.exceptions.ValidationError: ['“C-2023-0000” value must be an integer.']
"GET /dashboard/ HTTP/1.1" 500 110780
C:\Users\Chenchen\OneDrive\Documents\GitHub\DjangoProject\PauliCode\PauliCode\settings.py changed, reloading.
Watching for file changes with StatReloader
C:\Users\Chenchen\OneDrive\Documents\GitHub\DjangoProject\PauliCode\User\models.py changed, reloading.
Watching for file changes with StatReloader
C:\Users\Chenchen\OneDrive\Documents\GitHub\DjangoProject\PauliCode\User\views.py changed, reloading.
Watching for file changes with StatReloader
C:\Users\Chenchen\OneDrive\Documents\GitHub\DjangoProject\PauliCode\User\views.py changed, reloading.
Watching for file changes with StatReloader
C:\Users\Chenchen\OneDrive\Documents\GitHub\DjangoProject\PauliCode\User\views.py changed, reloading.
Watching for file changes with StatReloader
C:\Users\Chenchen\OneDrive\Documents\GitHub\DjangoProject\PauliCode\User\views.py changed, reloading.
Watching for file changes with StatReloader
C:\Users\Chenchen\OneDrive\Documents\GitHub\DjangoProject\PauliCode\User\views.py changed, reloading.
Watching for file changes with StatReloader
C:\Users\Chenchen\OneDrive\Documents\GitHub\DjangoProject\PauliCode\User\views.py changed, reloading.
Watching for file changes with StatReloader
Internal Server Error: /dashboard/
Traceback (most recent call last):
  File "C:\Users\Chenchen\OneDrive\Documents\GitHub\DjangoProject\Paulicode\env\Lib\site-packages\django\db\backends\utils.py", line 89, in _execute
    return self.cursor.execute(sql, params)
           ~~~~~~~~~~~~~~~~~~~^^^^^^^^^^^^^
  File "C:\Users\Chenchen\OneDrive\Documents\GitHub\DjangoProject\Paulicode\env\Lib\site-packages\django\db\backends\mysql\base.py", line 75, in execute
    return self.cursor.execute(query, args)
           ~~~~~~~~~~~~~~~~~~~^^^^^^^^^^^^^
  File "C:\Users\Chenchen\OneDrive\Documents\GitHub\DjangoProject\Paulicode\env\Lib\site-packages\pymysql\cursors.py", line 153, in execute
    result = self._query(query)
  File "C:\Users\Chenchen\OneDrive\Documents\GitHub\DjangoProject\Paulicode\env\Lib\site-packages\pymysql\cursors.py", line 322, in _query
    conn.query(q)
    ~~~~~~~~~~^^^
  File "C:\Users\Chenchen\OneDrive\Documents\GitHub\DjangoProject\Paulicode\env\Lib\site-packages\pymysql\connections.py", line 575, in query
    self._affected_rows = self._read_query_result(unbuffered=unbuffered)
                          ~~~~~~~~~~~~~~~~~~~~~~~^^^^^^^^^^^^^^^^^^^^^^^
  File "C:\Users\Chenchen\OneDrive\Documents\GitHub\DjangoProject\Paulicode\env\Lib\site-packages\pymysql\connections.py", line 826, in _read_query_result
    result.read()
    ~~~~~~~~~~~^^
  File "C:\Users\Chenchen\OneDrive\Documents\GitHub\DjangoProject\Paulicode\env\Lib\site-packages\pymysql\connections.py", line 1203, in read
    first_packet = self.connection._read_packet()
  File "C:\Users\Chenchen\OneDrive\Documents\GitHub\DjangoProject\Paulicode\env\Lib\site-packages\pymysql\connections.py", line 782, in _read_packet
    packet.raise_for_error()
    ~~~~~~~~~~~~~~~~~~~~~~^^
  File "C:\Users\Chenchen\OneDrive\Documents\GitHub\DjangoProject\Paulicode\env\Lib\site-packages\pymysql\protocol.py", line 219, in raise_for_error
    err.raise_mysql_exception(self._data)
    ~~~~~~~~~~~~~~~~~~~~~~~~~^^^^^^^^^^^^
  File "C:\Users\Chenchen\OneDrive\Documents\GitHub\DjangoProject\Paulicode\env\Lib\site-packages\pymysql\err.py", line 150, in raise_mysql_exception
    raise errorclass(errno, errval)
pymysql.err.OperationalError: (1054, "Unknown column 'user.is_active' in 'field list'")

The above exception was the direct cause of the following exception:

Traceback (most recent call last):
  File "C:\Users\Chenchen\OneDrive\Documents\GitHub\DjangoProject\Paulicode\env\Lib\site-packages\django\core\handlers\exception.py", line 55, in inner
    response = get_response(request)
  File "C:\Users\Chenchen\OneDrive\Documents\GitHub\DjangoProject\Paulicode\env\Lib\site-packages\django\core\handlers\base.py", line 197, in _get_response
    response = wrapped_callback(request, *callback_args, **callback_kwargs)
  File "C:\Users\Chenchen\OneDrive\Documents\GitHub\DjangoProject\Paulicode\env\Lib\site-packages\django\contrib\auth\decorators.py", line 22, in _wrapper_view
    if test_func(request.user):
       ~~~~~~~~~^^^^^^^^^^^^^^
  File "C:\Users\Chenchen\OneDrive\Documents\GitHub\DjangoProject\Paulicode\env\Lib\site-packages\django\contrib\auth\decorators.py", line 51, in <lambda>
    lambda u: u.is_authenticated,
              ^^^^^^^^^^^^^^^^^^
  File "C:\Users\Chenchen\OneDrive\Documents\GitHub\DjangoProject\Paulicode\env\Lib\site-packages\django\utils\functional.py", line 266, in inner
    self._setup()
    ~~~~~~~~~~~^^
  File "C:\Users\Chenchen\OneDrive\Documents\GitHub\DjangoProject\Paulicode\env\Lib\site-packages\django\utils\functional.py", line 419, in _setup
    self._wrapped = self._setupfunc()
                    ~~~~~~~~~~~~~~~^^
  File "C:\Users\Chenchen\OneDrive\Documents\GitHub\DjangoProject\Paulicode\env\Lib\site-packages\django\contrib\auth\middleware.py", line 25, in <lambda>
    request.user = SimpleLazyObject(lambda: get_user(request))
                                            ~~~~~~~~^^^^^^^^^
  File "C:\Users\Chenchen\OneDrive\Documents\GitHub\DjangoProject\Paulicode\env\Lib\site-packages\django\contrib\auth\middleware.py", line 11, in get_user
    request._cached_user = auth.get_user(request)
                           ~~~~~~~~~~~~~^^^^^^^^^
  File "C:\Users\Chenchen\OneDrive\Documents\GitHub\DjangoProject\Paulicode\env\Lib\site-packages\django\contrib\auth\__init__.py", line 198, in get_user
    user = backend.get_user(user_id)
  File "C:\Users\Chenchen\OneDrive\Documents\GitHub\DjangoProject\paulicode\User\auth_backend.py", line 51, in get_user
    return User.objects.get(school_id=user_id)
           ~~~~~~~~~~~~~~~~^^^^^^^^^^^^^^^^^^^
  File "C:\Users\Chenchen\OneDrive\Documents\GitHub\DjangoProject\Paulicode\env\Lib\site-packages\django\db\models\manager.py", line 87, in manager_method
    return getattr(self.get_queryset(), name)(*args, **kwargs)
           ~~~~~~~~~~~~~~~~~~~~~~~~~~~~~~~~~~^^^^^^^^^^^^^^^^^
  File "C:\Users\Chenchen\OneDrive\Documents\GitHub\DjangoProject\Paulicode\env\Lib\site-packages\django\db\models\query.py", line 633, in get
    num = len(clone)
  File "C:\Users\Chenchen\OneDrive\Documents\GitHub\DjangoProject\Paulicode\env\Lib\site-packages\django\db\models\query.py", line 380, in __len__
    self._fetch_all()
    ~~~~~~~~~~~~~~~^^
  File "C:\Users\Chenchen\OneDrive\Documents\GitHub\DjangoProject\Paulicode\env\Lib\site-packages\django\db\models\query.py", line 1881, in _fetch_all
    self._result_cache = list(self._iterable_class(self))
                         ~~~~^^^^^^^^^^^^^^^^^^^^^^^^^^^^
  File "C:\Users\Chenchen\OneDrive\Documents\GitHub\DjangoProject\Paulicode\env\Lib\site-packages\django\db\models\query.py", line 91, in __iter__
    results = compiler.execute_sql(
        chunked_fetch=self.chunked_fetch, chunk_size=self.chunk_size
    )
  File "C:\Users\Chenchen\OneDrive\Documents\GitHub\DjangoProject\Paulicode\env\Lib\site-packages\django\db\models\sql\compiler.py", line 1562, in execute_sql
    cursor.execute(sql, params)
    ~~~~~~~~~~~~~~^^^^^^^^^^^^^
  File "C:\Users\Chenchen\OneDrive\Documents\GitHub\DjangoProject\Paulicode\env\Lib\site-packages\django\db\backends\utils.py", line 102, in execute
    return super().execute(sql, params)
           ~~~~~~~~~~~~~~~^^^^^^^^^^^^^
  File "C:\Users\Chenchen\OneDrive\Documents\GitHub\DjangoProject\Paulicode\env\Lib\site-packages\django\db\backends\utils.py", line 67, in execute
    return self._execute_with_wrappers(
           ~~~~~~~~~~~~~~~~~~~~~~~~~~~^
        sql, params, many=False, executor=self._execute
        ^^^^^^^^^^^^^^^^^^^^^^^^^^^^^^^^^^^^^^^^^^^^^^^
    )
    ^
  File "C:\Users\Chenchen\OneDrive\Documents\GitHub\DjangoProject\Paulicode\env\Lib\site-packages\django\db\backends\utils.py", line 80, in _execute_with_wrappers
    return executor(sql, params, many, context)
  File "C:\Users\Chenchen\OneDrive\Documents\GitHub\DjangoProject\Paulicode\env\Lib\site-packages\django\db\backends\utils.py", line 84, in _execute
    with self.db.wrap_database_errors:
         ^^^^^^^^^^^^^^^^^^^^^^^^^^^^
  File "C:\Users\Chenchen\OneDrive\Documents\GitHub\DjangoProject\Paulicode\env\Lib\site-packages\django\db\utils.py", line 91, in __exit__
    raise dj_exc_value.with_traceback(traceback) from exc_value
  File "C:\Users\Chenchen\OneDrive\Documents\GitHub\DjangoProject\Paulicode\env\Lib\site-packages\django\db\backends\utils.py", line 89, in _execute
    return self.cursor.execute(sql, params)
           ~~~~~~~~~~~~~~~~~~~^^^^^^^^^^^^^
  File "C:\Users\Chenchen\OneDrive\Documents\GitHub\DjangoProject\Paulicode\env\Lib\site-packages\django\db\backends\mysql\base.py", line 75, in execute
    return self.cursor.execute(query, args)
           ~~~~~~~~~~~~~~~~~~~^^^^^^^^^^^^^
  File "C:\Users\Chenchen\OneDrive\Documents\GitHub\DjangoProject\Paulicode\env\Lib\site-packages\pymysql\cursors.py", line 153, in execute
    result = self._query(query)
  File "C:\Users\Chenchen\OneDrive\Documents\GitHub\DjangoProject\Paulicode\env\Lib\site-packages\pymysql\cursors.py", line 322, in _query
    conn.query(q)
    ~~~~~~~~~~^^^
  File "C:\Users\Chenchen\OneDrive\Documents\GitHub\DjangoProject\Paulicode\env\Lib\site-packages\pymysql\connections.py", line 575, in query
    self._affected_rows = self._read_query_result(unbuffered=unbuffered)
                          ~~~~~~~~~~~~~~~~~~~~~~~^^^^^^^^^^^^^^^^^^^^^^^
  File "C:\Users\Chenchen\OneDrive\Documents\GitHub\DjangoProject\Paulicode\env\Lib\site-packages\pymysql\connections.py", line 826, in _read_query_result
    result.read()
    ~~~~~~~~~~~^^
  File "C:\Users\Chenchen\OneDrive\Documents\GitHub\DjangoProject\Paulicode\env\Lib\site-packages\pymysql\connections.py", line 1203, in read
    first_packet = self.connection._read_packet()
  File "C:\Users\Chenchen\OneDrive\Documents\GitHub\DjangoProject\Paulicode\env\Lib\site-packages\pymysql\connections.py", line 782, in _read_packet
    packet.raise_for_error()
    ~~~~~~~~~~~~~~~~~~~~~~^^
  File "C:\Users\Chenchen\OneDrive\Documents\GitHub\DjangoProject\Paulicode\env\Lib\site-packages\pymysql\protocol.py", line 219, in raise_for_error
    err.raise_mysql_exception(self._data)
    ~~~~~~~~~~~~~~~~~~~~~~~~~^^^^^^^^^^^^
  File "C:\Users\Chenchen\OneDrive\Documents\GitHub\DjangoProject\Paulicode\env\Lib\site-packages\pymysql\err.py", line 150, in raise_mysql_exception
    raise errorclass(errno, errval)
django.db.utils.OperationalError: (1054, "Unknown column 'user.is_active' in 'field list'")
"GET /dashboard/ HTTP/1.1" 500 241506
Watching for file changes with StatReloader
"GET /dashboard/ HTTP/1.1" 302 0
"GET /?next=/dashboard/ HTTP/1.1" 200 22090
"GET /static/js/core/popper.min.js HTTP/1.1" 404 1822
"GET /static/js/core/bootstrap.min.js HTTP/1.1" 404 1831
"GET /static/js/plugins/perfect-scrollbar.min.js HTTP/1.1" 404 1864
"GET /static/js/plugins/smooth-scrollbar.min.js HTTP/1.1" 404 1861
"GET /static/js/plugins/chartjs.min.js HTTP/1.1" 404 1834
"GET /static/js/argon-dashboard.min.js HTTP/1.1" 404 1834
"GET /?next=/dashboard/ HTTP/1.1" 200 21605
"POST /login/ HTTP/1.1" 302 0
"GET /dashboard/ HTTP/1.1" 200 47242
Not Found: /media/profile_pic/default.png
"GET /media/profile_pic/default.png HTTP/1.1" 404 8706
"GET /static/js/core/popper.min.js HTTP/1.1" 404 1822
"GET /static/js/core/bootstrap.min.js HTTP/1.1" 404 1831
"GET /static/js/plugins/perfect-scrollbar.min.js HTTP/1.1" 404 1864
"GET /static/js/plugins/smooth-scrollbar.min.js HTTP/1.1" 404 1861
"GET /static/js/plugins/chartjs.min.js HTTP/1.1" 404 1834
"GET /static/js/argon-dashboard.min.js HTTP/1.1" 404 1834
"GET /static/img/dashboardIcon.png HTTP/1.1" 200 10184
"GET /static/img/blackboardIcon.png HTTP/1.1" 200 8431
"GET /static/img/reportIcon.png HTTP/1.1" 200 19011
"GET /static/img/teacherwand.png HTTP/1.1" 200 16015
Not Found: /media/profile_pic/default.png
"GET /media/profile_pic/default.png HTTP/1.1" 404 8706
"GET /dashboard/ HTTP/1.1" 200 46757
"GET /dashboard/ HTTP/1.1" 200 46757
"GET /static/js/core/popper.min.js HTTP/1.1" 404 1822
"GET /static/js/core/bootstrap.min.js HTTP/1.1" 404 1831
"GET /static/js/plugins/perfect-scrollbar.min.js HTTP/1.1" 404 1864
"GET /media/profile_pic/default.png HTTP/1.1" 200 298184
"GET /static/js/plugins/smooth-scrollbar.min.js HTTP/1.1" 404 1861
"GET /static/js/plugins/chartjs.min.js HTTP/1.1" 404 1834
"GET /static/js/argon-dashboard.min.js HTTP/1.1" 404 1834
"GET /dashboard/ HTTP/1.1" 200 46757
"GET /code-playground/ HTTP/1.1" 200 81677
"GET /static/js/core/popper.min.js HTTP/1.1" 404 1822
"GET /static/js/core/bootstrap.min.js HTTP/1.1" 404 1831
"GET /static/js/plugins/perfect-scrollbar.min.js HTTP/1.1" 404 1864
"GET /static/js/plugins/smooth-scrollbar.min.js HTTP/1.1" 404 1861
"GET /static/js/plugins/chartjs.min.js HTTP/1.1" 404 1834
"GET /static/js/argon-dashboard.min.js HTTP/1.1" 404 1834
"GET /MyClasses/ HTTP/1.1" 200 62153
"GET /static/js/core/popper.min.js HTTP/1.1" 404 1822
"GET /static/js/core/bootstrap.min.js HTTP/1.1" 404 1831
"GET /static/js/plugins/perfect-scrollbar.min.js HTTP/1.1" 404 1864
"GET /static/js/plugins/smooth-scrollbar.min.js HTTP/1.1" 404 1861
"GET /static/js/plugins/chartjs.min.js HTTP/1.1" 404 1834
"GET /static/img/plusIcon.png HTTP/1.1" 200 68669
"GET /static/js/argon-dashboard.min.js HTTP/1.1" 404 1834
"GET /MyClasses/ HTTP/1.1" 200 62153
"GET /dashboard/ HTTP/1.1" 200 46757
"GET /static/js/core/bootstrap.min.js HTTP/1.1" 404 1831
"GET /static/js/core/popper.min.js HTTP/1.1" 404 1822
"GET /static/js/plugins/perfect-scrollbar.min.js HTTP/1.1" 404 1864
"GET /static/js/plugins/smooth-scrollbar.min.js HTTP/1.1" 404 1861
"GET /static/js/plugins/chartjs.min.js HTTP/1.1" 404 1834
"GET /static/js/argon-dashboard.min.js HTTP/1.1" 404 1834
"GET /dashboard/ HTTP/1.1" 200 46757
"GET /MyClasses/ HTTP/1.1" 200 62153
"GET /static/js/core/bootstrap.min.js HTTP/1.1" 404 1831
"GET /static/js/core/popper.min.js HTTP/1.1" 404 1822
"GET /static/js/plugins/perfect-scrollbar.min.js HTTP/1.1" 404 1864
"GET /static/js/plugins/smooth-scrollbar.min.js HTTP/1.1" 404 1861
"GET /static/js/plugins/chartjs.min.js HTTP/1.1" 404 1834
"GET /static/js/argon-dashboard.min.js HTTP/1.1" 404 1834
"GET /MyClasses/ HTTP/1.1" 200 62153
"GET /MyClasses/ HTTP/1.1" 200 64360
"GET /static/js/core/popper.min.js HTTP/1.1" 404 1822
"GET /static/js/core/bootstrap.min.js HTTP/1.1" 404 1831
"GET /static/js/plugins/smooth-scrollbar.min.js HTTP/1.1" 404 1861
"GET /static/js/plugins/perfect-scrollbar.min.js HTTP/1.1" 404 1864
"GET /static/js/argon-dashboard.min.js HTTP/1.1" 404 1834
"GET /static/js/plugins/chartjs.min.js HTTP/1.1" 404 1834
"GET /MyClasses/ HTTP/1.1" 200 64360
C:\Users\Chenchen\OneDrive\Documents\GitHub\DjangoProject\PauliCode\User\views.py changed, reloading.
Watching for file changes with StatReloader
C:\Users\Chenchen\OneDrive\Documents\GitHub\DjangoProject\PauliCode\User\views.py changed, reloading.
Watching for file changes with StatReloader
C:\Users\Chenchen\OneDrive\Documents\GitHub\DjangoProject\PauliCode\User\models.py changed, reloading.
Watching for file changes with StatReloader
Watching for file changes with StatReloader
"GET / HTTP/1.1" 200 21605
"GET /static/img/loadingIcon.webp HTTP/1.1" 200 42646
"GET /static/img/PCodeLogo.svg HTTP/1.1" 200 12486
"GET /static/js/argon-dashboard.min.js HTTP/1.1" 404 1834
"GET /static/js/plugins/perfect-scrollbar.min.js HTTP/1.1" 404 1864
"GET /static/js/core/bootstrap.min.js HTTP/1.1" 404 1831
"GET /static/js/core/popper.min.js HTTP/1.1" 404 1822
"GET /static/js/plugins/smooth-scrollbar.min.js HTTP/1.1" 404 1861
"GET /static/js/plugins/chartjs.min.js HTTP/1.1" 404 1834
"GET / HTTP/1.1" 200 21605
"GET /static/img/favicon.ico HTTP/1.1" 200 4286
"POST /login/ HTTP/1.1" 302 0
"GET /dashboard/ HTTP/1.1" 200 47242
"GET /static/img/dashboardIcon.png HTTP/1.1" 200 10184
"GET /static/js/core/popper.min.js HTTP/1.1" 404 1822
"GET /media/profile_pic/default.png HTTP/1.1" 200 298184
"GET /static/js/core/bootstrap.min.js HTTP/1.1" 404 1831
"GET /static/js/plugins/perfect-scrollbar.min.js HTTP/1.1" 404 1864
"GET /static/js/plugins/smooth-scrollbar.min.js HTTP/1.1" 404 1861
"GET /static/js/plugins/chartjs.min.js HTTP/1.1" 404 1834
"GET /static/js/argon-dashboard.min.js HTTP/1.1" 404 1834
"GET /static/img/blackboardIcon.png HTTP/1.1" 200 8431
"GET /static/img/reportIcon.png HTTP/1.1" 200 19011
"GET /static/img/teacherwand.png HTTP/1.1" 200 16015
"GET /static/img/progressIcon.png HTTP/1.1" 200 181081
"GET /static/img/PendingIC.png HTTP/1.1" 200 293839
"GET /dashboard/ HTTP/1.1" 200 46757
"GET /MyClasses/ HTTP/1.1" 200 64360
"GET /static/js/core/popper.min.js HTTP/1.1" 404 1822
"GET /static/js/core/bootstrap.min.js HTTP/1.1" 404 1831
"GET /static/js/plugins/perfect-scrollbar.min.js HTTP/1.1" 404 1864
"GET /static/img/plusIcon.png HTTP/1.1" 200 68669
"GET /static/js/plugins/chartjs.min.js HTTP/1.1" 404 1834
"GET /static/js/plugins/smooth-scrollbar.min.js HTTP/1.1" 404 1861
"GET /static/js/argon-dashboard.min.js HTTP/1.1" 404 1834
"GET /MyClasses/ HTTP/1.1" 200 64360
"POST /create-class/ HTTP/1.1" 302 0
"GET /MyClasses/ HTTP/1.1" 200 67117
"GET /static/js/core/popper.min.js HTTP/1.1" 404 1822
"GET /static/js/core/bootstrap.min.js HTTP/1.1" 404 1831
"GET /static/js/plugins/perfect-scrollbar.min.js HTTP/1.1" 404 1864
"GET /static/js/plugins/smooth-scrollbar.min.js HTTP/1.1" 404 1861
"GET /static/js/argon-dashboard.min.js HTTP/1.1" 404 1834
"GET /static/js/plugins/chartjs.min.js HTTP/1.1" 404 1834
"GET /media/class_icons/Gemini_Generated_Image_tqim57tqim57tqim.png HTTP/1.1" 200 1261532
"GET /MyClasses/ HTTP/1.1" 200 66632
"GET /class/1/ HTTP/1.1" 200 69213
"GET /static/js/core/popper.min.js HTTP/1.1" 404 1822
"GET /static/js/core/bootstrap.min.js HTTP/1.1" 404 1831
"GET /static/img/deleteIcon.png HTTP/1.1" 200 38659
"GET /static/js/plugins/perfect-scrollbar.min.js HTTP/1.1" 404 1864
"GET /static/js/plugins/smooth-scrollbar.min.js HTTP/1.1" 404 1861
"GET /static/js/plugins/chartjs.min.js HTTP/1.1" 404 1834
"GET /static/js/argon-dashboard.min.js HTTP/1.1" 404 1834
"GET /static/img/problemsIcon.png HTTP/1.1" 200 132692
"GET /class/1/ HTTP/1.1" 200 69213
"GET /static/js/core/popper.min.js HTTP/1.1" 404 1822
"GET /static/js/core/bootstrap.min.js HTTP/1.1" 404 1831
"GET /static/js/plugins/perfect-scrollbar.min.js HTTP/1.1" 404 1864
"GET /static/js/plugins/smooth-scrollbar.min.js HTTP/1.1" 404 1861
"GET /static/js/plugins/chartjs.min.js HTTP/1.1" 404 1834
"GET /static/js/argon-dashboard.min.js HTTP/1.1" 404 1834
"GET /delete-class/1/ HTTP/1.1" 302 0
"GET /MyClasses/ HTTP/1.1" 200 64845
"GET /static/js/core/bootstrap.min.js HTTP/1.1" 404 1831
"GET /static/js/core/popper.min.js HTTP/1.1" 404 1822
"GET /static/js/plugins/perfect-scrollbar.min.js HTTP/1.1" 404 1864
"GET /static/js/plugins/smooth-scrollbar.min.js HTTP/1.1" 404 1861
"GET /static/js/plugins/chartjs.min.js HTTP/1.1" 404 1834
"GET /static/js/argon-dashboard.min.js HTTP/1.1" 404 1834
"GET /MyClasses/ HTTP/1.1" 200 64360
"POST /create-class/ HTTP/1.1" 302 0
"GET /MyClasses/ HTTP/1.1" 200 67125
"GET /static/js/core/popper.min.js HTTP/1.1" 404 1822
"GET /static/js/core/bootstrap.min.js HTTP/1.1" 404 1831
"GET /static/js/plugins/perfect-scrollbar.min.js HTTP/1.1" 404 1864
"GET /static/js/plugins/smooth-scrollbar.min.js HTTP/1.1" 404 1861
"GET /static/js/plugins/chartjs.min.js HTTP/1.1" 404 1834
"GET /static/js/argon-dashboard.min.js HTTP/1.1" 404 1834
"GET /media/class_icons/Gemini_Generated_Image_tqim57tqim57tqim_9nz7EtH.png HTTP/1.1" 200 1261532
"GET /MyClasses/ HTTP/1.1" 200 66640
"GET /class/2/ HTTP/1.1" 200 69213
"GET /static/js/core/popper.min.js HTTP/1.1" 404 1822
"GET /static/js/core/bootstrap.min.js HTTP/1.1" 404 1831
"GET /static/js/plugins/perfect-scrollbar.min.js HTTP/1.1" 404 1864
"GET /static/js/plugins/smooth-scrollbar.min.js HTTP/1.1" 404 1861
"GET /static/js/argon-dashboard.min.js HTTP/1.1" 404 1834
"GET /static/js/plugins/chartjs.min.js HTTP/1.1" 404 1834
"GET /class/2/ HTTP/1.1" 200 69213
"GET /static/js/core/popper.min.js HTTP/1.1" 404 1822
"GET /static/js/core/bootstrap.min.js HTTP/1.1" 404 1831
"GET /static/js/plugins/perfect-scrollbar.min.js HTTP/1.1" 404 1864
"GET /static/js/plugins/smooth-scrollbar.min.js HTTP/1.1" 404 1861
"GET /static/js/plugins/chartjs.min.js HTTP/1.1" 404 1834
"GET /static/js/argon-dashboard.min.js HTTP/1.1" 404 1834
Not Found: /.well-known/appspecific/com.chrome.devtools.json
"GET /.well-known/appspecific/com.chrome.devtools.json HTTP/1.1" 404 8516
"GET /class/2/ HTTP/1.1" 200 69213
"GET /static/js/core/popper.min.js HTTP/1.1" 404 1822
"GET /static/js/core/bootstrap.min.js HTTP/1.1" 404 1831
"GET /static/js/plugins/perfect-scrollbar.min.js HTTP/1.1" 404 1864
"GET /static/js/plugins/smooth-scrollbar.min.js HTTP/1.1" 404 1861
Not Found: /.well-known/appspecific/com.chrome.devtools.json
"GET /.well-known/appspecific/com.chrome.devtools.json HTTP/1.1" 404 8516
"GET /static/js/plugins/chartjs.min.js HTTP/1.1" 404 1834
"GET /static/js/argon-dashboard.min.js HTTP/1.1" 404 1834
"GET /MyClasses/ HTTP/1.1" 200 66640
"GET /static/js/core/popper.min.js HTTP/1.1" 404 1822
"GET /static/js/core/bootstrap.min.js HTTP/1.1" 404 1831
"GET /media/class_icons/Gemini_Generated_Image_tqim57tqim57tqim_9nz7EtH.png HTTP/1.1" 304 0
Not Found: /.well-known/appspecific/com.chrome.devtools.json
"GET /.well-known/appspecific/com.chrome.devtools.json HTTP/1.1" 404 8516
"GET /static/js/plugins/perfect-scrollbar.min.js HTTP/1.1" 404 1864
"GET /static/js/plugins/smooth-scrollbar.min.js HTTP/1.1" 404 1861
"GET /static/js/plugins/chartjs.min.js HTTP/1.1" 404 1834
"GET /static/js/argon-dashboard.min.js HTTP/1.1" 404 1834
"GET /MyClasses/ HTTP/1.1" 200 66640
"GET /class/2/ HTTP/1.1" 200 69213
"GET /static/js/core/popper.min.js HTTP/1.1" 404 1822
"GET /static/js/core/bootstrap.min.js HTTP/1.1" 404 1831
Not Found: /.well-known/appspecific/com.chrome.devtools.json
"GET /.well-known/appspecific/com.chrome.devtools.json HTTP/1.1" 404 8516
"GET /static/js/plugins/perfect-scrollbar.min.js HTTP/1.1" 404 1864
"GET /static/js/plugins/smooth-scrollbar.min.js HTTP/1.1" 404 1861
"GET /static/js/plugins/chartjs.min.js HTTP/1.1" 404 1834
"GET /static/js/argon-dashboard.min.js HTTP/1.1" 404 1834
"GET /dashboard/ HTTP/1.1" 200 50824
"GET /static/js/core/popper.min.js HTTP/1.1" 404 1822
"GET /static/js/core/bootstrap.min.js HTTP/1.1" 404 1831
Not Found: /.well-known/appspecific/com.chrome.devtools.json
"GET /.well-known/appspecific/com.chrome.devtools.json HTTP/1.1" 404 8516
"GET /static/js/plugins/perfect-scrollbar.min.js HTTP/1.1" 404 1864
"GET /static/js/plugins/smooth-scrollbar.min.js HTTP/1.1" 404 1861
"GET /static/js/plugins/chartjs.min.js HTTP/1.1" 404 1834
"GET /static/js/argon-dashboard.min.js HTTP/1.1" 404 1834
"GET /static/img/1stCup.svg HTTP/1.1" 200 650077
"GET /static/img/star.png HTTP/1.1" 200 22289
"GET /dashboard/ HTTP/1.1" 200 50824
"GET /MyClasses/ HTTP/1.1" 200 66640
"GET /static/js/core/popper.min.js HTTP/1.1" 404 1822
"GET /static/js/core/bootstrap.min.js HTTP/1.1" 404 1831
"GET /static/js/plugins/perfect-scrollbar.min.js HTTP/1.1" 404 1864
Not Found: /.well-known/appspecific/com.chrome.devtools.json
"GET /.well-known/appspecific/com.chrome.devtools.json HTTP/1.1" 404 8516
"GET /static/js/plugins/smooth-scrollbar.min.js HTTP/1.1" 404 1861
"GET /static/js/plugins/chartjs.min.js HTTP/1.1" 404 1834
"GET /static/js/argon-dashboard.min.js HTTP/1.1" 404 1834
"GET /media/class_icons/Gemini_Generated_Image_tqim57tqim57tqim_9nz7EtH.png HTTP/1.1" 304 0
"GET /MyClasses/ HTTP/1.1" 200 66640
"GET /class/2/ HTTP/1.1" 200 69213
"GET /static/js/core/popper.min.js HTTP/1.1" 404 1822
"GET /static/js/core/bootstrap.min.js HTTP/1.1" 404 1831
Not Found: /.well-known/appspecific/com.chrome.devtools.json
"GET /.well-known/appspecific/com.chrome.devtools.json HTTP/1.1" 404 8516
"GET /static/js/plugins/perfect-scrollbar.min.js HTTP/1.1" 404 1864
"GET /static/js/plugins/smooth-scrollbar.min.js HTTP/1.1" 404 1861
"GET /static/js/plugins/chartjs.min.js HTTP/1.1" 404 1834
"GET /static/js/argon-dashboard.min.js HTTP/1.1" 404 1834
"GET /MyClasses/ HTTP/1.1" 200 66640
Not Found: /.well-known/appspecific/com.chrome.devtools.json
"GET /.well-known/appspecific/com.chrome.devtools.json HTTP/1.1" 404 8516
"GET /class/2/ HTTP/1.1" 200 69213
"GET /static/js/core/popper.min.js HTTP/1.1" 404 1822
"GET /static/js/core/bootstrap.min.js HTTP/1.1" 404 1831
"GET /static/js/plugins/perfect-scrollbar.min.js HTTP/1.1" 404 1864
"GET /static/js/plugins/smooth-scrollbar.min.js HTTP/1.1" 404 1861
"GET /static/js/plugins/chartjs.min.js HTTP/1.1" 404 1834
"GET /static/js/argon-dashboard.min.js HTTP/1.1" 404 1834
C:\Users\Chenchen\OneDrive\Documents\GitHub\DjangoProject\PauliCode\User\views.py changed, reloading.
Watching for file changes with StatReloader
C:\Users\Chenchen\OneDrive\Documents\GitHub\DjangoProject\PauliCode\User\models.py changed, reloading.
Watching for file changes with StatReloader
C:\Users\Chenchen\OneDrive\Documents\GitHub\DjangoProject\PauliCode\User\models.py changed, reloading.
Watching for file changes with StatReloader
C:\Users\Chenchen\OneDrive\Documents\GitHub\DjangoProject\PauliCode\User\models.py changed, reloading.
Watching for file changes with StatReloader
C:\Users\Chenchen\OneDrive\Documents\GitHub\DjangoProject\PauliCode\User\views.py changed, reloading.
Watching for file changes with StatReloader
C:\Users\Chenchen\OneDrive\Documents\GitHub\DjangoProject\PauliCode\User\views.py changed, reloading.
Watching for file changes with StatReloader
"GET /MyClasses/ HTTP/1.1" 200 69925
"GET /media/class_icons/Gemini_Generated_Image_tqim57tqim57tqim_9nz7EtH.png HTTP/1.1" 304 0
"GET /static/js/core/bootstrap.min.js HTTP/1.1" 404 1831
"GET /static/js/core/popper.min.js HTTP/1.1" 404 1822
"GET /static/js/plugins/perfect-scrollbar.min.js HTTP/1.1" 404 1864
"GET /static/js/plugins/smooth-scrollbar.min.js HTTP/1.1" 404 1861
"GET /static/js/plugins/chartjs.min.js HTTP/1.1" 404 1834
"GET /static/js/argon-dashboard.min.js HTTP/1.1" 404 1834
"GET /MyClasses/ HTTP/1.1" 200 69925
"GET /class/2/ HTTP/1.1" 200 69213
"GET /static/js/core/popper.min.js HTTP/1.1" 404 1822
"GET /static/js/core/bootstrap.min.js HTTP/1.1" 404 1831
"GET /static/js/plugins/perfect-scrollbar.min.js HTTP/1.1" 404 1864
"GET /static/js/plugins/smooth-scrollbar.min.js HTTP/1.1" 404 1861
"GET /static/js/plugins/chartjs.min.js HTTP/1.1" 404 1834
"GET /static/js/argon-dashboard.min.js HTTP/1.1" 404 1834
"GET /delete-class/2/ HTTP/1.1" 302 0
"GET /MyClasses/ HTTP/1.1" 200 68130
"GET /static/js/core/popper.min.js HTTP/1.1" 404 1822
"GET /static/js/core/bootstrap.min.js HTTP/1.1" 404 1831
"GET /static/js/plugins/perfect-scrollbar.min.js HTTP/1.1" 404 1864
"GET /static/js/plugins/smooth-scrollbar.min.js HTTP/1.1" 404 1861
"GET /static/js/plugins/chartjs.min.js HTTP/1.1" 404 1834
"GET /static/js/argon-dashboard.min.js HTTP/1.1" 404 1834
"GET /MyClasses/ HTTP/1.1" 200 67645
"POST /create-class/ HTTP/1.1" 302 0
"GET /MyClasses/ HTTP/1.1" 200 70462
"GET /static/js/core/popper.min.js HTTP/1.1" 404 1822
"GET /static/js/core/bootstrap.min.js HTTP/1.1" 404 1831
"GET /static/js/plugins/perfect-scrollbar.min.js HTTP/1.1" 404 1864
"GET /static/js/plugins/smooth-scrollbar.min.js HTTP/1.1" 404 1861
"GET /static/js/plugins/chartjs.min.js HTTP/1.1" 404 1834
"GET /static/js/argon-dashboard.min.js HTTP/1.1" 404 1834
"GET /media/class_icons/Gemini_Generated_Image_tqim57tqim57tqim_FDzubHJ.png HTTP/1.1" 200 1261532
"GET /MyClasses/ HTTP/1.1" 200 69932
"GET /class/3/ HTTP/1.1" 200 77528
"GET /static/js/core/popper.min.js HTTP/1.1" 404 1822
"GET /static/js/core/bootstrap.min.js HTTP/1.1" 404 1831
"GET /static/js/plugins/perfect-scrollbar.min.js HTTP/1.1" 404 1864
"GET /static/js/plugins/smooth-scrollbar.min.js HTTP/1.1" 404 1861
"GET /static/js/plugins/chartjs.min.js HTTP/1.1" 404 1834
"GET /static/js/argon-dashboard.min.js HTTP/1.1" 404 1834
"POST /class/3/add-problem/ HTTP/1.1" 302 0
"GET /class/3/ HTTP/1.1" 200 78929
"GET /static/js/core/bootstrap.min.js HTTP/1.1" 404 1831
"GET /static/js/core/popper.min.js HTTP/1.1" 404 1822
"GET /static/js/plugins/perfect-scrollbar.min.js HTTP/1.1" 404 1864
"GET /static/js/plugins/smooth-scrollbar.min.js HTTP/1.1" 404 1861
"GET /static/js/plugins/chartjs.min.js HTTP/1.1" 404 1834
"GET /static/js/argon-dashboard.min.js HTTP/1.1" 404 1834
"GET /problem/1/details/ HTTP/1.1" 200 248
"GET /problem/1/details/ HTTP/1.1" 200 248
"GET /dashboard/ HTTP/1.1" 200 50824
"GET /static/js/core/bootstrap.min.js HTTP/1.1" 404 1831
"GET /static/js/core/popper.min.js HTTP/1.1" 404 1822
"GET /static/js/plugins/smooth-scrollbar.min.js HTTP/1.1" 404 1861
"GET /static/js/plugins/perfect-scrollbar.min.js HTTP/1.1" 404 1864
"GET /static/js/plugins/chartjs.min.js HTTP/1.1" 404 1834
"GET /static/js/argon-dashboard.min.js HTTP/1.1" 404 1834
"GET /media/class_icons/Gemini_Generated_Image_tqim57tqim57tqim_FDzubHJ.png HTTP/1.1" 304 0
"GET /dashboard/ HTTP/1.1" 200 50824
"POST /logout/ HTTP/1.1" 302 0
"GET / HTTP/1.1" 200 22101
"GET /static/js/core/bootstrap.min.js HTTP/1.1" 404 1831
"GET /static/js/core/popper.min.js HTTP/1.1" 404 1822
"GET /static/js/plugins/perfect-scrollbar.min.js HTTP/1.1" 404 1864
"GET /static/js/plugins/smooth-scrollbar.min.js HTTP/1.1" 404 1861
"GET /static/js/plugins/chartjs.min.js HTTP/1.1" 404 1834
"GET /static/js/argon-dashboard.min.js HTTP/1.1" 404 1834
"GET / HTTP/1.1" 200 21605
"GET /signup/ HTTP/1.1" 200 12208
"GET /static/img/bgIndex.png HTTP/1.1" 200 7594234
"GET /signup/ HTTP/1.1" 200 12208
"POST /signup/ HTTP/1.1" 302 0
"GET / HTTP/1.1" 200 22107
"GET /static/js/core/popper.min.js HTTP/1.1" 404 1822
"GET /static/js/core/bootstrap.min.js HTTP/1.1" 404 1831
"GET /static/js/plugins/perfect-scrollbar.min.js HTTP/1.1" 404 1864
"GET /static/js/plugins/smooth-scrollbar.min.js HTTP/1.1" 404 1861
"GET /static/js/plugins/chartjs.min.js HTTP/1.1" 404 1834
"GET /static/js/argon-dashboard.min.js HTTP/1.1" 404 1834
"GET / HTTP/1.1" 200 21605
"POST /login/ HTTP/1.1" 302 0
Internal Server Error: /StudentDashboard/
Traceback (most recent call last):
  File "C:\Users\Chenchen\OneDrive\Documents\GitHub\DjangoProject\Paulicode\env\Lib\site-packages\django\core\handlers\exception.py", line 55, in inner
    response = get_response(request)
  File "C:\Users\Chenchen\OneDrive\Documents\GitHub\DjangoProject\Paulicode\env\Lib\site-packages\django\core\handlers\base.py", line 197, in _get_response
    response = wrapped_callback(request, *callback_args, **callback_kwargs)
  File "C:\Users\Chenchen\OneDrive\Documents\GitHub\DjangoProject\Paulicode\env\Lib\site-packages\django\contrib\auth\decorators.py", line 23, in _wrapper_view
    return view_func(request, *args, **kwargs)
  File "C:\Users\Chenchen\OneDrive\Documents\GitHub\DjangoProject\paulicode\User\views.py", line 745, in StudentDashboard
    .filter(enrollment__student_id=student)
     ~~~~~~^^^^^^^^^^^^^^^^^^^^^^^^^^^^^^^^
  File "C:\Users\Chenchen\OneDrive\Documents\GitHub\DjangoProject\Paulicode\env\Lib\site-packages\django\db\models\manager.py", line 87, in manager_method
    return getattr(self.get_queryset(), name)(*args, **kwargs)
           ~~~~~~~~~~~~~~~~~~~~~~~~~~~~~~~~~~^^^^^^^^^^^^^^^^^
  File "C:\Users\Chenchen\OneDrive\Documents\GitHub\DjangoProject\Paulicode\env\Lib\site-packages\django\db\models\query.py", line 1436, in filter
    return self._filter_or_exclude(False, args, kwargs)
           ~~~~~~~~~~~~~~~~~~~~~~~^^^^^^^^^^^^^^^^^^^^^
  File "C:\Users\Chenchen\OneDrive\Documents\GitHub\DjangoProject\Paulicode\env\Lib\site-packages\django\db\models\query.py", line 1454, in _filter_or_exclude
    clone._filter_or_exclude_inplace(negate, args, kwargs)
    ~~~~~~~~~~~~~~~~~~~~~~~~~~~~~~~~^^^^^^^^^^^^^^^^^^^^^^
  File "C:\Users\Chenchen\OneDrive\Documents\GitHub\DjangoProject\Paulicode\env\Lib\site-packages\django\db\models\query.py", line 1461, in _filter_or_exclude_inplace
    self._query.add_q(Q(*args, **kwargs))
    ~~~~~~~~~~~~~~~~~^^^^^^^^^^^^^^^^^^^^
  File "C:\Users\Chenchen\OneDrive\Documents\GitHub\DjangoProject\Paulicode\env\Lib\site-packages\django\db\models\sql\query.py", line 1545, in add_q
    clause, _ = self._add_q(q_object, self.used_aliases)
                ~~~~~~~~~~~^^^^^^^^^^^^^^^^^^^^^^^^^^^^^
  File "C:\Users\Chenchen\OneDrive\Documents\GitHub\DjangoProject\Paulicode\env\Lib\site-packages\django\db\models\sql\query.py", line 1576, in _add_q
    child_clause, needed_inner = self.build_filter(
                                 ~~~~~~~~~~~~~~~~~^
        child,
        ^^^^^^
    ...<6 lines>...
        summarize=summarize,
        ^^^^^^^^^^^^^^^^^^^^
    )
    ^
  File "C:\Users\Chenchen\OneDrive\Documents\GitHub\DjangoProject\Paulicode\env\Lib\site-packages\django\db\models\sql\query.py", line 1426, in build_filter
    lookups, parts, reffed_expression = self.solve_lookup_type(arg, summarize)
                                        ~~~~~~~~~~~~~~~~~~~~~~^^^^^^^^^^^^^^^^
  File "C:\Users\Chenchen\OneDrive\Documents\GitHub\DjangoProject\Paulicode\env\Lib\site-packages\django\db\models\sql\query.py", line 1236, in solve_lookup_type
    _, field, _, lookup_parts = self.names_to_path(lookup_splitted, self.get_meta())
                                ~~~~~~~~~~~~~~~~~~^^^^^^^^^^^^^^^^^^^^^^^^^^^^^^^^^^
  File "C:\Users\Chenchen\OneDrive\Documents\GitHub\DjangoProject\Paulicode\env\Lib\site-packages\django\db\models\sql\query.py", line 1724, in names_to_path
    raise FieldError(
    ...<2 lines>...
    )
django.core.exceptions.FieldError: Cannot resolve keyword 'enrollment' into field. Choices are: class_code, class_id, class_type, created_at, description, enrollments, problems, teacher, teacher_id, title, upload_icon
"GET /StudentDashboard/ HTTP/1.1" 500 124473
Not Found: /favicon.ico
"GET /favicon.ico HTTP/1.1" 404 8405
C:\Users\Chenchen\OneDrive\Documents\GitHub\DjangoProject\PauliCode\User\models.py changed, reloading.
Watching for file changes with StatReloader
C:\Users\Chenchen\OneDrive\Documents\GitHub\DjangoProject\PauliCode\User\views.py changed, reloading.
Watching for file changes with StatReloader
"GET /StudentDashboard/ HTTP/1.1" 200 45089
"GET /static/js/core/popper.min.js HTTP/1.1" 404 1822
"GET /static/js/core/bootstrap.min.js HTTP/1.1" 404 1831
"GET /static/js/plugins/perfect-scrollbar.min.js HTTP/1.1" 404 1864
"GET /static/js/plugins/smooth-scrollbar.min.js HTTP/1.1" 404 1861
"GET /static/js/plugins/chartjs.min.js HTTP/1.1" 404 1834
"GET /static/js/argon-dashboard.min.js HTTP/1.1" 404 1834
"GET /media/profile_pic/9d19fa5a-b873-469d-8372-7f4957e1f4ec.jpg HTTP/1.1" 200 282651
"GET /static/img/studenthaticon.png HTTP/1.1" 200 8381
Internal Server Error: /classes/
Traceback (most recent call last):
  File "C:\Users\Chenchen\OneDrive\Documents\GitHub\DjangoProject\Paulicode\env\Lib\site-packages\django\core\handlers\exception.py", line 55, in inner
    response = get_response(request)
  File "C:\Users\Chenchen\OneDrive\Documents\GitHub\DjangoProject\Paulicode\env\Lib\site-packages\django\core\handlers\base.py", line 197, in _get_response
    response = wrapped_callback(request, *callback_args, **callback_kwargs)
  File "C:\Users\Chenchen\OneDrive\Documents\GitHub\DjangoProject\paulicode\User\views.py", line 806, in StudentClass
    enrolled_classes = Class.objects.filter(
                       ~~~~~~~~~~~~~~~~~~~~^
        enrollment__student_id=student
        ^^^^^^^^^^^^^^^^^^^^^^^^^^^^^^
    ).order_by('-class_id').distinct()
    ^
  File "C:\Users\Chenchen\OneDrive\Documents\GitHub\DjangoProject\Paulicode\env\Lib\site-packages\django\db\models\manager.py", line 87, in manager_method
    return getattr(self.get_queryset(), name)(*args, **kwargs)
           ~~~~~~~~~~~~~~~~~~~~~~~~~~~~~~~~~~^^^^^^^^^^^^^^^^^
  File "C:\Users\Chenchen\OneDrive\Documents\GitHub\DjangoProject\Paulicode\env\Lib\site-packages\django\db\models\query.py", line 1436, in filter
    return self._filter_or_exclude(False, args, kwargs)
           ~~~~~~~~~~~~~~~~~~~~~~~^^^^^^^^^^^^^^^^^^^^^
  File "C:\Users\Chenchen\OneDrive\Documents\GitHub\DjangoProject\Paulicode\env\Lib\site-packages\django\db\models\query.py", line 1454, in _filter_or_exclude
    clone._filter_or_exclude_inplace(negate, args, kwargs)
    ~~~~~~~~~~~~~~~~~~~~~~~~~~~~~~~~^^^^^^^^^^^^^^^^^^^^^^
  File "C:\Users\Chenchen\OneDrive\Documents\GitHub\DjangoProject\Paulicode\env\Lib\site-packages\django\db\models\query.py", line 1461, in _filter_or_exclude_inplace
    self._query.add_q(Q(*args, **kwargs))
    ~~~~~~~~~~~~~~~~~^^^^^^^^^^^^^^^^^^^^
  File "C:\Users\Chenchen\OneDrive\Documents\GitHub\DjangoProject\Paulicode\env\Lib\site-packages\django\db\models\sql\query.py", line 1545, in add_q
    clause, _ = self._add_q(q_object, self.used_aliases)
                ~~~~~~~~~~~^^^^^^^^^^^^^^^^^^^^^^^^^^^^^
  File "C:\Users\Chenchen\OneDrive\Documents\GitHub\DjangoProject\Paulicode\env\Lib\site-packages\django\db\models\sql\query.py", line 1576, in _add_q
    child_clause, needed_inner = self.build_filter(
                                 ~~~~~~~~~~~~~~~~~^
        child,
        ^^^^^^
    ...<6 lines>...
        summarize=summarize,
        ^^^^^^^^^^^^^^^^^^^^
    )
    ^
  File "C:\Users\Chenchen\OneDrive\Documents\GitHub\DjangoProject\Paulicode\env\Lib\site-packages\django\db\models\sql\query.py", line 1426, in build_filter
    lookups, parts, reffed_expression = self.solve_lookup_type(arg, summarize)
                                        ~~~~~~~~~~~~~~~~~~~~~~^^^^^^^^^^^^^^^^
  File "C:\Users\Chenchen\OneDrive\Documents\GitHub\DjangoProject\Paulicode\env\Lib\site-packages\django\db\models\sql\query.py", line 1236, in solve_lookup_type
    _, field, _, lookup_parts = self.names_to_path(lookup_splitted, self.get_meta())
                                ~~~~~~~~~~~~~~~~~~^^^^^^^^^^^^^^^^^^^^^^^^^^^^^^^^^^
  File "C:\Users\Chenchen\OneDrive\Documents\GitHub\DjangoProject\Paulicode\env\Lib\site-packages\django\db\models\sql\query.py", line 1724, in names_to_path
    raise FieldError(
    ...<2 lines>...
    )
django.core.exceptions.FieldError: Cannot resolve keyword 'enrollment' into field. Choices are: class_code, class_id, class_type, created_at, description, enrollments, problems, teacher, teacher_id, title, upload_icon
"GET /classes/ HTTP/1.1" 500 118877
C:\Users\Chenchen\OneDrive\Documents\GitHub\DjangoProject\PauliCode\User\views.py changed, reloading.
Watching for file changes with StatReloader
Internal Server Error: /classes/
Traceback (most recent call last):
  File "C:\Users\Chenchen\OneDrive\Documents\GitHub\DjangoProject\Paulicode\env\Lib\site-packages\django\core\handlers\exception.py", line 55, in inner
    response = get_response(request)
  File "C:\Users\Chenchen\OneDrive\Documents\GitHub\DjangoProject\Paulicode\env\Lib\site-packages\django\core\handlers\base.py", line 197, in _get_response
    response = wrapped_callback(request, *callback_args, **callback_kwargs)
  File "C:\Users\Chenchen\OneDrive\Documents\GitHub\DjangoProject\paulicode\User\views.py", line 806, in StudentClass
    enrolled_classes = Class.objects.filter(
                       ~~~~~~~~~~~~~~~~~~~~^
        enrollment__student_id=student
        ^^^^^^^^^^^^^^^^^^^^^^^^^^^^^^
    ).order_by('-class_id').distinct()
    ^
  File "C:\Users\Chenchen\OneDrive\Documents\GitHub\DjangoProject\Paulicode\env\Lib\site-packages\django\db\models\manager.py", line 87, in manager_method
    return getattr(self.get_queryset(), name)(*args, **kwargs)
           ~~~~~~~~~~~~~~~~~~~~~~~~~~~~~~~~~~^^^^^^^^^^^^^^^^^
  File "C:\Users\Chenchen\OneDrive\Documents\GitHub\DjangoProject\Paulicode\env\Lib\site-packages\django\db\models\query.py", line 1436, in filter
    return self._filter_or_exclude(False, args, kwargs)
           ~~~~~~~~~~~~~~~~~~~~~~~^^^^^^^^^^^^^^^^^^^^^
  File "C:\Users\Chenchen\OneDrive\Documents\GitHub\DjangoProject\Paulicode\env\Lib\site-packages\django\db\models\query.py", line 1454, in _filter_or_exclude
    clone._filter_or_exclude_inplace(negate, args, kwargs)
    ~~~~~~~~~~~~~~~~~~~~~~~~~~~~~~~~^^^^^^^^^^^^^^^^^^^^^^
  File "C:\Users\Chenchen\OneDrive\Documents\GitHub\DjangoProject\Paulicode\env\Lib\site-packages\django\db\models\query.py", line 1461, in _filter_or_exclude_inplace
    self._query.add_q(Q(*args, **kwargs))
    ~~~~~~~~~~~~~~~~~^^^^^^^^^^^^^^^^^^^^
  File "C:\Users\Chenchen\OneDrive\Documents\GitHub\DjangoProject\Paulicode\env\Lib\site-packages\django\db\models\sql\query.py", line 1545, in add_q
    clause, _ = self._add_q(q_object, self.used_aliases)
                ~~~~~~~~~~~^^^^^^^^^^^^^^^^^^^^^^^^^^^^^
  File "C:\Users\Chenchen\OneDrive\Documents\GitHub\DjangoProject\Paulicode\env\Lib\site-packages\django\db\models\sql\query.py", line 1576, in _add_q
    child_clause, needed_inner = self.build_filter(
                                 ~~~~~~~~~~~~~~~~~^
        child,
        ^^^^^^
    ...<6 lines>...
        summarize=summarize,
        ^^^^^^^^^^^^^^^^^^^^
    )
    ^
  File "C:\Users\Chenchen\OneDrive\Documents\GitHub\DjangoProject\Paulicode\env\Lib\site-packages\django\db\models\sql\query.py", line 1426, in build_filter
    lookups, parts, reffed_expression = self.solve_lookup_type(arg, summarize)
                                        ~~~~~~~~~~~~~~~~~~~~~~^^^^^^^^^^^^^^^^
  File "C:\Users\Chenchen\OneDrive\Documents\GitHub\DjangoProject\Paulicode\env\Lib\site-packages\django\db\models\sql\query.py", line 1236, in solve_lookup_type
    _, field, _, lookup_parts = self.names_to_path(lookup_splitted, self.get_meta())
                                ~~~~~~~~~~~~~~~~~~^^^^^^^^^^^^^^^^^^^^^^^^^^^^^^^^^^
  File "C:\Users\Chenchen\OneDrive\Documents\GitHub\DjangoProject\Paulicode\env\Lib\site-packages\django\db\models\sql\query.py", line 1724, in names_to_path
    raise FieldError(
    ...<2 lines>...
    )
django.core.exceptions.FieldError: Cannot resolve keyword 'enrollment' into field. Choices are: class_code, class_id, class_type, created_at, description, enrollments, problems, teacher, teacher_id, title, upload_icon
"GET /classes/ HTTP/1.1" 500 119014
C:\Users\Chenchen\OneDrive\Documents\GitHub\DjangoProject\PauliCode\User\views.py changed, reloading.
Watching for file changes with StatReloader
"GET /classes/ HTTP/1.1" 200 38177
"GET /media/profile_pic/9d19fa5a-b873-469d-8372-7f4957e1f4ec.jpg HTTP/1.1" 304 0
"GET /static/js/core/popper.min.js HTTP/1.1" 404 1822
"GET /static/js/core/bootstrap.min.js HTTP/1.1" 404 1831
"GET /static/js/plugins/perfect-scrollbar.min.js HTTP/1.1" 404 1864
"GET /static/js/plugins/smooth-scrollbar.min.js HTTP/1.1" 404 1861
"GET /static/js/plugins/chartjs.min.js HTTP/1.1" 404 1834
"GET /static/js/argon-dashboard.min.js HTTP/1.1" 404 1834
"GET /static/img/search.png HTTP/1.1" 200 30429
"POST /student/join-class/ HTTP/1.1" 302 0
"GET /classes/ HTTP/1.1" 200 40660
"GET /static/js/core/popper.min.js HTTP/1.1" 404 1822
"GET /static/js/core/bootstrap.min.js HTTP/1.1" 404 1831
"GET /media/class_icons/Gemini_Generated_Image_tqim57tqim57tqim_FDzubHJ.png HTTP/1.1" 304 0
"GET /static/js/plugins/perfect-scrollbar.min.js HTTP/1.1" 404 1864
"GET /static/js/plugins/smooth-scrollbar.min.js HTTP/1.1" 404 1861
"GET /static/js/plugins/chartjs.min.js HTTP/1.1" 404 1834
"GET /static/js/argon-dashboard.min.js HTTP/1.1" 404 1834
"GET /student/class/3/ HTTP/1.1" 200 50673
"GET /static/js/core/bootstrap.min.js HTTP/1.1" 404 1831
"GET /static/js/core/popper.min.js HTTP/1.1" 404 1822
"GET /static/js/plugins/perfect-scrollbar.min.js HTTP/1.1" 404 1864
"GET /static/js/plugins/smooth-scrollbar.min.js HTTP/1.1" 404 1861
"GET /static/js/plugins/chartjs.min.js HTTP/1.1" 404 1834
"GET /static/js/argon-dashboard.min.js HTTP/1.1" 404 1834
"GET /problem/1/details/ HTTP/1.1" 200 248
"GET /problem/1/details/ HTTP/1.1" 200 248
"GET /playground/1/ HTTP/1.1" 200 88514
"GET /static/js/core/popper.min.js HTTP/1.1" 404 1822
"GET /static/js/core/bootstrap.min.js HTTP/1.1" 404 1831
"GET /static/js/plugins/perfect-scrollbar.min.js HTTP/1.1" 404 1864
"GET /static/js/plugins/smooth-scrollbar.min.js HTTP/1.1" 404 1861
"GET /static/js/argon-dashboard.min.js HTTP/1.1" 404 1834
"GET /static/js/plugins/chartjs.min.js HTTP/1.1" 404 1834
Submission attempt for problem 1
Content-Type: application/json
Request body preview: {"problem_id":"1","code":"# Write your code here","language":"python","auto_submit":true,"reason":"Tab switched or window covered"}
Parsed - Auto-submit: True, Reason: Tab switched or window covered, Code length: 22
"GET /student/class/3/ HTTP/1.1" 200 50673
"GET /static/js/core/popper.min.js HTTP/1.1" 404 1822
"GET /static/js/core/bootstrap.min.js HTTP/1.1" 404 1831
"GET /static/js/plugins/perfect-scrollbar.min.js HTTP/1.1" 404 1864
"GET /static/js/plugins/smooth-scrollbar.min.js HTTP/1.1" 404 1861
"GET /static/js/plugins/chartjs.min.js HTTP/1.1" 404 1834
"GET /static/js/argon-dashboard.min.js HTTP/1.1" 404 1834
"POST /submit_problem/1/ HTTP/1.1" 200 189
"GET /problem/1/details/ HTTP/1.1" 200 247
"GET /problem/1/details/ HTTP/1.1" 200 247
"GET /student/class/3/ HTTP/1.1" 200 50975
"GET /static/js/core/popper.min.js HTTP/1.1" 404 1822
"GET /static/js/core/bootstrap.min.js HTTP/1.1" 404 1831
"GET /static/js/plugins/perfect-scrollbar.min.js HTTP/1.1" 404 1864
"GET /static/js/plugins/smooth-scrollbar.min.js HTTP/1.1" 404 1861
"GET /static/js/argon-dashboard.min.js HTTP/1.1" 404 1834
"GET /static/js/plugins/chartjs.min.js HTTP/1.1" 404 1834
"GET /StudentDashboard/ HTTP/1.1" 200 49081
"GET /static/js/core/popper.min.js HTTP/1.1" 404 1822
"GET /static/js/core/bootstrap.min.js HTTP/1.1" 404 1831
"GET /static/js/plugins/perfect-scrollbar.min.js HTTP/1.1" 404 1864
"GET /static/js/plugins/smooth-scrollbar.min.js HTTP/1.1" 404 1861
"GET /static/js/plugins/chartjs.min.js HTTP/1.1" 404 1834
"GET /static/js/argon-dashboard.min.js HTTP/1.1" 404 1834
"GET /classes/ HTTP/1.1" 200 40163
"GET /static/js/core/popper.min.js HTTP/1.1" 404 1822
"GET /media/profile_pic/9d19fa5a-b873-469d-8372-7f4957e1f4ec.jpg HTTP/1.1" 304 0
"GET /static/js/core/bootstrap.min.js HTTP/1.1" 404 1831
"GET /static/js/plugins/perfect-scrollbar.min.js HTTP/1.1" 404 1864
"GET /static/js/plugins/smooth-scrollbar.min.js HTTP/1.1" 404 1861
"GET /static/js/plugins/chartjs.min.js HTTP/1.1" 404 1834
"GET /static/js/argon-dashboard.min.js HTTP/1.1" 404 1834
"GET /StudentDashboard/ HTTP/1.1" 200 49081
"GET /static/js/core/popper.min.js HTTP/1.1" 404 1822
"GET /static/js/core/bootstrap.min.js HTTP/1.1" 404 1831
"GET /static/js/plugins/perfect-scrollbar.min.js HTTP/1.1" 404 1864
"GET /static/js/plugins/smooth-scrollbar.min.js HTTP/1.1" 404 1861
"GET /static/js/plugins/chartjs.min.js HTTP/1.1" 404 1834
"GET /static/js/argon-dashboard.min.js HTTP/1.1" 404 1834
"GET /classes/ HTTP/1.1" 200 40163
"GET /static/js/core/popper.min.js HTTP/1.1" 404 1822
"GET /static/js/core/bootstrap.min.js HTTP/1.1" 404 1831
"GET /static/js/plugins/perfect-scrollbar.min.js HTTP/1.1" 404 1864
"GET /static/js/plugins/smooth-scrollbar.min.js HTTP/1.1" 404 1861
"GET /static/js/plugins/chartjs.min.js HTTP/1.1" 404 1834
"GET /static/js/argon-dashboard.min.js HTTP/1.1" 404 1834
"GET /student/class/3/ HTTP/1.1" 200 50975
"GET /static/js/core/bootstrap.min.js HTTP/1.1" 404 1831
"GET /static/js/core/popper.min.js HTTP/1.1" 404 1822
"GET /static/js/plugins/perfect-scrollbar.min.js HTTP/1.1" 404 1864
"GET /static/js/plugins/smooth-scrollbar.min.js HTTP/1.1" 404 1861
"GET /static/js/plugins/chartjs.min.js HTTP/1.1" 404 1834
"GET /static/js/argon-dashboard.min.js HTTP/1.1" 404 1834
"GET /StudentDashboard/ HTTP/1.1" 200 49081
"GET /static/js/core/popper.min.js HTTP/1.1" 404 1822
"GET /static/js/core/bootstrap.min.js HTTP/1.1" 404 1831
"GET /static/js/plugins/perfect-scrollbar.min.js HTTP/1.1" 404 1864
"GET /static/js/plugins/smooth-scrollbar.min.js HTTP/1.1" 404 1861
"GET /static/js/plugins/chartjs.min.js HTTP/1.1" 404 1834
"GET /static/js/argon-dashboard.min.js HTTP/1.1" 404 1834
"POST /logout/ HTTP/1.1" 302 0
"GET / HTTP/1.1" 200 22101
"GET /static/js/core/popper.min.js HTTP/1.1" 404 1822
"GET /static/js/core/bootstrap.min.js HTTP/1.1" 404 1831
"GET /static/js/plugins/smooth-scrollbar.min.js HTTP/1.1" 404 1861
"GET /static/js/plugins/perfect-scrollbar.min.js HTTP/1.1" 404 1864
"GET /static/js/plugins/chartjs.min.js HTTP/1.1" 404 1834
"GET /static/js/argon-dashboard.min.js HTTP/1.1" 404 1834
"GET / HTTP/1.1" 200 21605
"POST /login/ HTTP/1.1" 302 0
"GET / HTTP/1.1" 200 22092
"GET /static/js/core/bootstrap.min.js HTTP/1.1" 404 1831
"GET /static/js/core/popper.min.js HTTP/1.1" 404 1822
"GET /static/js/plugins/perfect-scrollbar.min.js HTTP/1.1" 404 1864
"GET /static/js/plugins/smooth-scrollbar.min.js HTTP/1.1" 404 1861
"GET /static/js/plugins/chartjs.min.js HTTP/1.1" 404 1834
"GET /static/js/argon-dashboard.min.js HTTP/1.1" 404 1834
"GET / HTTP/1.1" 200 21605
"POST /login/ HTTP/1.1" 302 0
"GET /dashboard/ HTTP/1.1" 200 51468
"GET /static/js/core/popper.min.js HTTP/1.1" 404 1822
"GET /static/js/core/bootstrap.min.js HTTP/1.1" 404 1831
"GET /static/js/plugins/perfect-scrollbar.min.js HTTP/1.1" 404 1864
"GET /static/js/plugins/smooth-scrollbar.min.js HTTP/1.1" 404 1861
"GET /static/js/plugins/chartjs.min.js HTTP/1.1" 404 1834
"GET /static/js/argon-dashboard.min.js HTTP/1.1" 404 1834
"GET /media/class_icons/Gemini_Generated_Image_tqim57tqim57tqim_FDzubHJ.png HTTP/1.1" 304 0
"GET /dashboard/ HTTP/1.1" 200 50983
"GET /report/ HTTP/1.1" 200 56546
"GET /static/js/core/bootstrap.min.js HTTP/1.1" 404 1831
"GET /static/js/core/popper.min.js HTTP/1.1" 404 1822
"GET /static/js/plugins/perfect-scrollbar.min.js HTTP/1.1" 404 1864
"GET /static/js/plugins/smooth-scrollbar.min.js HTTP/1.1" 404 1861
"GET /static/js/plugins/chartjs.min.js HTTP/1.1" 404 1834
"GET /static/js/argon-dashboard.min.js HTTP/1.1" 404 1834
"GET /delete_submission/1/ HTTP/1.1" 302 0
"GET /report/ HTTP/1.1" 200 55439
"GET /static/js/core/popper.min.js HTTP/1.1" 404 1822
"GET /static/js/core/bootstrap.min.js HTTP/1.1" 404 1831
"GET /static/js/plugins/perfect-scrollbar.min.js HTTP/1.1" 404 1864
"GET /static/js/plugins/smooth-scrollbar.min.js HTTP/1.1" 404 1861
"GET /static/js/plugins/chartjs.min.js HTTP/1.1" 404 1834
"GET /static/js/argon-dashboard.min.js HTTP/1.1" 404 1834
"GET /dashboard/ HTTP/1.1" 200 50824
"GET /static/js/core/popper.min.js HTTP/1.1" 404 1822
"GET /static/js/core/bootstrap.min.js HTTP/1.1" 404 1831
"GET /static/js/plugins/perfect-scrollbar.min.js HTTP/1.1" 404 1864
"GET /static/js/plugins/smooth-scrollbar.min.js HTTP/1.1" 404 1861
"GET /static/js/plugins/chartjs.min.js HTTP/1.1" 404 1834
"GET /static/js/argon-dashboard.min.js HTTP/1.1" 404 1834
"GET /dashboard/ HTTP/1.1" 200 50824
"POST /logout/ HTTP/1.1" 302 0
"GET / HTTP/1.1" 200 22101
"GET /static/js/core/bootstrap.min.js HTTP/1.1" 404 1831
"GET /static/js/core/popper.min.js HTTP/1.1" 404 1822
"GET /static/js/plugins/perfect-scrollbar.min.js HTTP/1.1" 404 1864
"GET /static/js/plugins/smooth-scrollbar.min.js HTTP/1.1" 404 1861
"GET /static/js/plugins/chartjs.min.js HTTP/1.1" 404 1834
"GET /static/js/argon-dashboard.min.js HTTP/1.1" 404 1834
"GET / HTTP/1.1" 200 21605
"POST /login/ HTTP/1.1" 302 0
"GET /StudentDashboard/ HTTP/1.1" 200 49414
"GET /static/js/core/popper.min.js HTTP/1.1" 404 1822
"GET /static/js/core/bootstrap.min.js HTTP/1.1" 404 1831
"GET /static/js/plugins/perfect-scrollbar.min.js HTTP/1.1" 404 1864
"GET /static/js/plugins/smooth-scrollbar.min.js HTTP/1.1" 404 1861
"GET /static/js/plugins/chartjs.min.js HTTP/1.1" 404 1834
"GET /static/js/argon-dashboard.min.js HTTP/1.1" 404 1834
"GET /classes/ HTTP/1.1" 200 40163
"GET /static/js/core/bootstrap.min.js HTTP/1.1" 404 1831
"GET /static/js/core/popper.min.js HTTP/1.1" 404 1822
"GET /static/js/plugins/perfect-scrollbar.min.js HTTP/1.1" 404 1864
"GET /static/js/plugins/smooth-scrollbar.min.js HTTP/1.1" 404 1861
"GET /static/js/plugins/chartjs.min.js HTTP/1.1" 404 1834
"GET /static/js/argon-dashboard.min.js HTTP/1.1" 404 1834
"GET /student/class/3/ HTTP/1.1" 200 50673
"GET /static/js/core/popper.min.js HTTP/1.1" 404 1822
"GET /media/profile_pic/9d19fa5a-b873-469d-8372-7f4957e1f4ec.jpg HTTP/1.1" 304 0
"GET /static/js/core/bootstrap.min.js HTTP/1.1" 404 1831
"GET /static/js/plugins/perfect-scrollbar.min.js HTTP/1.1" 404 1864
"GET /static/js/plugins/smooth-scrollbar.min.js HTTP/1.1" 404 1861
"GET /static/js/plugins/chartjs.min.js HTTP/1.1" 404 1834
"GET /static/js/argon-dashboard.min.js HTTP/1.1" 404 1834
"GET /student/class/3/ HTTP/1.1" 200 47505
"GET /static/js/core/popper.min.js HTTP/1.1" 404 1822
"GET /media/profile_pic/9d19fa5a-b873-469d-8372-7f4957e1f4ec.jpg HTTP/1.1" 304 0
"GET /static/js/core/bootstrap.min.js HTTP/1.1" 404 1831
"GET /static/js/plugins/perfect-scrollbar.min.js HTTP/1.1" 404 1864
"GET /static/js/plugins/chartjs.min.js HTTP/1.1" 404 1834
"GET /static/js/plugins/smooth-scrollbar.min.js HTTP/1.1" 404 1861
"GET /static/js/argon-dashboard.min.js HTTP/1.1" 404 1834
C:\Users\Chenchen\OneDrive\Documents\GitHub\DjangoProject\PauliCode\User\models.py changed, reloading.
Watching for file changes with StatReloader
C:\Users\Chenchen\OneDrive\Documents\GitHub\DjangoProject\PauliCode\User\models.py changed, reloading.
Watching for file changes with StatReloader
C:\Users\Chenchen\OneDrive\Documents\GitHub\DjangoProject\PauliCode\User\views.py changed, reloading.
Watching for file changes with StatReloader
C:\Users\Chenchen\OneDrive\Documents\GitHub\DjangoProject\PauliCode\User\views.py changed, reloading.
Watching for file changes with StatReloader
C:\Users\Chenchen\OneDrive\Documents\GitHub\DjangoProject\PauliCode\User\urls.py changed, reloading.
Watching for file changes with StatReloader
Watching for file changes with StatReloader
"GET / HTTP/1.1" 200 21605
"GET /static/img/loadingIcon.webp HTTP/1.1" 200 42646
"GET /static/js/core/popper.min.js HTTP/1.1" 404 1822
"GET /static/js/core/bootstrap.min.js HTTP/1.1" 404 1831
"GET /static/js/plugins/perfect-scrollbar.min.js HTTP/1.1" 404 1864
"GET /static/js/plugins/smooth-scrollbar.min.js HTTP/1.1" 404 1861
"GET /static/img/PCodeLogo.svg HTTP/1.1" 200 12486
"GET /static/js/plugins/chartjs.min.js HTTP/1.1" 404 1834
"GET /static/js/argon-dashboard.min.js HTTP/1.1" 404 1834
"GET / HTTP/1.1" 200 21605
"GET /static/img/favicon.ico HTTP/1.1" 200 4286
"POST /login/ HTTP/1.1" 302 0
"GET /dashboard/ HTTP/1.1" 200 51309
"GET /static/img/dashboardIcon.png HTTP/1.1" 200 10184
"GET /static/js/core/popper.min.js HTTP/1.1" 404 1822
"GET /media/profile_pic/default.png HTTP/1.1" 200 298184
"GET /static/js/core/bootstrap.min.js HTTP/1.1" 404 1831
"GET /static/js/plugins/perfect-scrollbar.min.js HTTP/1.1" 404 1864
"GET /static/js/plugins/smooth-scrollbar.min.js HTTP/1.1" 404 1861
"GET /static/js/plugins/chartjs.min.js HTTP/1.1" 404 1834
"GET /static/js/argon-dashboard.min.js HTTP/1.1" 404 1834
"GET /static/img/blackboardIcon.png HTTP/1.1" 200 8431
"GET /static/img/reportIcon.png HTTP/1.1" 200 19011
"GET /static/img/teacherwand.png HTTP/1.1" 200 16015
"GET /static/img/progressIcon.png HTTP/1.1" 200 181081
"GET /static/img/PendingIC.png HTTP/1.1" 200 293839
"GET /static/img/1stCup.svg HTTP/1.1" 200 650077
"GET /static/img/star.png HTTP/1.1" 200 22289
"GET /media/class_icons/Gemini_Generated_Image_tqim57tqim57tqim_FDzubHJ.png HTTP/1.1" 200 1261532
"GET /dashboard/ HTTP/1.1" 200 50824
"GET /MyClasses/ HTTP/1.1" 200 69932
"GET /static/js/core/popper.min.js HTTP/1.1" 404 1822
"GET /static/img/plusIcon.png HTTP/1.1" 200 68669
"GET /static/js/plugins/perfect-scrollbar.min.js HTTP/1.1" 404 1864
"GET /static/js/core/bootstrap.min.js HTTP/1.1" 404 1831
"GET /static/js/plugins/smooth-scrollbar.min.js HTTP/1.1" 404 1861
"GET /static/js/plugins/chartjs.min.js HTTP/1.1" 404 1834
"GET /static/js/argon-dashboard.min.js HTTP/1.1" 404 1834
"GET /MyClasses/ HTTP/1.1" 200 69932
"GET /class/3/ HTTP/1.1" 200 74799
"GET /static/js/core/popper.min.js HTTP/1.1" 404 1822
"GET /static/js/core/bootstrap.min.js HTTP/1.1" 404 1831
"GET /static/js/plugins/perfect-scrollbar.min.js HTTP/1.1" 404 1864
"GET /static/js/plugins/smooth-scrollbar.min.js HTTP/1.1" 404 1861
"GET /media/profile_pic/9d19fa5a-b873-469d-8372-7f4957e1f4ec.jpg HTTP/1.1" 200 282651
"GET /static/js/plugins/chartjs.min.js HTTP/1.1" 404 1834
"GET /static/js/argon-dashboard.min.js HTTP/1.1" 404 1834
"GET /problem/1/details/ HTTP/1.1" 200 177
"GET /problem/1/details/ HTTP/1.1" 200 177
"POST /cybersecurity/problem/1/edit/ HTTP/1.1" 302 0
"GET /class/3/ HTTP/1.1" 200 75309
"GET /static/js/core/bootstrap.min.js HTTP/1.1" 404 1831
"GET /static/js/core/popper.min.js HTTP/1.1" 404 1822
"GET /static/js/plugins/perfect-scrollbar.min.js HTTP/1.1" 404 1864
"GET /static/js/plugins/smooth-scrollbar.min.js HTTP/1.1" 404 1861
"GET /static/js/plugins/chartjs.min.js HTTP/1.1" 404 1834
"GET /static/js/argon-dashboard.min.js HTTP/1.1" 404 1834
"GET /student/class/3/ HTTP/1.1" 200 47505
"GET /static/js/core/popper.min.js HTTP/1.1" 404 1822
"GET /media/profile_pic/9d19fa5a-b873-469d-8372-7f4957e1f4ec.jpg HTTP/1.1" 304 0
"GET /static/js/core/bootstrap.min.js HTTP/1.1" 404 1831
"GET /static/js/plugins/perfect-scrollbar.min.js HTTP/1.1" 404 1864
"GET /static/js/plugins/smooth-scrollbar.min.js HTTP/1.1" 404 1861
"GET /static/js/plugins/chartjs.min.js HTTP/1.1" 404 1834
"GET /static/js/argon-dashboard.min.js HTTP/1.1" 404 1834
"GET /problem/1/details/ HTTP/1.1" 200 195
"GET /problem/1/details/ HTTP/1.1" 200 195
"GET /problem/1/details/ HTTP/1.1" 200 195
"GET /problem/1/details/ HTTP/1.1" 200 195
"GET /problem/1/details/ HTTP/1.1" 200 195
"GET /problem/1/details/ HTTP/1.1" 200 195
"GET /class/3/ HTTP/1.1" 200 74799
"GET /static/js/core/popper.min.js HTTP/1.1" 404 1822
"GET /static/js/core/bootstrap.min.js HTTP/1.1" 404 1831
"GET /static/js/plugins/perfect-scrollbar.min.js HTTP/1.1" 404 1864
"GET /static/js/plugins/smooth-scrollbar.min.js HTTP/1.1" 404 1861
"GET /static/js/plugins/chartjs.min.js HTTP/1.1" 404 1834
"GET /static/js/argon-dashboard.min.js HTTP/1.1" 404 1834
"GET /student/class/3/ HTTP/1.1" 200 47505
"GET /static/js/core/popper.min.js HTTP/1.1" 404 1822
"GET /static/js/core/bootstrap.min.js HTTP/1.1" 404 1831
"GET /static/js/plugins/perfect-scrollbar.min.js HTTP/1.1" 404 1864
"GET /static/js/plugins/smooth-scrollbar.min.js HTTP/1.1" 404 1861
"GET /static/js/plugins/chartjs.min.js HTTP/1.1" 404 1834
"GET /static/js/argon-dashboard.min.js HTTP/1.1" 404 1834
"GET /problem/1/details/ HTTP/1.1" 200 195
"GET /problem/1/details/ HTTP/1.1" 200 195
"GET /classes/ HTTP/1.1" 200 40163
"GET /static/js/core/popper.min.js HTTP/1.1" 404 1822
"GET /static/js/core/bootstrap.min.js HTTP/1.1" 404 1831
"GET /media/class_icons/Gemini_Generated_Image_tqim57tqim57tqim_FDzubHJ.png HTTP/1.1" 304 0
"GET /static/js/plugins/perfect-scrollbar.min.js HTTP/1.1" 404 1864
"GET /static/js/plugins/smooth-scrollbar.min.js HTTP/1.1" 404 1861
"GET /static/js/plugins/chartjs.min.js HTTP/1.1" 404 1834
"GET /static/js/argon-dashboard.min.js HTTP/1.1" 404 1834
"GET /student/class/3/ HTTP/1.1" 200 47505
"GET /static/js/core/bootstrap.min.js HTTP/1.1" 404 1831
"GET /static/js/core/popper.min.js HTTP/1.1" 404 1822
"GET /static/js/plugins/perfect-scrollbar.min.js HTTP/1.1" 404 1864
"GET /static/js/plugins/smooth-scrollbar.min.js HTTP/1.1" 404 1861
"GET /static/js/argon-dashboard.min.js HTTP/1.1" 404 1834
"GET /static/js/plugins/chartjs.min.js HTTP/1.1" 404 1834
"GET /problem/1/details/ HTTP/1.1" 200 195
"GET /problem/1/details/ HTTP/1.1" 200 195
"GET /problem/1/details/ HTTP/1.1" 200 195
"GET /problem/1/details/ HTTP/1.1" 200 195
"GET /problem/1/details/ HTTP/1.1" 200 195
"GET /problem/1/details/ HTTP/1.1" 200 195
"GET /problem/1/details/ HTTP/1.1" 200 195
"GET /problem/1/details/ HTTP/1.1" 200 195
"GET /problem/1/details/ HTTP/1.1" 200 195
"GET /problem/1/details/ HTTP/1.1" 200 195
"GET /problem/1/details/ HTTP/1.1" 200 195
"GET /problem/1/details/ HTTP/1.1" 200 195
"GET /problem/1/details/ HTTP/1.1" 200 195
"GET /problem/1/details/ HTTP/1.1" 200 195
"GET /problem/1/details/ HTTP/1.1" 200 195
"GET /problem/1/details/ HTTP/1.1" 200 195
"GET /problem/1/details/ HTTP/1.1" 200 195
"GET /problem/1/details/ HTTP/1.1" 200 195
"GET /student/class/3/ HTTP/1.1" 200 52158
"GET /static/js/core/bootstrap.min.js HTTP/1.1" 404 1831
"GET /static/js/core/popper.min.js HTTP/1.1" 404 1822
"GET /static/js/plugins/perfect-scrollbar.min.js HTTP/1.1" 404 1864
"GET /static/js/plugins/smooth-scrollbar.min.js HTTP/1.1" 404 1861
"GET /static/js/plugins/chartjs.min.js HTTP/1.1" 404 1834
"GET /static/js/argon-dashboard.min.js HTTP/1.1" 404 1834
"GET /problem/1/details/ HTTP/1.1" 200 195
"GET /problem/1/details/ HTTP/1.1" 200 195
"GET /media/challenge_files/cat.jpg HTTP/1.1" 200 28458
"POST /cybersecurity/submit/1/ HTTP/1.1" 200 90
"GET /student/class/3/ HTTP/1.1" 200 52161
"GET /static/js/core/bootstrap.min.js HTTP/1.1" 404 1831
"GET /static/js/core/popper.min.js HTTP/1.1" 404 1822
"GET /static/js/plugins/perfect-scrollbar.min.js HTTP/1.1" 404 1864
"GET /static/js/plugins/smooth-scrollbar.min.js HTTP/1.1" 404 1861
"GET /static/js/plugins/chartjs.min.js HTTP/1.1" 404 1834
"GET /static/js/argon-dashboard.min.js HTTP/1.1" 404 1834
"GET /problem/1/details/ HTTP/1.1" 200 194
"GET /problem/1/details/ HTTP/1.1" 200 194
"GET /student/class/3/ HTTP/1.1" 200 48992
"GET /static/js/core/popper.min.js HTTP/1.1" 404 1822
"GET /media/profile_pic/9d19fa5a-b873-469d-8372-7f4957e1f4ec.jpg HTTP/1.1" 304 0
"GET /static/js/core/bootstrap.min.js HTTP/1.1" 404 1831
"GET /static/js/plugins/perfect-scrollbar.min.js HTTP/1.1" 404 1864
"GET /static/js/plugins/smooth-scrollbar.min.js HTTP/1.1" 404 1861
"GET /static/js/plugins/chartjs.min.js HTTP/1.1" 404 1834
"GET /static/js/argon-dashboard.min.js HTTP/1.1" 404 1834
"GET /StudentDashboard/ HTTP/1.1" 200 49081
"GET /static/js/core/bootstrap.min.js HTTP/1.1" 404 1831
"GET /static/js/core/popper.min.js HTTP/1.1" 404 1822
"GET /static/js/plugins/perfect-scrollbar.min.js HTTP/1.1" 404 1864
"GET /static/js/plugins/smooth-scrollbar.min.js HTTP/1.1" 404 1861
"GET /static/js/plugins/chartjs.min.js HTTP/1.1" 404 1834
"GET /static/js/argon-dashboard.min.js HTTP/1.1" 404 1834
"GET /classes/ HTTP/1.1" 200 40163
"GET /static/js/core/popper.min.js HTTP/1.1" 404 1822
"GET /static/js/core/bootstrap.min.js HTTP/1.1" 404 1831
"GET /static/js/plugins/perfect-scrollbar.min.js HTTP/1.1" 404 1864
"GET /static/js/plugins/smooth-scrollbar.min.js HTTP/1.1" 404 1861
"GET /static/js/plugins/chartjs.min.js HTTP/1.1" 404 1834
"GET /static/js/argon-dashboard.min.js HTTP/1.1" 404 1834
"GET /student/class/3/ HTTP/1.1" 200 48992
"GET /static/js/core/bootstrap.min.js HTTP/1.1" 404 1831
"GET /static/js/core/popper.min.js HTTP/1.1" 404 1822
"GET /static/js/plugins/perfect-scrollbar.min.js HTTP/1.1" 404 1864
"GET /static/js/plugins/smooth-scrollbar.min.js HTTP/1.1" 404 1861
"GET /static/js/plugins/chartjs.min.js HTTP/1.1" 404 1834
"GET /static/js/argon-dashboard.min.js HTTP/1.1" 404 1834
"GET /student/class/3/?filter=Quiz HTTP/1.1" 200 47592
"GET /static/js/core/bootstrap.min.js HTTP/1.1" 404 1831
"GET /static/js/core/popper.min.js HTTP/1.1" 404 1822
"GET /static/js/plugins/perfect-scrollbar.min.js HTTP/1.1" 404 1864
"GET /static/js/plugins/smooth-scrollbar.min.js HTTP/1.1" 404 1861
"GET /static/js/plugins/chartjs.min.js HTTP/1.1" 404 1834
"GET /static/js/argon-dashboard.min.js HTTP/1.1" 404 1834
"GET /student/class/3/?filter=Assignment HTTP/1.1" 200 47592
"GET /static/js/core/bootstrap.min.js HTTP/1.1" 404 1831
"GET /static/js/core/popper.min.js HTTP/1.1" 404 1822
"GET /static/js/plugins/smooth-scrollbar.min.js HTTP/1.1" 404 1861
"GET /static/js/plugins/perfect-scrollbar.min.js HTTP/1.1" 404 1864
"GET /static/js/plugins/chartjs.min.js HTTP/1.1" 404 1834
"GET /static/js/argon-dashboard.min.js HTTP/1.1" 404 1834
"GET /student/class/3/ HTTP/1.1" 200 48992
"GET /static/js/core/popper.min.js HTTP/1.1" 404 1822
"GET /static/js/core/bootstrap.min.js HTTP/1.1" 404 1831
"GET /static/js/plugins/perfect-scrollbar.min.js HTTP/1.1" 404 1864
"GET /static/js/plugins/smooth-scrollbar.min.js HTTP/1.1" 404 1861
"GET /static/js/plugins/chartjs.min.js HTTP/1.1" 404 1834
"GET /static/js/argon-dashboard.min.js HTTP/1.1" 404 1834
"GET /problem/1/details/ HTTP/1.1" 200 194
"GET /problem/1/details/ HTTP/1.1" 200 194
C:\Users\Chenchen\OneDrive\Documents\GitHub\DjangoProject\PauliCode\User\views.py changed, reloading.
Watching for file changes with StatReloader
C:\Users\Chenchen\OneDrive\Documents\GitHub\DjangoProject\PauliCode\User\views.py changed, reloading.
Watching for file changes with StatReloader
C:\Users\Chenchen\OneDrive\Documents\GitHub\DjangoProject\PauliCode\User\views.py changed, reloading.
Watching for file changes with StatReloader
C:\Users\Chenchen\OneDrive\Documents\GitHub\DjangoProject\PauliCode\User\views.py changed, reloading.
Watching for file changes with StatReloader
C:\Users\Chenchen\OneDrive\Documents\GitHub\DjangoProject\PauliCode\User\views.py changed, reloading.
Watching for file changes with StatReloader
C:\Users\Chenchen\OneDrive\Documents\GitHub\DjangoProject\PauliCode\User\views.py changed, reloading.
Watching for file changes with StatReloader
C:\Users\Chenchen\OneDrive\Documents\GitHub\DjangoProject\PauliCode\User\views.py changed, reloading.
Watching for file changes with StatReloader
C:\Users\Chenchen\OneDrive\Documents\GitHub\DjangoProject\PauliCode\User\urls.py changed, reloading.
Watching for file changes with StatReloader
Watching for file changes with StatReloader
"GET /class/3/ HTTP/1.1" 200 76015
"GET /media/profile_pic/9d19fa5a-b873-469d-8372-7f4957e1f4ec.jpg HTTP/1.1" 304 0
"GET /static/js/core/popper.min.js HTTP/1.1" 404 1822
"GET /static/js/core/bootstrap.min.js HTTP/1.1" 404 1831
"GET /static/js/plugins/perfect-scrollbar.min.js HTTP/1.1" 404 1864
"GET /static/js/plugins/smooth-scrollbar.min.js HTTP/1.1" 404 1861
"GET /static/js/plugins/chartjs.min.js HTTP/1.1" 404 1834
"GET /static/js/argon-dashboard.min.js HTTP/1.1" 404 1834
"GET /problem/1/details/ HTTP/1.1" 200 195
"GET /problem/1/details/ HTTP/1.1" 200 195
"GET /problem/1/details/ HTTP/1.1" 200 195
"GET /problem/1/details/ HTTP/1.1" 200 195
"GET /student/class/3/ HTTP/1.1" 200 54845
"GET /static/js/core/popper.min.js HTTP/1.1" 404 1822
"GET /media/profile_pic/9d19fa5a-b873-469d-8372-7f4957e1f4ec.jpg HTTP/1.1" 304 0
"GET /static/js/core/bootstrap.min.js HTTP/1.1" 404 1831
"GET /static/js/plugins/perfect-scrollbar.min.js HTTP/1.1" 404 1864
"GET /static/js/plugins/smooth-scrollbar.min.js HTTP/1.1" 404 1861
"GET /static/js/plugins/chartjs.min.js HTTP/1.1" 404 1834
"GET /static/js/argon-dashboard.min.js HTTP/1.1" 404 1834
"GET /problem/1/details/ HTTP/1.1" 200 194
"GET /problem/1/details/ HTTP/1.1" 200 194
"GET /cybersecurity/submissions/1/ HTTP/1.1" 200 168
"GET /problem/1/details/ HTTP/1.1" 200 195
"GET /problem/1/details/ HTTP/1.1" 200 195
"GET /problem/1/delete/ HTTP/1.1" 302 0
"GET /class/3/ HTTP/1.1" 200 75597
"GET /static/js/core/popper.min.js HTTP/1.1" 404 1822
"GET /static/js/core/bootstrap.min.js HTTP/1.1" 404 1831
"GET /static/js/plugins/smooth-scrollbar.min.js HTTP/1.1" 404 1861
"GET /static/js/plugins/perfect-scrollbar.min.js HTTP/1.1" 404 1864
"GET /static/js/plugins/chartjs.min.js HTTP/1.1" 404 1834
"GET /static/js/argon-dashboard.min.js HTTP/1.1" 404 1834
Not Found: /problem/1/details/
"GET /problem/1/details/ HTTP/1.1" 404 4211
Not Found: /problem/1/details/
"GET /problem/1/details/ HTTP/1.1" 404 4211
"GET /student/class/3/ HTTP/1.1" 200 53402
"GET /static/js/core/popper.min.js HTTP/1.1" 404 1822
"GET /static/js/core/bootstrap.min.js HTTP/1.1" 404 1831
"GET /static/js/plugins/perfect-scrollbar.min.js HTTP/1.1" 404 1864
"GET /static/js/plugins/smooth-scrollbar.min.js HTTP/1.1" 404 1861
"GET /static/js/plugins/chartjs.min.js HTTP/1.1" 404 1834
"GET /static/js/argon-dashboard.min.js HTTP/1.1" 404 1834
"POST /class/3/add-cybersecurity-challenge/ HTTP/1.1" 302 0
"GET /class/3/ HTTP/1.1" 200 76525
"GET /static/js/core/bootstrap.min.js HTTP/1.1" 404 1831
"GET /static/js/core/popper.min.js HTTP/1.1" 404 1822
"GET /static/js/plugins/smooth-scrollbar.min.js HTTP/1.1" 404 1861
"GET /static/js/plugins/perfect-scrollbar.min.js HTTP/1.1" 404 1864
"GET /static/js/plugins/chartjs.min.js HTTP/1.1" 404 1834
"GET /static/js/argon-dashboard.min.js HTTP/1.1" 404 1834
"GET /problem/2/details/ HTTP/1.1" 200 216
"GET /problem/2/details/ HTTP/1.1" 200 216
"GET /student/class/3/ HTTP/1.1" 200 54818
"GET /static/js/core/bootstrap.min.js HTTP/1.1" 404 1831
"GET /static/js/core/popper.min.js HTTP/1.1" 404 1822
"GET /static/js/plugins/perfect-scrollbar.min.js HTTP/1.1" 404 1864
"GET /static/js/plugins/smooth-scrollbar.min.js HTTP/1.1" 404 1861
"GET /static/js/plugins/chartjs.min.js HTTP/1.1" 404 1834
"GET /static/js/argon-dashboard.min.js HTTP/1.1" 404 1834
"GET /problem/2/details/ HTTP/1.1" 200 216
"GET /problem/2/details/ HTTP/1.1" 200 216
"GET /cybersecurity/submissions/2/ HTTP/1.1" 200 19
"POST /cybersecurity/submit/2/ HTTP/1.1" 200 127
"GET /cybersecurity/submissions/2/ HTTP/1.1" 200 183
"GET /student/class/3/ HTTP/1.1" 200 55159
"GET /static/js/core/bootstrap.min.js HTTP/1.1" 404 1831
"GET /static/js/core/popper.min.js HTTP/1.1" 404 1822
"GET /static/js/plugins/perfect-scrollbar.min.js HTTP/1.1" 404 1864
"GET /static/js/plugins/smooth-scrollbar.min.js HTTP/1.1" 404 1861
"GET /static/js/plugins/chartjs.min.js HTTP/1.1" 404 1834
"GET /static/js/argon-dashboard.min.js HTTP/1.1" 404 1834
"GET /problem/2/details/ HTTP/1.1" 200 215
"GET /problem/2/details/ HTTP/1.1" 200 215
"GET /cybersecurity/submissions/2/ HTTP/1.1" 200 183
"POST /cybersecurity/submit/2/ HTTP/1.1" 200 127
"GET /cybersecurity/submissions/2/ HTTP/1.1" 200 350
"GET /student/class/3/ HTTP/1.1" 200 55168
"GET /static/js/core/bootstrap.min.js HTTP/1.1" 404 1831
"GET /static/js/core/popper.min.js HTTP/1.1" 404 1822
"GET /static/js/plugins/perfect-scrollbar.min.js HTTP/1.1" 404 1864
"GET /static/js/plugins/smooth-scrollbar.min.js HTTP/1.1" 404 1861
"GET /static/js/plugins/chartjs.min.js HTTP/1.1" 404 1834
"GET /static/js/argon-dashboard.min.js HTTP/1.1" 404 1834
"GET /problem/2/details/ HTTP/1.1" 200 215
"GET /problem/2/details/ HTTP/1.1" 200 215
"GET /cybersecurity/submissions/2/ HTTP/1.1" 200 350
"GET /student/class/3/ HTTP/1.1" 200 51999
"GET /static/js/core/popper.min.js HTTP/1.1" 404 1822
"GET /static/js/core/bootstrap.min.js HTTP/1.1" 404 1831
"GET /static/js/plugins/perfect-scrollbar.min.js HTTP/1.1" 404 1864
"GET /static/js/plugins/smooth-scrollbar.min.js HTTP/1.1" 404 1861
"GET /static/js/plugins/chartjs.min.js HTTP/1.1" 404 1834
"GET /static/js/argon-dashboard.min.js HTTP/1.1" 404 1834
"GET /problem/2/details/ HTTP/1.1" 200 215
"GET /problem/2/details/ HTTP/1.1" 200 215
"GET /cybersecurity/submissions/2/ HTTP/1.1" 200 350
"GET /problem/2/details/ HTTP/1.1" 200 215
"GET /problem/2/details/ HTTP/1.1" 200 215
"GET /cybersecurity/submissions/2/ HTTP/1.1" 200 350
"GET /problem/2/details/ HTTP/1.1" 200 215
"GET /problem/2/details/ HTTP/1.1" 200 215
"GET /cybersecurity/submissions/2/ HTTP/1.1" 200 350
"GET /student/class/3/?filter=Quiz HTTP/1.1" 200 50251
"GET /static/js/core/popper.min.js HTTP/1.1" 404 1822
"GET /static/js/core/bootstrap.min.js HTTP/1.1" 404 1831
"GET /static/js/plugins/perfect-scrollbar.min.js HTTP/1.1" 404 1864
"GET /static/js/plugins/smooth-scrollbar.min.js HTTP/1.1" 404 1861
"GET /static/js/plugins/chartjs.min.js HTTP/1.1" 404 1834
"GET /static/js/argon-dashboard.min.js HTTP/1.1" 404 1834
"GET /student/class/3/?filter=Assignment HTTP/1.1" 200 52017
"GET /static/js/core/popper.min.js HTTP/1.1" 404 1822
"GET /static/js/core/bootstrap.min.js HTTP/1.1" 404 1831
"GET /static/js/plugins/perfect-scrollbar.min.js HTTP/1.1" 404 1864
"GET /static/js/plugins/smooth-scrollbar.min.js HTTP/1.1" 404 1861
"GET /static/js/plugins/chartjs.min.js HTTP/1.1" 404 1834
"GET /static/js/argon-dashboard.min.js HTTP/1.1" 404 1834
"GET /problem/2/details/ HTTP/1.1" 200 215
"GET /problem/2/details/ HTTP/1.1" 200 215
"GET /cybersecurity/submissions/2/ HTTP/1.1" 200 350
"GET /problem/2/details/ HTTP/1.1" 200 215
"GET /problem/2/details/ HTTP/1.1" 200 215
"GET /cybersecurity/submissions/2/ HTTP/1.1" 200 350
"GET / HTTP/1.1" 200 21605
"GET /static/img/loadingIcon.webp HTTP/1.1" 200 42646
"GET /static/img/PCodeLogo.svg HTTP/1.1" 200 12486
"GET /static/js/core/popper.min.js HTTP/1.1" 404 1822
"GET /static/js/core/bootstrap.min.js HTTP/1.1" 404 1831
"GET /static/js/plugins/perfect-scrollbar.min.js HTTP/1.1" 404 1864
"GET /static/js/plugins/smooth-scrollbar.min.js HTTP/1.1" 404 1861
"GET /static/js/plugins/chartjs.min.js HTTP/1.1" 404 1834
"GET /static/js/argon-dashboard.min.js HTTP/1.1" 404 1834
"GET / HTTP/1.1" 200 21605
"GET /static/img/favicon.ico HTTP/1.1" 200 4286
"POST /login/ HTTP/1.1" 302 0
"GET /StudentDashboard/ HTTP/1.1" 200 49563
"GET /static/img/dashboardIcon.png HTTP/1.1" 200 10184
"GET /static/js/core/popper.min.js HTTP/1.1" 404 1822
"GET /media/profile_pic/9d19fa5a-b873-469d-8372-7f4957e1f4ec.jpg HTTP/1.1" 200 282651
"GET /static/js/plugins/perfect-scrollbar.min.js HTTP/1.1" 404 1864
"GET /static/js/core/bootstrap.min.js HTTP/1.1" 404 1831
"GET /static/js/plugins/smooth-scrollbar.min.js HTTP/1.1" 404 1861
"GET /static/js/plugins/chartjs.min.js HTTP/1.1" 404 1834
"GET /static/js/argon-dashboard.min.js HTTP/1.1" 404 1834
"GET /static/img/blackboardIcon.png HTTP/1.1" 200 8431
"GET /static/img/studenthaticon.png HTTP/1.1" 200 8381
"GET /static/img/progressIcon.png HTTP/1.1" 200 181081
"GET /static/img/PendingIC.png HTTP/1.1" 200 293839
"GET /static/img/1stCup.svg HTTP/1.1" 200 650077
"GET /static/img/star.png HTTP/1.1" 200 22289
"GET /media/class_icons/Gemini_Generated_Image_tqim57tqim57tqim_FDzubHJ.png HTTP/1.1" 200 1261532
"GET /classes/ HTTP/1.1" 200 40163
"GET /static/img/search.png HTTP/1.1" 200 30429
"GET /static/img/plusIcon.png HTTP/1.1" 200 68669
"GET /static/js/core/bootstrap.min.js HTTP/1.1" 404 1831
"GET /static/js/core/popper.min.js HTTP/1.1" 404 1822
"GET /static/js/plugins/perfect-scrollbar.min.js HTTP/1.1" 404 1864
"GET /static/js/plugins/smooth-scrollbar.min.js HTTP/1.1" 404 1861
"GET /static/js/plugins/chartjs.min.js HTTP/1.1" 404 1834
"GET /static/js/argon-dashboard.min.js HTTP/1.1" 404 1834
"GET /student/class/3/ HTTP/1.1" 200 51999
"GET /static/js/core/bootstrap.min.js HTTP/1.1" 404 1831
"GET /static/js/core/popper.min.js HTTP/1.1" 404 1822
"GET /static/js/plugins/perfect-scrollbar.min.js HTTP/1.1" 404 1864
"GET /static/js/plugins/smooth-scrollbar.min.js HTTP/1.1" 404 1861
"GET /static/js/plugins/chartjs.min.js HTTP/1.1" 404 1834
"GET /static/js/argon-dashboard.min.js HTTP/1.1" 404 1834
"GET /problem/2/details/ HTTP/1.1" 200 215
"GET /problem/2/details/ HTTP/1.1" 200 215
"GET /cybersecurity/submissions/2/ HTTP/1.1" 200 350
"GET /student/class/3/ HTTP/1.1" 200 51681
"GET /static/js/core/popper.min.js HTTP/1.1" 404 1822
"GET /media/profile_pic/9d19fa5a-b873-469d-8372-7f4957e1f4ec.jpg HTTP/1.1" 304 0
"GET /static/js/core/bootstrap.min.js HTTP/1.1" 404 1831
"GET /static/js/plugins/perfect-scrollbar.min.js HTTP/1.1" 404 1864
"GET /static/js/plugins/smooth-scrollbar.min.js HTTP/1.1" 404 1861
"GET /static/js/plugins/chartjs.min.js HTTP/1.1" 404 1834
"GET /static/js/argon-dashboard.min.js HTTP/1.1" 404 1834
"GET /problem/2/details/ HTTP/1.1" 200 215
"GET /problem/2/details/ HTTP/1.1" 200 215
"GET /problem/2/details/ HTTP/1.1" 200 215
"GET /problem/2/details/ HTTP/1.1" 200 215
"GET /problem/2/details/ HTTP/1.1" 200 215
"GET /problem/2/details/ HTTP/1.1" 200 215
C:\Users\Chenchen\OneDrive\Documents\GitHub\DjangoProject\PauliCode\User\views.py changed, reloading.
Watching for file changes with StatReloader
C:\Users\Chenchen\OneDrive\Documents\GitHub\DjangoProject\PauliCode\User\views.py changed, reloading.
Watching for file changes with StatReloader
"GET /student/class/3/ HTTP/1.1" 200 51681
"GET /static/js/core/popper.min.js HTTP/1.1" 404 1822
"GET /static/js/core/bootstrap.min.js HTTP/1.1" 404 1831
"GET /static/js/plugins/smooth-scrollbar.min.js HTTP/1.1" 404 1861
"GET /static/js/plugins/perfect-scrollbar.min.js HTTP/1.1" 404 1864
"GET /static/js/plugins/chartjs.min.js HTTP/1.1" 404 1834
"GET /static/js/argon-dashboard.min.js HTTP/1.1" 404 1834
"GET /problem/2/details/ HTTP/1.1" 200 215
"GET /problem/2/details/ HTTP/1.1" 200 215
"GET /student/class/3/ HTTP/1.1" 200 53599
"GET /static/js/core/popper.min.js HTTP/1.1" 404 1822
"GET /media/profile_pic/9d19fa5a-b873-469d-8372-7f4957e1f4ec.jpg HTTP/1.1" 304 0
"GET /static/js/core/bootstrap.min.js HTTP/1.1" 404 1831
"GET /static/js/plugins/perfect-scrollbar.min.js HTTP/1.1" 404 1864
"GET /static/js/plugins/smooth-scrollbar.min.js HTTP/1.1" 404 1861
"GET /static/js/plugins/chartjs.min.js HTTP/1.1" 404 1834
"GET /static/js/argon-dashboard.min.js HTTP/1.1" 404 1834
"GET /problem/2/details/ HTTP/1.1" 200 215
"GET /problem/2/details/ HTTP/1.1" 200 215
Not Found: /.well-known/appspecific/com.chrome.devtools.json
"GET /.well-known/appspecific/com.chrome.devtools.json HTTP/1.1" 404 9449
"GET /problem/2/details/ HTTP/1.1" 200 215
"GET /problem/2/details/ HTTP/1.1" 200 215
"GET /problem/2/details/ HTTP/1.1" 200 215
"GET /problem/2/details/ HTTP/1.1" 200 215
"GET /student/class/3/?filter=Quiz HTTP/1.1" 200 51851
"GET /static/js/core/popper.min.js HTTP/1.1" 404 1822
"GET /media/profile_pic/9d19fa5a-b873-469d-8372-7f4957e1f4ec.jpg HTTP/1.1" 304 0
"GET /static/js/core/bootstrap.min.js HTTP/1.1" 404 1831
"GET /static/js/plugins/perfect-scrollbar.min.js HTTP/1.1" 404 1864
"GET /static/js/plugins/smooth-scrollbar.min.js HTTP/1.1" 404 1861
"GET /static/js/plugins/chartjs.min.js HTTP/1.1" 404 1834
"GET /static/js/argon-dashboard.min.js HTTP/1.1" 404 1834
"GET /student/class/3/?filter=Assignment HTTP/1.1" 200 53617
"GET /static/js/core/popper.min.js HTTP/1.1" 404 1822
"GET /static/js/core/bootstrap.min.js HTTP/1.1" 404 1831
"GET /static/js/plugins/smooth-scrollbar.min.js HTTP/1.1" 404 1861
"GET /static/js/plugins/perfect-scrollbar.min.js HTTP/1.1" 404 1864
"GET /static/js/plugins/chartjs.min.js HTTP/1.1" 404 1834
"GET /static/js/argon-dashboard.min.js HTTP/1.1" 404 1834
"GET / HTTP/1.1" 200 21605
"GET /static/img/loadingIcon.webp HTTP/1.1" 200 42646
"GET /static/img/PCodeLogo.svg HTTP/1.1" 200 12486
"GET /static/js/core/popper.min.js HTTP/1.1" 404 1822
"GET /static/js/core/bootstrap.min.js HTTP/1.1" 404 1831
"GET /static/js/plugins/perfect-scrollbar.min.js HTTP/1.1" 404 1864
"GET /static/js/plugins/smooth-scrollbar.min.js HTTP/1.1" 404 1861
"GET /static/js/plugins/chartjs.min.js HTTP/1.1" 404 1834
"GET /static/js/argon-dashboard.min.js HTTP/1.1" 404 1834
"GET / HTTP/1.1" 200 21605
"GET /static/img/favicon.ico HTTP/1.1" 200 4286
"POST /login/ HTTP/1.1" 302 0
"GET /dashboard/ HTTP/1.1" 200 51468
"GET /static/img/dashboardIcon.png HTTP/1.1" 200 10184
"GET /static/js/core/popper.min.js HTTP/1.1" 404 1822
"GET /static/js/core/bootstrap.min.js HTTP/1.1" 404 1831
"GET /media/profile_pic/default.png HTTP/1.1" 200 298184
"GET /static/js/plugins/perfect-scrollbar.min.js HTTP/1.1" 404 1864
"GET /static/js/plugins/smooth-scrollbar.min.js HTTP/1.1" 404 1861
"GET /static/js/plugins/chartjs.min.js HTTP/1.1" 404 1834
"GET /static/js/argon-dashboard.min.js HTTP/1.1" 404 1834
"GET /static/img/blackboardIcon.png HTTP/1.1" 200 8431
"GET /static/img/reportIcon.png HTTP/1.1" 200 19011
"GET /static/img/teacherwand.png HTTP/1.1" 200 16015
"GET /static/img/progressIcon.png HTTP/1.1" 200 181081
"GET /static/img/PendingIC.png HTTP/1.1" 200 293839
"GET /static/img/1stCup.svg HTTP/1.1" 200 650077
"GET /static/img/star.png HTTP/1.1" 200 22289
"GET /media/class_icons/Gemini_Generated_Image_tqim57tqim57tqim_FDzubHJ.png HTTP/1.1" 200 1261532
"GET /dashboard/ HTTP/1.1" 200 50983
"GET /MyClasses/ HTTP/1.1" 200 69932
"GET /static/js/core/popper.min.js HTTP/1.1" 404 1822
"GET /static/img/plusIcon.png HTTP/1.1" 200 68669
"GET /static/js/core/bootstrap.min.js HTTP/1.1" 404 1831
"GET /static/js/plugins/perfect-scrollbar.min.js HTTP/1.1" 404 1864
"GET /static/js/plugins/smooth-scrollbar.min.js HTTP/1.1" 404 1861
"GET /static/js/plugins/chartjs.min.js HTTP/1.1" 404 1834
"GET /static/js/argon-dashboard.min.js HTTP/1.1" 404 1834
"GET /MyClasses/ HTTP/1.1" 200 69932
"GET /student/class/3/?filter=Assignment HTTP/1.1" 200 57996
"GET /static/js/core/popper.min.js HTTP/1.1" 404 1822
"GET /static/js/core/bootstrap.min.js HTTP/1.1" 404 1831
"GET /static/js/plugins/perfect-scrollbar.min.js HTTP/1.1" 404 1864
"GET /static/js/plugins/smooth-scrollbar.min.js HTTP/1.1" 404 1861
"GET /static/js/plugins/chartjs.min.js HTTP/1.1" 404 1834
"GET /static/js/argon-dashboard.min.js HTTP/1.1" 404 1834
Not Found: /.well-known/appspecific/com.chrome.devtools.json
"GET /.well-known/appspecific/com.chrome.devtools.json HTTP/1.1" 404 9449
"GET /classes/ HTTP/1.1" 200 40163
"GET /static/js/core/popper.min.js HTTP/1.1" 404 1822
"GET /static/js/core/bootstrap.min.js HTTP/1.1" 404 1831
"GET /static/js/plugins/perfect-scrollbar.min.js HTTP/1.1" 404 1864
"GET /static/js/plugins/smooth-scrollbar.min.js HTTP/1.1" 404 1861
"GET /static/js/plugins/chartjs.min.js HTTP/1.1" 404 1834
"GET /static/js/argon-dashboard.min.js HTTP/1.1" 404 1834
"GET /media/class_icons/Gemini_Generated_Image_tqim57tqim57tqim_FDzubHJ.png HTTP/1.1" 304 0
"GET /student/class/3/ HTTP/1.1" 200 57978
"GET /static/js/core/popper.min.js HTTP/1.1" 404 1822
"GET /static/js/core/bootstrap.min.js HTTP/1.1" 404 1831
"GET /static/js/plugins/perfect-scrollbar.min.js HTTP/1.1" 404 1864
"GET /static/js/plugins/smooth-scrollbar.min.js HTTP/1.1" 404 1861
"GET /static/js/plugins/chartjs.min.js HTTP/1.1" 404 1834
"GET /static/js/argon-dashboard.min.js HTTP/1.1" 404 1834
"GET /classes/ HTTP/1.1" 200 40163
"GET /static/js/core/bootstrap.min.js HTTP/1.1" 404 1831
"GET /static/js/core/popper.min.js HTTP/1.1" 404 1822
"GET /static/js/plugins/perfect-scrollbar.min.js HTTP/1.1" 404 1864
"GET /static/js/plugins/smooth-scrollbar.min.js HTTP/1.1" 404 1861
"GET /static/js/argon-dashboard.min.js HTTP/1.1" 404 1834
"GET /static/js/plugins/chartjs.min.js HTTP/1.1" 404 1834
"GET /student/class/3/ HTTP/1.1" 200 57978
"GET /static/js/core/popper.min.js HTTP/1.1" 404 1822
"GET /static/js/core/bootstrap.min.js HTTP/1.1" 404 1831
"GET /static/js/plugins/perfect-scrollbar.min.js HTTP/1.1" 404 1864
"GET /static/js/plugins/smooth-scrollbar.min.js HTTP/1.1" 404 1861
"GET /static/js/plugins/chartjs.min.js HTTP/1.1" 404 1834
"GET /static/js/argon-dashboard.min.js HTTP/1.1" 404 1834
"GET /problem/2/details/ HTTP/1.1" 200 215
"GET /problem/2/details/ HTTP/1.1" 200 215
Not Found: /.well-known/appspecific/com.chrome.devtools.json
"GET /.well-known/appspecific/com.chrome.devtools.json HTTP/1.1" 404 9449
C:\Users\Chenchen\OneDrive\Documents\GitHub\DjangoProject\PauliCode\User\views.py changed, reloading.
Watching for file changes with StatReloader
"GET /student/class/3/ HTTP/1.1" 200 57978
"GET /static/js/core/bootstrap.min.js HTTP/1.1" 404 1831
"GET /static/js/core/popper.min.js HTTP/1.1" 404 1822
"GET /static/js/plugins/perfect-scrollbar.min.js HTTP/1.1" 404 1864
"GET /static/js/plugins/smooth-scrollbar.min.js HTTP/1.1" 404 1861
"GET /static/js/plugins/chartjs.min.js HTTP/1.1" 404 1834
"GET /static/js/argon-dashboard.min.js HTTP/1.1" 404 1834
"GET /student/class/3/ HTTP/1.1" 200 58017
"GET /static/js/core/popper.min.js HTTP/1.1" 404 1822
"GET /media/profile_pic/9d19fa5a-b873-469d-8372-7f4957e1f4ec.jpg HTTP/1.1" 304 0
"GET /static/js/core/bootstrap.min.js HTTP/1.1" 404 1831
"GET /static/js/plugins/perfect-scrollbar.min.js HTTP/1.1" 404 1864
"GET /static/js/plugins/smooth-scrollbar.min.js HTTP/1.1" 404 1861
"GET /static/js/plugins/chartjs.min.js HTTP/1.1" 404 1834
"GET /static/js/argon-dashboard.min.js HTTP/1.1" 404 1834
"GET /student/class/3/ HTTP/1.1" 200 58015
"GET /static/js/core/bootstrap.min.js HTTP/1.1" 404 1831
"GET /static/js/core/popper.min.js HTTP/1.1" 404 1822
"GET /static/js/plugins/perfect-scrollbar.min.js HTTP/1.1" 404 1864
"GET /static/js/plugins/smooth-scrollbar.min.js HTTP/1.1" 404 1861
"GET /static/js/plugins/chartjs.min.js HTTP/1.1" 404 1834
"GET /static/js/argon-dashboard.min.js HTTP/1.1" 404 1834
"GET /student/class/3/ HTTP/1.1" 200 58030
"GET /static/js/core/popper.min.js HTTP/1.1" 404 1822
"GET /static/js/core/bootstrap.min.js HTTP/1.1" 404 1831
"GET /static/js/plugins/perfect-scrollbar.min.js HTTP/1.1" 404 1864
"GET /static/js/plugins/smooth-scrollbar.min.js HTTP/1.1" 404 1861
"GET /static/js/plugins/chartjs.min.js HTTP/1.1" 404 1834
"GET /static/js/argon-dashboard.min.js HTTP/1.1" 404 1834
"GET /student/class/3/ HTTP/1.1" 200 58029
"GET /static/js/core/popper.min.js HTTP/1.1" 404 1822
"GET /static/js/core/bootstrap.min.js HTTP/1.1" 404 1831
"GET /static/js/plugins/perfect-scrollbar.min.js HTTP/1.1" 404 1864
"GET /static/js/plugins/smooth-scrollbar.min.js HTTP/1.1" 404 1861
"GET /static/js/argon-dashboard.min.js HTTP/1.1" 404 1834
"GET /static/js/plugins/chartjs.min.js HTTP/1.1" 404 1834
"GET /student/class/3/ HTTP/1.1" 200 58029
"GET /static/js/core/bootstrap.min.js HTTP/1.1" 404 1831
"GET /static/js/core/popper.min.js HTTP/1.1" 404 1822
"GET /static/js/plugins/perfect-scrollbar.min.js HTTP/1.1" 404 1864
"GET /static/js/plugins/smooth-scrollbar.min.js HTTP/1.1" 404 1861
"GET /static/js/plugins/chartjs.min.js HTTP/1.1" 404 1834
"GET /static/js/argon-dashboard.min.js HTTP/1.1" 404 1834
"GET /student/class/3/ HTTP/1.1" 200 58015
"GET /static/js/core/bootstrap.min.js HTTP/1.1" 404 1831
"GET /static/js/core/popper.min.js HTTP/1.1" 404 1822
"GET /static/js/plugins/perfect-scrollbar.min.js HTTP/1.1" 404 1864
"GET /static/js/plugins/smooth-scrollbar.min.js HTTP/1.1" 404 1861
"GET /static/js/plugins/chartjs.min.js HTTP/1.1" 404 1834
"GET /static/js/argon-dashboard.min.js HTTP/1.1" 404 1834
"GET /student/class/3/ HTTP/1.1" 200 58015
"GET /static/js/core/popper.min.js HTTP/1.1" 404 1822
"GET /static/js/core/bootstrap.min.js HTTP/1.1" 404 1831
"GET /static/js/plugins/perfect-scrollbar.min.js HTTP/1.1" 404 1864
"GET /static/js/plugins/smooth-scrollbar.min.js HTTP/1.1" 404 1861
"GET /static/js/plugins/chartjs.min.js HTTP/1.1" 404 1834
"GET /static/js/argon-dashboard.min.js HTTP/1.1" 404 1834
"GET /student/class/3/ HTTP/1.1" 200 57957
"GET /static/js/core/bootstrap.min.js HTTP/1.1" 404 1831
"GET /static/js/core/popper.min.js HTTP/1.1" 404 1822
"GET /static/js/plugins/perfect-scrollbar.min.js HTTP/1.1" 404 1864
"GET /static/js/plugins/smooth-scrollbar.min.js HTTP/1.1" 404 1861
"GET /static/js/argon-dashboard.min.js HTTP/1.1" 404 1834
"GET /static/js/plugins/chartjs.min.js HTTP/1.1" 404 1834
"GET /student/class/3/ HTTP/1.1" 200 57996
"GET /static/js/core/bootstrap.min.js HTTP/1.1" 404 1831
"GET /static/js/core/popper.min.js HTTP/1.1" 404 1822
"GET /static/js/plugins/perfect-scrollbar.min.js HTTP/1.1" 404 1864
"GET /static/js/plugins/smooth-scrollbar.min.js HTTP/1.1" 404 1861
"GET /static/js/argon-dashboard.min.js HTTP/1.1" 404 1834
"GET /static/js/plugins/chartjs.min.js HTTP/1.1" 404 1834
"GET /student/class/3/ HTTP/1.1" 200 58000
"GET /static/js/core/bootstrap.min.js HTTP/1.1" 404 1831
"GET /static/js/core/popper.min.js HTTP/1.1" 404 1822
"GET /static/js/plugins/perfect-scrollbar.min.js HTTP/1.1" 404 1864
"GET /static/js/plugins/smooth-scrollbar.min.js HTTP/1.1" 404 1861
"GET /static/js/argon-dashboard.min.js HTTP/1.1" 404 1834
"GET /static/js/plugins/chartjs.min.js HTTP/1.1" 404 1834
"GET /student/class/3/ HTTP/1.1" 200 57176
"GET /static/js/core/bootstrap.min.js HTTP/1.1" 404 1831
"GET /static/js/core/popper.min.js HTTP/1.1" 404 1822
"GET /static/js/plugins/perfect-scrollbar.min.js HTTP/1.1" 404 1864
"GET /static/js/plugins/smooth-scrollbar.min.js HTTP/1.1" 404 1861
"GET /static/js/plugins/chartjs.min.js HTTP/1.1" 404 1834
"GET /static/js/argon-dashboard.min.js HTTP/1.1" 404 1834
Internal Server Error: /student/class/3/
Traceback (most recent call last):
  File "C:\Users\Chenchen\OneDrive\Documents\GitHub\DjangoProject\Paulicode\env\Lib\site-packages\django\core\handlers\exception.py", line 55, in inner
    response = get_response(request)
  File "C:\Users\Chenchen\OneDrive\Documents\GitHub\DjangoProject\Paulicode\env\Lib\site-packages\django\core\handlers\base.py", line 197, in _get_response
    response = wrapped_callback(request, *callback_args, **callback_kwargs)
  File "C:\Users\Chenchen\OneDrive\Documents\GitHub\DjangoProject\paulicode\User\views.py", line 911, in student_class_details
    return render(request, 'Students/cybersecurity_student_class_details.html', context)
  File "C:\Users\Chenchen\OneDrive\Documents\GitHub\DjangoProject\Paulicode\env\Lib\site-packages\django\shortcuts.py", line 24, in render
    content = loader.render_to_string(template_name, context, request, using=using)
  File "C:\Users\Chenchen\OneDrive\Documents\GitHub\DjangoProject\Paulicode\env\Lib\site-packages\django\template\loader.py", line 62, in render_to_string
    return template.render(context, request)
           ~~~~~~~~~~~~~~~^^^^^^^^^^^^^^^^^^
  File "C:\Users\Chenchen\OneDrive\Documents\GitHub\DjangoProject\Paulicode\env\Lib\site-packages\django\template\backends\django.py", line 61, in render
    return self.template.render(context)
           ~~~~~~~~~~~~~~~~~~~~^^^^^^^^^
  File "C:\Users\Chenchen\OneDrive\Documents\GitHub\DjangoProject\Paulicode\env\Lib\site-packages\django\template\base.py", line 175, in render
    return self._render(context)
           ~~~~~~~~~~~~^^^^^^^^^
  File "C:\Users\Chenchen\OneDrive\Documents\GitHub\DjangoProject\Paulicode\env\Lib\site-packages\django\template\base.py", line 167, in _render
    return self.nodelist.render(context)
           ~~~~~~~~~~~~~~~~~~~~^^^^^^^^^
  File "C:\Users\Chenchen\OneDrive\Documents\GitHub\DjangoProject\Paulicode\env\Lib\site-packages\django\template\base.py", line 1005, in render
    return SafeString("".join([node.render_annotated(context) for node in self]))
                               ~~~~~~~~~~~~~~~~~~~~~^^^^^^^^^
  File "C:\Users\Chenchen\OneDrive\Documents\GitHub\DjangoProject\Paulicode\env\Lib\site-packages\django\template\base.py", line 966, in render_annotated
    return self.render(context)
           ~~~~~~~~~~~^^^^^^^^^
  File "C:\Users\Chenchen\OneDrive\Documents\GitHub\DjangoProject\Paulicode\env\Lib\site-packages\django\template\loader_tags.py", line 157, in render
    return compiled_parent._render(context)
           ~~~~~~~~~~~~~~~~~~~~~~~^^^^^^^^^
  File "C:\Users\Chenchen\OneDrive\Documents\GitHub\DjangoProject\Paulicode\env\Lib\site-packages\django\template\base.py", line 167, in _render
    return self.nodelist.render(context)
           ~~~~~~~~~~~~~~~~~~~~^^^^^^^^^
  File "C:\Users\Chenchen\OneDrive\Documents\GitHub\DjangoProject\Paulicode\env\Lib\site-packages\django\template\base.py", line 1005, in render
    return SafeString("".join([node.render_annotated(context) for node in self]))
                               ~~~~~~~~~~~~~~~~~~~~~^^^^^^^^^
  File "C:\Users\Chenchen\OneDrive\Documents\GitHub\DjangoProject\Paulicode\env\Lib\site-packages\django\template\base.py", line 966, in render_annotated
    return self.render(context)
           ~~~~~~~~~~~^^^^^^^^^
  File "C:\Users\Chenchen\OneDrive\Documents\GitHub\DjangoProject\Paulicode\env\Lib\site-packages\django\template\defaulttags.py", line 321, in render
    return nodelist.render(context)
           ~~~~~~~~~~~~~~~^^^^^^^^^
  File "C:\Users\Chenchen\OneDrive\Documents\GitHub\DjangoProject\Paulicode\env\Lib\site-packages\django\template\base.py", line 1005, in render
    return SafeString("".join([node.render_annotated(context) for node in self]))
                               ~~~~~~~~~~~~~~~~~~~~~^^^^^^^^^
  File "C:\Users\Chenchen\OneDrive\Documents\GitHub\DjangoProject\Paulicode\env\Lib\site-packages\django\template\base.py", line 966, in render_annotated
    return self.render(context)
           ~~~~~~~~~~~^^^^^^^^^
  File "C:\Users\Chenchen\OneDrive\Documents\GitHub\DjangoProject\Paulicode\env\Lib\site-packages\django\template\loader_tags.py", line 197, in render
    template = context.template.engine.select_template(template_name)
  File "C:\Users\Chenchen\OneDrive\Documents\GitHub\DjangoProject\Paulicode\env\Lib\site-packages\django\template\engine.py", line 206, in select_template
    return self.get_template(template_name)
           ~~~~~~~~~~~~~~~~~^^^^^^^^^^^^^^^
  File "C:\Users\Chenchen\OneDrive\Documents\GitHub\DjangoProject\Paulicode\env\Lib\site-packages\django\template\engine.py", line 175, in get_template
    template, origin = self.find_template(template_name)
                       ~~~~~~~~~~~~~~~~~~^^^^^^^^^^^^^^^
  File "C:\Users\Chenchen\OneDrive\Documents\GitHub\DjangoProject\Paulicode\env\Lib\site-packages\django\template\engine.py", line 157, in find_template
    template = loader.get_template(name, skip=skip)
  File "C:\Users\Chenchen\OneDrive\Documents\GitHub\DjangoProject\Paulicode\env\Lib\site-packages\django\template\loaders\cached.py", line 57, in get_template
    template = super().get_template(template_name, skip)
  File "C:\Users\Chenchen\OneDrive\Documents\GitHub\DjangoProject\Paulicode\env\Lib\site-packages\django\template\loaders\base.py", line 28, in get_template
    return Template(
        contents,
    ...<2 lines>...
        self.engine,
    )
  File "C:\Users\Chenchen\OneDrive\Documents\GitHub\DjangoProject\Paulicode\env\Lib\site-packages\django\template\base.py", line 154, in __init__
    self.nodelist = self.compile_nodelist()
                    ~~~~~~~~~~~~~~~~~~~~~^^
  File "C:\Users\Chenchen\OneDrive\Documents\GitHub\DjangoProject\Paulicode\env\Lib\site-packages\django\template\base.py", line 200, in compile_nodelist
    return parser.parse()
           ~~~~~~~~~~~~^^
  File "C:\Users\Chenchen\OneDrive\Documents\GitHub\DjangoProject\Paulicode\env\Lib\site-packages\django\template\base.py", line 513, in parse
    raise self.error(token, e)
  File "C:\Users\Chenchen\OneDrive\Documents\GitHub\DjangoProject\Paulicode\env\Lib\site-packages\django\template\base.py", line 511, in parse
    compiled_result = compile_func(self, token)
  File "C:\Users\Chenchen\OneDrive\Documents\GitHub\DjangoProject\Paulicode\env\Lib\site-packages\django\template\defaulttags.py", line 953, in do_if
    nodelist = parser.parse(("elif", "else", "endif"))
  File "C:\Users\Chenchen\OneDrive\Documents\GitHub\DjangoProject\Paulicode\env\Lib\site-packages\django\template\base.py", line 513, in parse
    raise self.error(token, e)
  File "C:\Users\Chenchen\OneDrive\Documents\GitHub\DjangoProject\Paulicode\env\Lib\site-packages\django\template\base.py", line 511, in parse
    compiled_result = compile_func(self, token)
  File "C:\Users\Chenchen\OneDrive\Documents\GitHub\DjangoProject\Paulicode\env\Lib\site-packages\django\template\defaulttags.py", line 953, in do_if
    nodelist = parser.parse(("elif", "else", "endif"))
  File "C:\Users\Chenchen\OneDrive\Documents\GitHub\DjangoProject\Paulicode\env\Lib\site-packages\django\template\base.py", line 518, in parse
    self.unclosed_block_tag(parse_until)
    ~~~~~~~~~~~~~~~~~~~~~~~^^^^^^^^^^^^^
  File "C:\Users\Chenchen\OneDrive\Documents\GitHub\DjangoProject\Paulicode\env\Lib\site-packages\django\template\base.py", line 581, in unclosed_block_tag
    raise self.error(token, msg)
django.template.exceptions.TemplateSyntaxError: Unclosed tag on line 478: 'if'. Looking for one of: elif, else, endif.
"GET /student/class/3/ HTTP/1.1" 500 251622
Not Found: /favicon.ico
"GET /favicon.ico HTTP/1.1" 404 9338
"GET /student/class/3/ HTTP/1.1" 200 57176
"GET /static/js/core/popper.min.js HTTP/1.1" 404 1822
"GET /static/js/core/bootstrap.min.js HTTP/1.1" 404 1831
"GET /static/js/plugins/perfect-scrollbar.min.js HTTP/1.1" 404 1864
"GET /static/js/plugins/smooth-scrollbar.min.js HTTP/1.1" 404 1861
"GET /static/js/plugins/chartjs.min.js HTTP/1.1" 404 1834
"GET /static/js/argon-dashboard.min.js HTTP/1.1" 404 1834
"GET /student/class/3/ HTTP/1.1" 200 57176
"GET /static/js/core/bootstrap.min.js HTTP/1.1" 404 1831
"GET /static/js/core/popper.min.js HTTP/1.1" 404 1822
"GET /static/js/plugins/smooth-scrollbar.min.js HTTP/1.1" 404 1861
"GET /static/js/plugins/perfect-scrollbar.min.js HTTP/1.1" 404 1864
"GET /static/js/plugins/chartjs.min.js HTTP/1.1" 404 1834
"GET /static/js/argon-dashboard.min.js HTTP/1.1" 404 1834
"GET /student/class/3/ HTTP/1.1" 200 58861
"GET /static/js/core/bootstrap.min.js HTTP/1.1" 404 1831
"GET /static/js/core/popper.min.js HTTP/1.1" 404 1822
"GET /static/js/plugins/perfect-scrollbar.min.js HTTP/1.1" 404 1864
"GET /static/js/plugins/smooth-scrollbar.min.js HTTP/1.1" 404 1861
"GET /static/js/plugins/chartjs.min.js HTTP/1.1" 404 1834
"GET /static/js/argon-dashboard.min.js HTTP/1.1" 404 1834
"GET /StudentDashboard/ HTTP/1.1" 200 49125
"GET /static/js/core/popper.min.js HTTP/1.1" 404 1822
"GET /static/js/core/bootstrap.min.js HTTP/1.1" 404 1831
"GET /static/js/plugins/perfect-scrollbar.min.js HTTP/1.1" 404 1864
"GET /static/js/plugins/smooth-scrollbar.min.js HTTP/1.1" 404 1861
"GET /static/js/plugins/chartjs.min.js HTTP/1.1" 404 1834
"GET /static/js/argon-dashboard.min.js HTTP/1.1" 404 1834
"GET /media/class_icons/Gemini_Generated_Image_tqim57tqim57tqim_FDzubHJ.png HTTP/1.1" 304 0
"GET /classes/ HTTP/1.1" 200 40207
"GET /static/js/core/bootstrap.min.js HTTP/1.1" 404 1831
"GET /static/js/core/popper.min.js HTTP/1.1" 404 1822
"GET /static/js/plugins/perfect-scrollbar.min.js HTTP/1.1" 404 1864
"GET /static/js/plugins/smooth-scrollbar.min.js HTTP/1.1" 404 1861
"GET /static/js/plugins/chartjs.min.js HTTP/1.1" 404 1834
"GET /static/js/argon-dashboard.min.js HTTP/1.1" 404 1834
"GET /student/class/3/ HTTP/1.1" 200 58861
"GET /static/js/core/popper.min.js HTTP/1.1" 404 1822
"GET /static/js/core/bootstrap.min.js HTTP/1.1" 404 1831
"GET /static/js/plugins/perfect-scrollbar.min.js HTTP/1.1" 404 1864
"GET /static/js/plugins/smooth-scrollbar.min.js HTTP/1.1" 404 1861
"GET /static/js/plugins/chartjs.min.js HTTP/1.1" 404 1834
"GET /static/js/argon-dashboard.min.js HTTP/1.1" 404 1834
Internal Server Error: /student/class/3/
Traceback (most recent call last):
  File "C:\Users\Chenchen\OneDrive\Documents\GitHub\DjangoProject\Paulicode\env\Lib\site-packages\django\template\backends\django.py", line 61, in render
    return self.template.render(context)
           ~~~~~~~~~~~~~~~~~~~~^^^^^^^^^
  File "C:\Users\Chenchen\OneDrive\Documents\GitHub\DjangoProject\Paulicode\env\Lib\site-packages\django\template\base.py", line 175, in render
    return self._render(context)
           ~~~~~~~~~~~~^^^^^^^^^
  File "C:\Users\Chenchen\OneDrive\Documents\GitHub\DjangoProject\Paulicode\env\Lib\site-packages\django\template\base.py", line 167, in _render
    return self.nodelist.render(context)
           ~~~~~~~~~~~~~~~~~~~~^^^^^^^^^
  File "C:\Users\Chenchen\OneDrive\Documents\GitHub\DjangoProject\Paulicode\env\Lib\site-packages\django\template\base.py", line 1005, in render
    return SafeString("".join([node.render_annotated(context) for node in self]))
                               ~~~~~~~~~~~~~~~~~~~~~^^^^^^^^^
  File "C:\Users\Chenchen\OneDrive\Documents\GitHub\DjangoProject\Paulicode\env\Lib\site-packages\django\template\base.py", line 966, in render_annotated
    return self.render(context)
           ~~~~~~~~~~~^^^^^^^^^
  File "C:\Users\Chenchen\OneDrive\Documents\GitHub\DjangoProject\Paulicode\env\Lib\site-packages\django\template\loader_tags.py", line 157, in render
    return compiled_parent._render(context)
           ~~~~~~~~~~~~~~~~~~~~~~~^^^^^^^^^
  File "C:\Users\Chenchen\OneDrive\Documents\GitHub\DjangoProject\Paulicode\env\Lib\site-packages\django\template\base.py", line 167, in _render
    return self.nodelist.render(context)
           ~~~~~~~~~~~~~~~~~~~~^^^^^^^^^
  File "C:\Users\Chenchen\OneDrive\Documents\GitHub\DjangoProject\Paulicode\env\Lib\site-packages\django\template\base.py", line 1005, in render
    return SafeString("".join([node.render_annotated(context) for node in self]))
                               ~~~~~~~~~~~~~~~~~~~~~^^^^^^^^^
  File "C:\Users\Chenchen\OneDrive\Documents\GitHub\DjangoProject\Paulicode\env\Lib\site-packages\django\template\base.py", line 966, in render_annotated
    return self.render(context)
           ~~~~~~~~~~~^^^^^^^^^
  File "C:\Users\Chenchen\OneDrive\Documents\GitHub\DjangoProject\Paulicode\env\Lib\site-packages\django\template\defaulttags.py", line 321, in render
    return nodelist.render(context)
           ~~~~~~~~~~~~~~~^^^^^^^^^
  File "C:\Users\Chenchen\OneDrive\Documents\GitHub\DjangoProject\Paulicode\env\Lib\site-packages\django\template\base.py", line 1005, in render
    return SafeString("".join([node.render_annotated(context) for node in self]))
                               ~~~~~~~~~~~~~~~~~~~~~^^^^^^^^^
  File "C:\Users\Chenchen\OneDrive\Documents\GitHub\DjangoProject\Paulicode\env\Lib\site-packages\django\template\base.py", line 966, in render_annotated
    return self.render(context)
           ~~~~~~~~~~~^^^^^^^^^
  File "C:\Users\Chenchen\OneDrive\Documents\GitHub\DjangoProject\Paulicode\env\Lib\site-packages\django\template\loader_tags.py", line 208, in render
    return template.render(context)
           ~~~~~~~~~~~~~~~^^^^^^^^^
  File "C:\Users\Chenchen\OneDrive\Documents\GitHub\DjangoProject\Paulicode\env\Lib\site-packages\django\template\base.py", line 177, in render
    return self._render(context)
           ~~~~~~~~~~~~^^^^^^^^^
  File "C:\Users\Chenchen\OneDrive\Documents\GitHub\DjangoProject\Paulicode\env\Lib\site-packages\django\template\base.py", line 167, in _render
    return self.nodelist.render(context)
           ~~~~~~~~~~~~~~~~~~~~^^^^^^^^^
  File "C:\Users\Chenchen\OneDrive\Documents\GitHub\DjangoProject\Paulicode\env\Lib\site-packages\django\template\base.py", line 1005, in render
    return SafeString("".join([node.render_annotated(context) for node in self]))
                               ~~~~~~~~~~~~~~~~~~~~~^^^^^^^^^
  File "C:\Users\Chenchen\OneDrive\Documents\GitHub\DjangoProject\Paulicode\env\Lib\site-packages\django\template\base.py", line 966, in render_annotated
    return self.render(context)
           ~~~~~~~~~~~^^^^^^^^^
  File "C:\Users\Chenchen\OneDrive\Documents\GitHub\DjangoProject\Paulicode\env\Lib\site-packages\django\template\defaulttags.py", line 321, in render
    return nodelist.render(context)
           ~~~~~~~~~~~~~~~^^^^^^^^^
  File "C:\Users\Chenchen\OneDrive\Documents\GitHub\DjangoProject\Paulicode\env\Lib\site-packages\django\template\base.py", line 1005, in render
    return SafeString("".join([node.render_annotated(context) for node in self]))
                               ~~~~~~~~~~~~~~~~~~~~~^^^^^^^^^
  File "C:\Users\Chenchen\OneDrive\Documents\GitHub\DjangoProject\Paulicode\env\Lib\site-packages\django\template\base.py", line 966, in render_annotated
    return self.render(context)
           ~~~~~~~~~~~^^^^^^^^^
  File "C:\Users\Chenchen\OneDrive\Documents\GitHub\DjangoProject\Paulicode\env\Lib\site-packages\django\template\loader_tags.py", line 197, in render
    template = context.template.engine.select_template(template_name)
  File "C:\Users\Chenchen\OneDrive\Documents\GitHub\DjangoProject\Paulicode\env\Lib\site-packages\django\template\engine.py", line 212, in select_template
    raise TemplateDoesNotExist(", ".join(not_found))
django.template.exceptions.TemplateDoesNotExist: components/user_info_card.html

The above exception was the direct cause of the following exception:

Traceback (most recent call last):
  File "C:\Users\Chenchen\OneDrive\Documents\GitHub\DjangoProject\Paulicode\env\Lib\site-packages\django\core\handlers\exception.py", line 55, in inner
    response = get_response(request)
  File "C:\Users\Chenchen\OneDrive\Documents\GitHub\DjangoProject\Paulicode\env\Lib\site-packages\django\core\handlers\base.py", line 197, in _get_response
    response = wrapped_callback(request, *callback_args, **callback_kwargs)
  File "C:\Users\Chenchen\OneDrive\Documents\GitHub\DjangoProject\paulicode\User\views.py", line 911, in student_class_details
    return render(request, 'Students/cybersecurity_student_class_details.html', context)
  File "C:\Users\Chenchen\OneDrive\Documents\GitHub\DjangoProject\Paulicode\env\Lib\site-packages\django\shortcuts.py", line 24, in render
    content = loader.render_to_string(template_name, context, request, using=using)
  File "C:\Users\Chenchen\OneDrive\Documents\GitHub\DjangoProject\Paulicode\env\Lib\site-packages\django\template\loader.py", line 62, in render_to_string
    return template.render(context, request)
           ~~~~~~~~~~~~~~~^^^^^^^^^^^^^^^^^^
  File "C:\Users\Chenchen\OneDrive\Documents\GitHub\DjangoProject\Paulicode\env\Lib\site-packages\django\template\backends\django.py", line 63, in render
    reraise(exc, self.backend)
    ~~~~~~~^^^^^^^^^^^^^^^^^^^
  File "C:\Users\Chenchen\OneDrive\Documents\GitHub\DjangoProject\Paulicode\env\Lib\site-packages\django\template\backends\django.py", line 84, in reraise
    raise new from exc
django.template.exceptions.TemplateDoesNotExist: components/user_info_card.html
"GET /student/class/3/ HTTP/1.1" 500 208718
"GET /student/class/3/ HTTP/1.1" 200 58411
"GET /static/js/core/popper.min.js HTTP/1.1" 404 1822
"GET /media/profile_pic/9d19fa5a-b873-469d-8372-7f4957e1f4ec.jpg HTTP/1.1" 304 0
"GET /static/js/core/bootstrap.min.js HTTP/1.1" 404 1831
"GET /static/js/plugins/perfect-scrollbar.min.js HTTP/1.1" 404 1864
"GET /static/js/plugins/smooth-scrollbar.min.js HTTP/1.1" 404 1861
"GET /static/js/plugins/chartjs.min.js HTTP/1.1" 404 1834
"GET /static/js/argon-dashboard.min.js HTTP/1.1" 404 1834
"GET /classes/ HTTP/1.1" 200 39906
"GET /static/js/core/popper.min.js HTTP/1.1" 404 1822
"GET /static/js/core/bootstrap.min.js HTTP/1.1" 404 1831
"GET /static/js/plugins/perfect-scrollbar.min.js HTTP/1.1" 404 1864
"GET /static/js/plugins/smooth-scrollbar.min.js HTTP/1.1" 404 1861
"GET /static/js/plugins/chartjs.min.js HTTP/1.1" 404 1834
"GET /static/js/argon-dashboard.min.js HTTP/1.1" 404 1834
"GET /student/class/3/ HTTP/1.1" 200 58411
"GET /static/js/core/bootstrap.min.js HTTP/1.1" 404 1831
"GET /static/js/core/popper.min.js HTTP/1.1" 404 1822
"GET /static/js/plugins/perfect-scrollbar.min.js HTTP/1.1" 404 1864
"GET /static/js/plugins/smooth-scrollbar.min.js HTTP/1.1" 404 1861
"GET /static/js/plugins/chartjs.min.js HTTP/1.1" 404 1834
"GET /static/js/argon-dashboard.min.js HTTP/1.1" 404 1834
"GET /StudentDashboard/ HTTP/1.1" 200 48632
"GET /static/js/core/popper.min.js HTTP/1.1" 404 1822
"GET /static/js/core/bootstrap.min.js HTTP/1.1" 404 1831
"GET /static/js/plugins/perfect-scrollbar.min.js HTTP/1.1" 404 1864
"GET /static/js/plugins/smooth-scrollbar.min.js HTTP/1.1" 404 1861
"GET /static/js/plugins/chartjs.min.js HTTP/1.1" 404 1834
"GET /static/js/argon-dashboard.min.js HTTP/1.1" 404 1834
"GET /classes/ HTTP/1.1" 200 39906
"GET /static/js/core/popper.min.js HTTP/1.1" 404 1822
"GET /static/js/core/bootstrap.min.js HTTP/1.1" 404 1831
"GET /static/js/plugins/perfect-scrollbar.min.js HTTP/1.1" 404 1864
"GET /static/js/plugins/smooth-scrollbar.min.js HTTP/1.1" 404 1861
"GET /static/js/plugins/chartjs.min.js HTTP/1.1" 404 1834
"GET /static/js/argon-dashboard.min.js HTTP/1.1" 404 1834
"GET /code-playground/ HTTP/1.1" 200 81283
"GET /static/js/core/popper.min.js HTTP/1.1" 404 1822
"GET /static/js/core/bootstrap.min.js HTTP/1.1" 404 1831
"GET /static/js/plugins/perfect-scrollbar.min.js HTTP/1.1" 404 1864
"GET /static/js/plugins/smooth-scrollbar.min.js HTTP/1.1" 404 1861
"GET /static/js/plugins/chartjs.min.js HTTP/1.1" 404 1834
"GET /static/js/argon-dashboard.min.js HTTP/1.1" 404 1834
"GET /StudentDashboard/ HTTP/1.1" 200 48632
"GET /static/js/core/bootstrap.min.js HTTP/1.1" 404 1831
"GET /static/js/core/popper.min.js HTTP/1.1" 404 1822
"GET /static/js/plugins/perfect-scrollbar.min.js HTTP/1.1" 404 1864
"GET /static/js/plugins/smooth-scrollbar.min.js HTTP/1.1" 404 1861
"GET /static/js/plugins/chartjs.min.js HTTP/1.1" 404 1834
"GET /static/js/argon-dashboard.min.js HTTP/1.1" 404 1834
"POST /student/join-class/ HTTP/1.1" 302 0
"GET /classes/ HTTP/1.1" 200 40402
"GET /static/js/core/popper.min.js HTTP/1.1" 404 1822
"GET /static/js/core/bootstrap.min.js HTTP/1.1" 404 1831
"GET /static/js/plugins/perfect-scrollbar.min.js HTTP/1.1" 404 1864
"GET /static/js/plugins/smooth-scrollbar.min.js HTTP/1.1" 404 1861
"GET /static/js/plugins/chartjs.min.js HTTP/1.1" 404 1834
"GET /static/js/argon-dashboard.min.js HTTP/1.1" 404 1834
"GET /student/class/3/ HTTP/1.1" 200 58411
"GET /static/js/core/popper.min.js HTTP/1.1" 404 1822
"GET /static/js/core/bootstrap.min.js HTTP/1.1" 404 1831
"GET /static/js/plugins/perfect-scrollbar.min.js HTTP/1.1" 404 1864
"GET /static/js/plugins/smooth-scrollbar.min.js HTTP/1.1" 404 1861
"GET /static/js/plugins/chartjs.min.js HTTP/1.1" 404 1834
"GET /static/js/argon-dashboard.min.js HTTP/1.1" 404 1834
"GET /StudentDashboard/ HTTP/1.1" 200 48632
"GET /static/js/core/popper.min.js HTTP/1.1" 404 1822
"GET /static/js/core/bootstrap.min.js HTTP/1.1" 404 1831
"GET /static/js/plugins/perfect-scrollbar.min.js HTTP/1.1" 404 1864
"GET /static/js/plugins/smooth-scrollbar.min.js HTTP/1.1" 404 1861
"GET /static/js/plugins/chartjs.min.js HTTP/1.1" 404 1834
"GET /static/js/argon-dashboard.min.js HTTP/1.1" 404 1834
"POST /student/join-class/ HTTP/1.1" 302 0
"GET /classes/ HTTP/1.1" 200 40411
"GET /static/js/core/popper.min.js HTTP/1.1" 404 1822
"GET /static/js/core/bootstrap.min.js HTTP/1.1" 404 1831
"GET /static/js/plugins/perfect-scrollbar.min.js HTTP/1.1" 404 1864
"GET /static/js/plugins/smooth-scrollbar.min.js HTTP/1.1" 404 1861
"GET /static/js/argon-dashboard.min.js HTTP/1.1" 404 1834
"GET /static/js/plugins/chartjs.min.js HTTP/1.1" 404 1834
"GET /student/class/3/ HTTP/1.1" 200 58411
"GET /static/js/core/popper.min.js HTTP/1.1" 404 1822
"GET /static/js/core/bootstrap.min.js HTTP/1.1" 404 1831
"GET /static/js/plugins/perfect-scrollbar.min.js HTTP/1.1" 404 1864
"GET /static/js/plugins/smooth-scrollbar.min.js HTTP/1.1" 404 1861
"GET /static/js/argon-dashboard.min.js HTTP/1.1" 404 1834
"GET /static/js/plugins/chartjs.min.js HTTP/1.1" 404 1834
"GET /student/class/3/ HTTP/1.1" 200 57600
"GET /static/js/core/popper.min.js HTTP/1.1" 404 1822
"GET /static/js/core/bootstrap.min.js HTTP/1.1" 404 1831
"GET /static/js/plugins/perfect-scrollbar.min.js HTTP/1.1" 404 1864
"GET /static/js/plugins/smooth-scrollbar.min.js HTTP/1.1" 404 1861
"GET /static/js/plugins/chartjs.min.js HTTP/1.1" 404 1834
"GET /static/js/argon-dashboard.min.js HTTP/1.1" 404 1834
"GET /student/class/3/ HTTP/1.1" 200 58411
"GET /static/js/core/popper.min.js HTTP/1.1" 404 1822
"GET /static/js/core/bootstrap.min.js HTTP/1.1" 404 1831
"GET /static/js/plugins/perfect-scrollbar.min.js HTTP/1.1" 404 1864
"GET /static/js/plugins/smooth-scrollbar.min.js HTTP/1.1" 404 1861
"GET /static/js/plugins/chartjs.min.js HTTP/1.1" 404 1834
"GET /static/js/argon-dashboard.min.js HTTP/1.1" 404 1834
"GET /student/class/3/ HTTP/1.1" 200 58411
"GET /static/js/core/bootstrap.min.js HTTP/1.1" 404 1831
"GET /static/js/core/popper.min.js HTTP/1.1" 404 1822
"GET /static/js/plugins/smooth-scrollbar.min.js HTTP/1.1" 404 1861
"GET /static/js/plugins/perfect-scrollbar.min.js HTTP/1.1" 404 1864
"GET /static/js/plugins/chartjs.min.js HTTP/1.1" 404 1834
"GET /static/js/argon-dashboard.min.js HTTP/1.1" 404 1834
"GET /student/class/3/ HTTP/1.1" 200 58411
"GET /static/js/core/popper.min.js HTTP/1.1" 404 1822
"GET /static/js/core/bootstrap.min.js HTTP/1.1" 404 1831
"GET /static/js/plugins/perfect-scrollbar.min.js HTTP/1.1" 404 1864
"GET /static/js/plugins/smooth-scrollbar.min.js HTTP/1.1" 404 1861
"GET /static/js/plugins/chartjs.min.js HTTP/1.1" 404 1834
"GET /static/js/argon-dashboard.min.js HTTP/1.1" 404 1834
"GET /student/class/3/ HTTP/1.1" 200 57029
"GET /static/js/core/bootstrap.min.js HTTP/1.1" 404 1831
"GET /static/js/core/popper.min.js HTTP/1.1" 404 1822
"GET /static/js/plugins/perfect-scrollbar.min.js HTTP/1.1" 404 1864
"GET /static/js/plugins/smooth-scrollbar.min.js HTTP/1.1" 404 1861
"GET /static/js/plugins/chartjs.min.js HTTP/1.1" 404 1834
"GET /static/js/argon-dashboard.min.js HTTP/1.1" 404 1834
"GET /student/class/3/ HTTP/1.1" 200 58411
"GET /static/js/core/popper.min.js HTTP/1.1" 404 1822
"GET /static/js/core/bootstrap.min.js HTTP/1.1" 404 1831
"GET /static/js/plugins/perfect-scrollbar.min.js HTTP/1.1" 404 1864
"GET /static/js/plugins/smooth-scrollbar.min.js HTTP/1.1" 404 1861
"GET /static/js/plugins/chartjs.min.js HTTP/1.1" 404 1834
"GET /static/js/argon-dashboard.min.js HTTP/1.1" 404 1834
"GET /student/class/3/ HTTP/1.1" 200 57553
"GET /static/js/core/popper.min.js HTTP/1.1" 404 1822
"GET /media/profile_pic/9d19fa5a-b873-469d-8372-7f4957e1f4ec.jpg HTTP/1.1" 304 0
"GET /static/js/core/bootstrap.min.js HTTP/1.1" 404 1831
"GET /static/js/plugins/perfect-scrollbar.min.js HTTP/1.1" 404 1864
"GET /static/js/plugins/smooth-scrollbar.min.js HTTP/1.1" 404 1861
"GET /static/js/plugins/chartjs.min.js HTTP/1.1" 404 1834
"GET /static/js/argon-dashboard.min.js HTTP/1.1" 404 1834
"GET /problem/2/details/ HTTP/1.1" 200 242
"GET /problem/2/details/ HTTP/1.1" 200 242
Internal Server Error: /student/class/3/
Traceback (most recent call last):
  File "C:\Users\Chenchen\OneDrive\Documents\GitHub\DjangoProject\Paulicode\env\Lib\site-packages\django\template\backends\django.py", line 61, in render
    return self.template.render(context)
           ~~~~~~~~~~~~~~~~~~~~^^^^^^^^^
  File "C:\Users\Chenchen\OneDrive\Documents\GitHub\DjangoProject\Paulicode\env\Lib\site-packages\django\template\base.py", line 175, in render
    return self._render(context)
           ~~~~~~~~~~~~^^^^^^^^^
  File "C:\Users\Chenchen\OneDrive\Documents\GitHub\DjangoProject\Paulicode\env\Lib\site-packages\django\template\base.py", line 167, in _render
    return self.nodelist.render(context)
           ~~~~~~~~~~~~~~~~~~~~^^^^^^^^^
  File "C:\Users\Chenchen\OneDrive\Documents\GitHub\DjangoProject\Paulicode\env\Lib\site-packages\django\template\base.py", line 1005, in render
    return SafeString("".join([node.render_annotated(context) for node in self]))
                               ~~~~~~~~~~~~~~~~~~~~~^^^^^^^^^
  File "C:\Users\Chenchen\OneDrive\Documents\GitHub\DjangoProject\Paulicode\env\Lib\site-packages\django\template\base.py", line 966, in render_annotated
    return self.render(context)
           ~~~~~~~~~~~^^^^^^^^^
  File "C:\Users\Chenchen\OneDrive\Documents\GitHub\DjangoProject\Paulicode\env\Lib\site-packages\django\template\loader_tags.py", line 157, in render
    return compiled_parent._render(context)
           ~~~~~~~~~~~~~~~~~~~~~~~^^^^^^^^^
  File "C:\Users\Chenchen\OneDrive\Documents\GitHub\DjangoProject\Paulicode\env\Lib\site-packages\django\template\base.py", line 167, in _render
    return self.nodelist.render(context)
           ~~~~~~~~~~~~~~~~~~~~^^^^^^^^^
  File "C:\Users\Chenchen\OneDrive\Documents\GitHub\DjangoProject\Paulicode\env\Lib\site-packages\django\template\base.py", line 1005, in render
    return SafeString("".join([node.render_annotated(context) for node in self]))
                               ~~~~~~~~~~~~~~~~~~~~~^^^^^^^^^
  File "C:\Users\Chenchen\OneDrive\Documents\GitHub\DjangoProject\Paulicode\env\Lib\site-packages\django\template\base.py", line 966, in render_annotated
    return self.render(context)
           ~~~~~~~~~~~^^^^^^^^^
  File "C:\Users\Chenchen\OneDrive\Documents\GitHub\DjangoProject\Paulicode\env\Lib\site-packages\django\template\defaulttags.py", line 321, in render
    return nodelist.render(context)
           ~~~~~~~~~~~~~~~^^^^^^^^^
  File "C:\Users\Chenchen\OneDrive\Documents\GitHub\DjangoProject\Paulicode\env\Lib\site-packages\django\template\base.py", line 1005, in render
    return SafeString("".join([node.render_annotated(context) for node in self]))
                               ~~~~~~~~~~~~~~~~~~~~~^^^^^^^^^
  File "C:\Users\Chenchen\OneDrive\Documents\GitHub\DjangoProject\Paulicode\env\Lib\site-packages\django\template\base.py", line 966, in render_annotated
    return self.render(context)
           ~~~~~~~~~~~^^^^^^^^^
  File "C:\Users\Chenchen\OneDrive\Documents\GitHub\DjangoProject\Paulicode\env\Lib\site-packages\django\template\loader_tags.py", line 208, in render
    return template.render(context)
           ~~~~~~~~~~~~~~~^^^^^^^^^
  File "C:\Users\Chenchen\OneDrive\Documents\GitHub\DjangoProject\Paulicode\env\Lib\site-packages\django\template\base.py", line 177, in render
    return self._render(context)
           ~~~~~~~~~~~~^^^^^^^^^
  File "C:\Users\Chenchen\OneDrive\Documents\GitHub\DjangoProject\Paulicode\env\Lib\site-packages\django\template\base.py", line 167, in _render
    return self.nodelist.render(context)
           ~~~~~~~~~~~~~~~~~~~~^^^^^^^^^
  File "C:\Users\Chenchen\OneDrive\Documents\GitHub\DjangoProject\Paulicode\env\Lib\site-packages\django\template\base.py", line 1005, in render
    return SafeString("".join([node.render_annotated(context) for node in self]))
                               ~~~~~~~~~~~~~~~~~~~~~^^^^^^^^^
  File "C:\Users\Chenchen\OneDrive\Documents\GitHub\DjangoProject\Paulicode\env\Lib\site-packages\django\template\base.py", line 966, in render_annotated
    return self.render(context)
           ~~~~~~~~~~~^^^^^^^^^
  File "C:\Users\Chenchen\OneDrive\Documents\GitHub\DjangoProject\Paulicode\env\Lib\site-packages\django\template\defaulttags.py", line 321, in render
    return nodelist.render(context)
           ~~~~~~~~~~~~~~~^^^^^^^^^
  File "C:\Users\Chenchen\OneDrive\Documents\GitHub\DjangoProject\Paulicode\env\Lib\site-packages\django\template\base.py", line 1005, in render
    return SafeString("".join([node.render_annotated(context) for node in self]))
                               ~~~~~~~~~~~~~~~~~~~~~^^^^^^^^^
  File "C:\Users\Chenchen\OneDrive\Documents\GitHub\DjangoProject\Paulicode\env\Lib\site-packages\django\template\base.py", line 966, in render_annotated
    return self.render(context)
           ~~~~~~~~~~~^^^^^^^^^
  File "C:\Users\Chenchen\OneDrive\Documents\GitHub\DjangoProject\Paulicode\env\Lib\site-packages\django\template\loader_tags.py", line 197, in render
    template = context.template.engine.select_template(template_name)
  File "C:\Users\Chenchen\OneDrive\Documents\GitHub\DjangoProject\Paulicode\env\Lib\site-packages\django\template\engine.py", line 212, in select_template
    raise TemplateDoesNotExist(", ".join(not_found))
django.template.exceptions.TemplateDoesNotExist: components/user_info_card.html

The above exception was the direct cause of the following exception:

Traceback (most recent call last):
  File "C:\Users\Chenchen\OneDrive\Documents\GitHub\DjangoProject\Paulicode\env\Lib\site-packages\django\core\handlers\exception.py", line 55, in inner
    response = get_response(request)
  File "C:\Users\Chenchen\OneDrive\Documents\GitHub\DjangoProject\Paulicode\env\Lib\site-packages\django\core\handlers\base.py", line 197, in _get_response
    response = wrapped_callback(request, *callback_args, **callback_kwargs)
  File "C:\Users\Chenchen\OneDrive\Documents\GitHub\DjangoProject\paulicode\User\views.py", line 911, in student_class_details
    return render(request, 'Students/cybersecurity_student_class_details.html', context)
  File "C:\Users\Chenchen\OneDrive\Documents\GitHub\DjangoProject\Paulicode\env\Lib\site-packages\django\shortcuts.py", line 24, in render
    content = loader.render_to_string(template_name, context, request, using=using)
  File "C:\Users\Chenchen\OneDrive\Documents\GitHub\DjangoProject\Paulicode\env\Lib\site-packages\django\template\loader.py", line 62, in render_to_string
    return template.render(context, request)
           ~~~~~~~~~~~~~~~^^^^^^^^^^^^^^^^^^
  File "C:\Users\Chenchen\OneDrive\Documents\GitHub\DjangoProject\Paulicode\env\Lib\site-packages\django\template\backends\django.py", line 63, in render
    reraise(exc, self.backend)
    ~~~~~~~^^^^^^^^^^^^^^^^^^^
  File "C:\Users\Chenchen\OneDrive\Documents\GitHub\DjangoProject\Paulicode\env\Lib\site-packages\django\template\backends\django.py", line 84, in reraise
    raise new from exc
django.template.exceptions.TemplateDoesNotExist: components/user_info_card.html
"GET /student/class/3/ HTTP/1.1" 500 208718
"GET /student/class/3/ HTTP/1.1" 200 58411
"GET /static/js/core/popper.min.js HTTP/1.1" 404 1822
"GET /static/js/core/bootstrap.min.js HTTP/1.1" 404 1831
"GET /static/js/plugins/smooth-scrollbar.min.js HTTP/1.1" 404 1861
"GET /static/js/plugins/perfect-scrollbar.min.js HTTP/1.1" 404 1864
"GET /static/js/argon-dashboard.min.js HTTP/1.1" 404 1834
"GET /static/js/plugins/chartjs.min.js HTTP/1.1" 404 1834
"GET /student/class/3/ HTTP/1.1" 200 57553
"GET /static/js/core/bootstrap.min.js HTTP/1.1" 404 1831
"GET /static/js/core/popper.min.js HTTP/1.1" 404 1822
"GET /static/js/plugins/perfect-scrollbar.min.js HTTP/1.1" 404 1864
"GET /static/js/plugins/smooth-scrollbar.min.js HTTP/1.1" 404 1861
"GET /static/js/plugins/chartjs.min.js HTTP/1.1" 404 1834
"GET /static/js/argon-dashboard.min.js HTTP/1.1" 404 1834
"GET /student/class/3/ HTTP/1.1" 200 56666
"GET /static/js/core/popper.min.js HTTP/1.1" 404 1822
"GET /static/js/core/bootstrap.min.js HTTP/1.1" 404 1831
"GET /static/js/plugins/smooth-scrollbar.min.js HTTP/1.1" 404 1861
"GET /static/js/plugins/perfect-scrollbar.min.js HTTP/1.1" 404 1864
"GET /static/js/plugins/chartjs.min.js HTTP/1.1" 404 1834
"GET /static/js/argon-dashboard.min.js HTTP/1.1" 404 1834
"GET /class/3/ HTTP/1.1" 200 58794
"GET /static/js/core/popper.min.js HTTP/1.1" 404 1822
"GET /static/js/core/bootstrap.min.js HTTP/1.1" 404 1831
"GET /static/js/plugins/perfect-scrollbar.min.js HTTP/1.1" 404 1864
"GET /static/js/plugins/smooth-scrollbar.min.js HTTP/1.1" 404 1861
"GET /static/js/plugins/chartjs.min.js HTTP/1.1" 404 1834
"GET /static/js/argon-dashboard.min.js HTTP/1.1" 404 1834
"GET /media/profile_pic/9d19fa5a-b873-469d-8372-7f4957e1f4ec.jpg HTTP/1.1" 200 282651
"GET / HTTP/1.1" 302 0
"GET /dashboard/ HTTP/1.1" 200 49967
"GET /static/js/core/popper.min.js HTTP/1.1" 404 1822
"GET /static/js/core/bootstrap.min.js HTTP/1.1" 404 1831
"GET /static/js/plugins/perfect-scrollbar.min.js HTTP/1.1" 404 1864
"GET /static/js/plugins/smooth-scrollbar.min.js HTTP/1.1" 404 1861
"GET /static/js/plugins/chartjs.min.js HTTP/1.1" 404 1834
"GET /static/js/argon-dashboard.min.js HTTP/1.1" 404 1834
"GET /media/class_icons/Gemini_Generated_Image_tqim57tqim57tqim_FDzubHJ.png HTTP/1.1" 200 1261532
"GET /dashboard/ HTTP/1.1" 200 49967
"GET /MyClasses/ HTTP/1.1" 200 69020
"GET /static/js/core/popper.min.js HTTP/1.1" 404 1822
"GET /static/js/core/bootstrap.min.js HTTP/1.1" 404 1831
"GET /static/js/plugins/perfect-scrollbar.min.js HTTP/1.1" 404 1864
"GET /static/js/plugins/smooth-scrollbar.min.js HTTP/1.1" 404 1861
"GET /static/js/plugins/chartjs.min.js HTTP/1.1" 404 1834
"GET /static/js/argon-dashboard.min.js HTTP/1.1" 404 1834
"GET /MyClasses/ HTTP/1.1" 200 69020
"GET /dashboard/ HTTP/1.1" 200 49967
"GET /static/js/core/popper.min.js HTTP/1.1" 404 1822
"GET /static/js/core/bootstrap.min.js HTTP/1.1" 404 1831
"GET /static/js/plugins/perfect-scrollbar.min.js HTTP/1.1" 404 1864
"GET /static/js/plugins/smooth-scrollbar.min.js HTTP/1.1" 404 1861
"GET /static/js/plugins/chartjs.min.js HTTP/1.1" 404 1834
"GET /static/js/argon-dashboard.min.js HTTP/1.1" 404 1834
"GET /dashboard/ HTTP/1.1" 200 49967
"POST /logout/ HTTP/1.1" 302 0
"GET / HTTP/1.1" 200 22101
"GET /static/js/core/popper.min.js HTTP/1.1" 404 1822
"GET /static/js/core/bootstrap.min.js HTTP/1.1" 404 1831
"GET /static/js/plugins/perfect-scrollbar.min.js HTTP/1.1" 404 1864
"GET /static/js/plugins/smooth-scrollbar.min.js HTTP/1.1" 404 1861
"GET /static/js/plugins/chartjs.min.js HTTP/1.1" 404 1834
"GET /static/js/argon-dashboard.min.js HTTP/1.1" 404 1834
"GET / HTTP/1.1" 200 21605
"POST /login/ HTTP/1.1" 302 0
"GET / HTTP/1.1" 200 22092
"GET /static/js/core/popper.min.js HTTP/1.1" 404 1822
"GET /static/js/core/bootstrap.min.js HTTP/1.1" 404 1831
"GET /static/js/plugins/perfect-scrollbar.min.js HTTP/1.1" 404 1864
"GET /static/js/plugins/smooth-scrollbar.min.js HTTP/1.1" 404 1861
"GET /static/js/plugins/chartjs.min.js HTTP/1.1" 404 1834
"GET /static/js/argon-dashboard.min.js HTTP/1.1" 404 1834
"GET / HTTP/1.1" 200 21605
"POST /login/ HTTP/1.1" 302 0
"GET /StudentDashboard/ HTTP/1.1" 200 48552
"GET /static/js/core/popper.min.js HTTP/1.1" 404 1822
"GET /static/js/core/bootstrap.min.js HTTP/1.1" 404 1831
"GET /media/profile_pic/9d19fa5a-b873-469d-8372-7f4957e1f4ec.jpg HTTP/1.1" 200 282651
"GET /static/js/plugins/perfect-scrollbar.min.js HTTP/1.1" 404 1864
"GET /static/js/plugins/smooth-scrollbar.min.js HTTP/1.1" 404 1861
"GET /static/js/argon-dashboard.min.js HTTP/1.1" 404 1834
"GET /static/js/plugins/chartjs.min.js HTTP/1.1" 404 1834
"GET /classes/ HTTP/1.1" 200 39723
"GET /static/img/search.png HTTP/1.1" 200 30429
"GET /static/js/core/popper.min.js HTTP/1.1" 404 1822
"GET /static/js/core/bootstrap.min.js HTTP/1.1" 404 1831
"GET /static/js/plugins/perfect-scrollbar.min.js HTTP/1.1" 404 1864
"GET /static/js/plugins/smooth-scrollbar.min.js HTTP/1.1" 404 1861
"GET /static/js/plugins/chartjs.min.js HTTP/1.1" 404 1834
"GET /static/js/argon-dashboard.min.js HTTP/1.1" 404 1834
"GET /student/class/3/ HTTP/1.1" 200 57226
"GET /static/js/core/bootstrap.min.js HTTP/1.1" 404 1831
"GET /static/js/core/popper.min.js HTTP/1.1" 404 1822
"GET /static/js/plugins/perfect-scrollbar.min.js HTTP/1.1" 404 1864
"GET /static/js/plugins/smooth-scrollbar.min.js HTTP/1.1" 404 1861
"GET /static/js/plugins/chartjs.min.js HTTP/1.1" 404 1834
"GET /static/js/argon-dashboard.min.js HTTP/1.1" 404 1834
"GET /problem/2/details/ HTTP/1.1" 200 242
"GET /problem/2/details/ HTTP/1.1" 200 242
"GET /student/class/3/ HTTP/1.1" 200 56666
"GET /static/js/core/popper.min.js HTTP/1.1" 404 1822
"GET /static/js/core/bootstrap.min.js HTTP/1.1" 404 1831
"GET /static/js/plugins/perfect-scrollbar.min.js HTTP/1.1" 404 1864
"GET /static/js/plugins/smooth-scrollbar.min.js HTTP/1.1" 404 1861
"GET /static/js/plugins/chartjs.min.js HTTP/1.1" 404 1834
"GET /static/js/argon-dashboard.min.js HTTP/1.1" 404 1834
"GET /problem/2/details/ HTTP/1.1" 200 242
"GET /problem/2/details/ HTTP/1.1" 200 242
"GET /problem/2/details/ HTTP/1.1" 200 242
"GET /problem/2/details/ HTTP/1.1" 200 242
"GET /student/class/3/ HTTP/1.1" 200 55832
"GET /static/js/core/popper.min.js HTTP/1.1" 404 1822
"GET /static/js/core/bootstrap.min.js HTTP/1.1" 404 1831
"GET /static/js/plugins/perfect-scrollbar.min.js HTTP/1.1" 404 1864
"GET /static/js/plugins/smooth-scrollbar.min.js HTTP/1.1" 404 1861
"GET /static/js/plugins/chartjs.min.js HTTP/1.1" 404 1834
"GET /static/js/argon-dashboard.min.js HTTP/1.1" 404 1834
"GET /problem/2/details/ HTTP/1.1" 200 242
"GET /problem/2/details/ HTTP/1.1" 200 242
"GET /student/class/3/?filter=Quiz HTTP/1.1" 200 53874
"GET /static/js/core/popper.min.js HTTP/1.1" 404 1822
"GET /static/js/core/bootstrap.min.js HTTP/1.1" 404 1831
"GET /static/js/plugins/perfect-scrollbar.min.js HTTP/1.1" 404 1864
"GET /static/js/plugins/smooth-scrollbar.min.js HTTP/1.1" 404 1861
"GET /static/js/plugins/chartjs.min.js HTTP/1.1" 404 1834
"GET /static/js/argon-dashboard.min.js HTTP/1.1" 404 1834
"GET /student/class/3/?filter=Assignment HTTP/1.1" 200 55832
"GET /static/js/core/popper.min.js HTTP/1.1" 404 1822
"GET /static/js/core/bootstrap.min.js HTTP/1.1" 404 1831
"GET /static/js/plugins/perfect-scrollbar.min.js HTTP/1.1" 404 1864
"GET /static/js/plugins/smooth-scrollbar.min.js HTTP/1.1" 404 1861
"GET /static/js/plugins/chartjs.min.js HTTP/1.1" 404 1834
"GET /static/js/argon-dashboard.min.js HTTP/1.1" 404 1834
"GET /student/class/3/?filter=Quiz HTTP/1.1" 200 53874
"GET /static/js/core/popper.min.js HTTP/1.1" 404 1822
"GET /static/js/core/bootstrap.min.js HTTP/1.1" 404 1831
"GET /static/js/plugins/perfect-scrollbar.min.js HTTP/1.1" 404 1864
"GET /static/js/plugins/smooth-scrollbar.min.js HTTP/1.1" 404 1861
"GET /static/js/plugins/chartjs.min.js HTTP/1.1" 404 1834
"GET /static/js/argon-dashboard.min.js HTTP/1.1" 404 1834
"GET / HTTP/1.1" 302 0
"GET /StudentDashboard/ HTTP/1.1" 200 48070
Not Found: /.well-known/appspecific/com.chrome.devtools.json
"GET /.well-known/appspecific/com.chrome.devtools.json HTTP/1.1" 404 9449
"GET /class/3/ HTTP/1.1" 200 59116
"GET /static/js/core/bootstrap.min.js HTTP/1.1" 404 1831
"GET /static/js/core/popper.min.js HTTP/1.1" 404 1822
"GET /static/js/plugins/perfect-scrollbar.min.js HTTP/1.1" 404 1864
"GET /static/js/plugins/smooth-scrollbar.min.js HTTP/1.1" 404 1861
"GET /static/js/plugins/chartjs.min.js HTTP/1.1" 404 1834
"GET /static/js/argon-dashboard.min.js HTTP/1.1" 404 1834
"GET /media/profile_pic/9d19fa5a-b873-469d-8372-7f4957e1f4ec.jpg HTTP/1.1" 304 0
"GET /class/3/ HTTP/1.1" 200 58367
"GET /static/js/core/popper.min.js HTTP/1.1" 404 1822
"GET /static/js/core/bootstrap.min.js HTTP/1.1" 404 1831
"GET /static/js/plugins/perfect-scrollbar.min.js HTTP/1.1" 404 1864
"GET /static/js/plugins/smooth-scrollbar.min.js HTTP/1.1" 404 1861
"GET /static/js/plugins/chartjs.min.js HTTP/1.1" 404 1834
"GET /static/js/argon-dashboard.min.js HTTP/1.1" 404 1834
"GET /problem/2/details/ HTTP/1.1" 200 243
"GET /problem/2/details/ HTTP/1.1" 200 243
"GET /problem/2/details/ HTTP/1.1" 200 243
"GET /problem/2/details/ HTTP/1.1" 200 243
Not Found: /.well-known/appspecific/com.chrome.devtools.json
"GET /.well-known/appspecific/com.chrome.devtools.json HTTP/1.1" 404 9449
"GET /student/class/3/?filter=Quiz HTTP/1.1" 200 53976
"GET /static/js/core/popper.min.js HTTP/1.1" 404 1822
"GET /media/profile_pic/9d19fa5a-b873-469d-8372-7f4957e1f4ec.jpg HTTP/1.1" 304 0
"GET /static/js/core/bootstrap.min.js HTTP/1.1" 404 1831
"GET /static/js/plugins/smooth-scrollbar.min.js HTTP/1.1" 404 1861
"GET /static/js/plugins/perfect-scrollbar.min.js HTTP/1.1" 404 1864
"GET /static/js/plugins/chartjs.min.js HTTP/1.1" 404 1834
"GET /static/js/argon-dashboard.min.js HTTP/1.1" 404 1834
"GET /student/class/3/?filter=Assignment HTTP/1.1" 200 55929
"GET /static/js/core/popper.min.js HTTP/1.1" 404 1822
"GET /static/js/core/bootstrap.min.js HTTP/1.1" 404 1831
"GET /static/js/plugins/perfect-scrollbar.min.js HTTP/1.1" 404 1864
"GET /static/js/plugins/smooth-scrollbar.min.js HTTP/1.1" 404 1861
"GET /static/js/argon-dashboard.min.js HTTP/1.1" 404 1834
"GET /static/js/plugins/chartjs.min.js HTTP/1.1" 404 1834
"GET /problem/2/details/ HTTP/1.1" 200 242
"GET /problem/2/details/ HTTP/1.1" 200 242
"GET /problem/2/details/ HTTP/1.1" 200 242
"GET /problem/2/details/ HTTP/1.1" 200 242
"POST /class/3/add-cybersecurity-challenge/ HTTP/1.1" 302 0
"GET /class/3/ HTTP/1.1" 200 60193
"GET /static/js/core/popper.min.js HTTP/1.1" 404 1822
"GET /static/js/core/bootstrap.min.js HTTP/1.1" 404 1831
"GET /static/js/plugins/smooth-scrollbar.min.js HTTP/1.1" 404 1861
"GET /static/js/plugins/perfect-scrollbar.min.js HTTP/1.1" 404 1864
"GET /static/js/plugins/chartjs.min.js HTTP/1.1" 404 1834
"GET /static/js/argon-dashboard.min.js HTTP/1.1" 404 1834
"GET /media/profile_pic/9d19fa5a-b873-469d-8372-7f4957e1f4ec.jpg HTTP/1.1" 304 0
Not Found: /.well-known/appspecific/com.chrome.devtools.json
"GET /.well-known/appspecific/com.chrome.devtools.json HTTP/1.1" 404 9449
"GET /student/class/3/?filter=Assignment HTTP/1.1" 200 55929
"GET /media/profile_pic/9d19fa5a-b873-469d-8372-7f4957e1f4ec.jpg HTTP/1.1" 304 0
"GET /static/js/core/popper.min.js HTTP/1.1" 404 1822
"GET /static/js/core/bootstrap.min.js HTTP/1.1" 404 1831
"GET /static/js/plugins/perfect-scrollbar.min.js HTTP/1.1" 404 1864
"GET /static/js/plugins/smooth-scrollbar.min.js HTTP/1.1" 404 1861
"GET /static/js/plugins/chartjs.min.js HTTP/1.1" 404 1834
"GET /static/js/argon-dashboard.min.js HTTP/1.1" 404 1834
"GET /student/class/3/?filter=Assignment HTTP/1.1" 200 55929
"GET /static/js/core/popper.min.js HTTP/1.1" 404 1822
"GET /static/js/core/bootstrap.min.js HTTP/1.1" 404 1831
"GET /static/js/plugins/perfect-scrollbar.min.js HTTP/1.1" 404 1864
"GET /static/js/plugins/smooth-scrollbar.min.js HTTP/1.1" 404 1861
"GET /static/js/plugins/chartjs.min.js HTTP/1.1" 404 1834
"GET /static/js/argon-dashboard.min.js HTTP/1.1" 404 1834
"GET /student/class/3/?filter=Assignment HTTP/1.1" 200 55929
"GET /static/js/core/popper.min.js HTTP/1.1" 404 1822
"GET /static/js/core/bootstrap.min.js HTTP/1.1" 404 1831
"GET /static/js/plugins/perfect-scrollbar.min.js HTTP/1.1" 404 1864
"GET /static/js/plugins/smooth-scrollbar.min.js HTTP/1.1" 404 1861
"GET /static/js/plugins/chartjs.min.js HTTP/1.1" 404 1834
"GET /static/js/argon-dashboard.min.js HTTP/1.1" 404 1834
"GET /student/class/3/?filter= HTTP/1.1" 200 57812
"GET /static/js/core/popper.min.js HTTP/1.1" 404 1822
"GET /static/js/core/bootstrap.min.js HTTP/1.1" 404 1831
"GET /static/js/plugins/perfect-scrollbar.min.js HTTP/1.1" 404 1864
"GET /static/js/plugins/smooth-scrollbar.min.js HTTP/1.1" 404 1861
"GET /static/js/argon-dashboard.min.js HTTP/1.1" 404 1834
"GET /static/js/plugins/chartjs.min.js HTTP/1.1" 404 1834
"GET /problem/2/details/ HTTP/1.1" 200 242
"GET /problem/2/details/ HTTP/1.1" 200 242
"GET /problem/3/details/ HTTP/1.1" 200 279
"GET /problem/3/details/ HTTP/1.1" 200 279
"POST /cybersecurity/submit/3/ HTTP/1.1" 200 127
"GET /student/class/3/?filter= HTTP/1.1" 200 58131
"GET /static/js/core/bootstrap.min.js HTTP/1.1" 404 1831
"GET /static/js/core/popper.min.js HTTP/1.1" 404 1822
"GET /static/js/plugins/perfect-scrollbar.min.js HTTP/1.1" 404 1864
"GET /static/js/plugins/smooth-scrollbar.min.js HTTP/1.1" 404 1861
"GET /static/js/argon-dashboard.min.js HTTP/1.1" 404 1834
"GET /static/js/plugins/chartjs.min.js HTTP/1.1" 404 1834
"GET /problem/3/details/ HTTP/1.1" 200 279
"GET /problem/3/details/ HTTP/1.1" 200 279
"POST /cybersecurity/submit/3/ HTTP/1.1" 200 127
"GET /student/class/3/?filter= HTTP/1.1" 200 58131
"GET /static/js/core/popper.min.js HTTP/1.1" 404 1822
"GET /static/js/core/bootstrap.min.js HTTP/1.1" 404 1831
"GET /static/js/plugins/smooth-scrollbar.min.js HTTP/1.1" 404 1861
"GET /static/js/plugins/perfect-scrollbar.min.js HTTP/1.1" 404 1864
"GET /static/js/plugins/chartjs.min.js HTTP/1.1" 404 1834
"GET /static/js/argon-dashboard.min.js HTTP/1.1" 404 1834
"GET /problem/3/details/ HTTP/1.1" 200 279
"GET /problem/3/details/ HTTP/1.1" 200 279
"POST /cybersecurity/submit/3/ HTTP/1.1" 200 127
"GET /student/class/3/?filter= HTTP/1.1" 200 58126
"GET /static/js/core/popper.min.js HTTP/1.1" 404 1822
"GET /static/js/core/bootstrap.min.js HTTP/1.1" 404 1831
"GET /static/js/plugins/perfect-scrollbar.min.js HTTP/1.1" 404 1864
"GET /static/js/plugins/smooth-scrollbar.min.js HTTP/1.1" 404 1861
"GET /static/js/plugins/chartjs.min.js HTTP/1.1" 404 1834
"GET /static/js/argon-dashboard.min.js HTTP/1.1" 404 1834
"GET /problem/3/details/ HTTP/1.1" 200 278
"GET /problem/3/details/ HTTP/1.1" 200 278
"GET /student/class/3/?filter=Assignment&q=Crack+me HTTP/1.1" 200 55937
"GET /static/js/core/popper.min.js HTTP/1.1" 404 1822
"GET /static/js/core/bootstrap.min.js HTTP/1.1" 404 1831
"GET /static/js/plugins/perfect-scrollbar.min.js HTTP/1.1" 404 1864
"GET /static/js/plugins/smooth-scrollbar.min.js HTTP/1.1" 404 1861
"GET /static/js/plugins/chartjs.min.js HTTP/1.1" 404 1834
"GET /static/js/argon-dashboard.min.js HTTP/1.1" 404 1834
"GET /student/class/3/?filter=Assignment HTTP/1.1" 200 55929
"GET /static/js/core/popper.min.js HTTP/1.1" 404 1822
"GET /static/js/core/bootstrap.min.js HTTP/1.1" 404 1831
"GET /static/js/plugins/perfect-scrollbar.min.js HTTP/1.1" 404 1864
"GET /static/js/plugins/smooth-scrollbar.min.js HTTP/1.1" 404 1861
"GET /static/js/plugins/chartjs.min.js HTTP/1.1" 404 1834
"GET /static/js/argon-dashboard.min.js HTTP/1.1" 404 1834
"GET /student/class/3/?filter= HTTP/1.1" 200 58126
"GET /static/js/core/popper.min.js HTTP/1.1" 404 1822
"GET /static/js/core/bootstrap.min.js HTTP/1.1" 404 1831
"GET /static/js/plugins/perfect-scrollbar.min.js HTTP/1.1" 404 1864
"GET /static/js/plugins/smooth-scrollbar.min.js HTTP/1.1" 404 1861
"GET /static/js/plugins/chartjs.min.js HTTP/1.1" 404 1834
"GET /static/js/argon-dashboard.min.js HTTP/1.1" 404 1834
"GET /problem/2/details/ HTTP/1.1" 200 242
"GET /problem/2/details/ HTTP/1.1" 200 242
"GET /problem/3/details/ HTTP/1.1" 200 278
"GET /problem/3/details/ HTTP/1.1" 200 278
"GET /problem/2/details/ HTTP/1.1" 200 242
"GET /problem/2/details/ HTTP/1.1" 200 242
Not Found: /.well-known/appspecific/com.chrome.devtools.json
"GET /.well-known/appspecific/com.chrome.devtools.json HTTP/1.1" 404 9449
"GET /problem/3/details/ HTTP/1.1" 200 279
"GET /problem/3/details/ HTTP/1.1" 200 279
"GET /report/ HTTP/1.1" 200 64196
"GET /static/js/core/popper.min.js HTTP/1.1" 404 1822
"GET /static/js/core/bootstrap.min.js HTTP/1.1" 404 1831
"GET /static/js/plugins/smooth-scrollbar.min.js HTTP/1.1" 404 1861
"GET /static/js/plugins/perfect-scrollbar.min.js HTTP/1.1" 404 1864
"GET /static/js/plugins/chartjs.min.js HTTP/1.1" 404 1834
"GET /static/js/argon-dashboard.min.js HTTP/1.1" 404 1834
"GET /media/class_icons/Gemini_Generated_Image_tqim57tqim57tqim_FDzubHJ.png HTTP/1.1" 304 0
"GET /delete_submission/7/ HTTP/1.1" 302 0
"GET /report/ HTTP/1.1" 200 62756
"GET /static/js/core/popper.min.js HTTP/1.1" 404 1822
"GET /static/js/core/bootstrap.min.js HTTP/1.1" 404 1831
"GET /static/js/plugins/perfect-scrollbar.min.js HTTP/1.1" 404 1864
"GET /static/js/plugins/smooth-scrollbar.min.js HTTP/1.1" 404 1861
"GET /static/js/plugins/chartjs.min.js HTTP/1.1" 404 1834
"GET /static/js/argon-dashboard.min.js HTTP/1.1" 404 1834
"GET /delete_submission/6/ HTTP/1.1" 302 0
"GET /report/ HTTP/1.1" 200 60817
"GET /static/js/core/bootstrap.min.js HTTP/1.1" 404 1831
"GET /static/js/core/popper.min.js HTTP/1.1" 404 1822
"GET /static/js/plugins/perfect-scrollbar.min.js HTTP/1.1" 404 1864
"GET /static/js/plugins/smooth-scrollbar.min.js HTTP/1.1" 404 1861
"GET /static/js/plugins/chartjs.min.js HTTP/1.1" 404 1834
"GET /static/js/argon-dashboard.min.js HTTP/1.1" 404 1834
"GET /delete_submission/5/ HTTP/1.1" 302 0
"GET /report/ HTTP/1.1" 200 58878
"GET /static/js/core/popper.min.js HTTP/1.1" 404 1822
"GET /static/js/core/bootstrap.min.js HTTP/1.1" 404 1831
"GET /static/js/plugins/perfect-scrollbar.min.js HTTP/1.1" 404 1864
"GET /static/js/plugins/smooth-scrollbar.min.js HTTP/1.1" 404 1861
"GET /static/js/plugins/chartjs.min.js HTTP/1.1" 404 1834
"GET /static/js/argon-dashboard.min.js HTTP/1.1" 404 1834
"GET /delete_submission/4/ HTTP/1.1" 302 0
"GET /report/ HTTP/1.1" 200 56948
"GET /static/js/core/popper.min.js HTTP/1.1" 404 1822
"GET /static/js/core/bootstrap.min.js HTTP/1.1" 404 1831
"GET /static/js/plugins/perfect-scrollbar.min.js HTTP/1.1" 404 1864
"GET /static/js/plugins/smooth-scrollbar.min.js HTTP/1.1" 404 1861
"GET /static/js/plugins/chartjs.min.js HTTP/1.1" 404 1834
"GET /static/js/argon-dashboard.min.js HTTP/1.1" 404 1834
"GET /delete_submission/3/ HTTP/1.1" 302 0
"GET /report/ HTTP/1.1" 200 55371
"GET /static/js/core/bootstrap.min.js HTTP/1.1" 404 1831
"GET /static/js/core/popper.min.js HTTP/1.1" 404 1822
"GET /static/js/plugins/perfect-scrollbar.min.js HTTP/1.1" 404 1864
"GET /static/js/plugins/smooth-scrollbar.min.js HTTP/1.1" 404 1861
"GET /static/js/argon-dashboard.min.js HTTP/1.1" 404 1834
"GET /static/js/plugins/chartjs.min.js HTTP/1.1" 404 1834
"GET /student/class/3/?filter= HTTP/1.1" 200 61223
"GET /static/js/core/popper.min.js HTTP/1.1" 404 1822
"GET /static/js/core/bootstrap.min.js HTTP/1.1" 404 1831
"GET /static/js/plugins/perfect-scrollbar.min.js HTTP/1.1" 404 1864
"GET /static/js/plugins/smooth-scrollbar.min.js HTTP/1.1" 404 1861
"GET /static/js/plugins/chartjs.min.js HTTP/1.1" 404 1834
"GET /static/js/argon-dashboard.min.js HTTP/1.1" 404 1834
Not Found: /.well-known/appspecific/com.chrome.devtools.json
"GET /.well-known/appspecific/com.chrome.devtools.json HTTP/1.1" 404 9449
"GET /student/class/3/?filter= HTTP/1.1" 200 57498
Not Found: /.well-known/appspecific/com.chrome.devtools.json
"GET /.well-known/appspecific/com.chrome.devtools.json HTTP/1.1" 404 9449
"GET /static/js/core/popper.min.js HTTP/1.1" 404 1822
"GET /static/js/core/bootstrap.min.js HTTP/1.1" 404 1831
"GET /static/js/plugins/perfect-scrollbar.min.js HTTP/1.1" 404 1864
"GET /static/js/plugins/smooth-scrollbar.min.js HTTP/1.1" 404 1861
"GET /static/js/plugins/chartjs.min.js HTTP/1.1" 404 1834
"GET /static/js/argon-dashboard.min.js HTTP/1.1" 404 1834
"GET /problem/3/details/ HTTP/1.1" 200 279
"GET /problem/3/details/ HTTP/1.1" 200 279
"GET /student/class/3/?filter= HTTP/1.1" 200 62073
"GET /static/js/core/popper.min.js HTTP/1.1" 404 1822
"GET /static/js/core/bootstrap.min.js HTTP/1.1" 404 1831
"GET /static/js/plugins/perfect-scrollbar.min.js HTTP/1.1" 404 1864
"GET /static/js/plugins/smooth-scrollbar.min.js HTTP/1.1" 404 1861
"GET /static/js/plugins/chartjs.min.js HTTP/1.1" 404 1834
"GET /static/js/argon-dashboard.min.js HTTP/1.1" 404 1834
Not Found: /.well-known/appspecific/com.chrome.devtools.json
"GET /.well-known/appspecific/com.chrome.devtools.json HTTP/1.1" 404 9449
C:\Users\Chenchen\OneDrive\Documents\GitHub\DjangoProject\PauliCode\User\views.py changed, reloading.
Watching for file changes with StatReloader
C:\Users\Chenchen\OneDrive\Documents\GitHub\DjangoProject\PauliCode\User\views.py changed, reloading.
Watching for file changes with StatReloader
"GET /student/class/3/?filter= HTTP/1.1" 200 62073
"GET /static/js/core/bootstrap.min.js HTTP/1.1" 404 1831
"GET /static/js/core/popper.min.js HTTP/1.1" 404 1822
"GET /static/js/plugins/smooth-scrollbar.min.js HTTP/1.1" 404 1861
"GET /static/js/plugins/perfect-scrollbar.min.js HTTP/1.1" 404 1864
"GET /static/js/plugins/chartjs.min.js HTTP/1.1" 404 1834
"GET /static/js/argon-dashboard.min.js HTTP/1.1" 404 1834
"GET /problem/3/details/ HTTP/1.1" 200 279
"GET /problem/3/details/ HTTP/1.1" 200 279
"POST /cybersecurity/submit/3/ HTTP/1.1" 200 112
"GET /student/class/3/?filter= HTTP/1.1" 200 62073
"GET /static/js/core/popper.min.js HTTP/1.1" 404 1822
"GET /static/js/core/bootstrap.min.js HTTP/1.1" 404 1831
"GET /static/js/plugins/perfect-scrollbar.min.js HTTP/1.1" 404 1864
"GET /static/js/plugins/smooth-scrollbar.min.js HTTP/1.1" 404 1861
"GET /static/js/plugins/chartjs.min.js HTTP/1.1" 404 1834
"GET /static/js/argon-dashboard.min.js HTTP/1.1" 404 1834
"GET /problem/3/details/ HTTP/1.1" 200 279
"GET /problem/3/details/ HTTP/1.1" 200 279
"POST /cybersecurity/submit/3/ HTTP/1.1" 200 112
"GET /student/class/3/?filter= HTTP/1.1" 200 62073
"GET /static/js/core/popper.min.js HTTP/1.1" 404 1822
"GET /static/js/core/bootstrap.min.js HTTP/1.1" 404 1831
"GET /static/js/plugins/perfect-scrollbar.min.js HTTP/1.1" 404 1864
"GET /static/js/plugins/smooth-scrollbar.min.js HTTP/1.1" 404 1861
"GET /static/js/plugins/chartjs.min.js HTTP/1.1" 404 1834
"GET /static/js/argon-dashboard.min.js HTTP/1.1" 404 1834
"GET /problem/3/details/ HTTP/1.1" 200 279
"GET /problem/3/details/ HTTP/1.1" 200 279
"GET /problem/3/details/ HTTP/1.1" 200 279
"GET /problem/3/details/ HTTP/1.1" 200 279
"POST /cybersecurity/submit/3/ HTTP/1.1" 200 112
"GET /student/class/3/?filter= HTTP/1.1" 200 62073
"GET /static/js/core/popper.min.js HTTP/1.1" 404 1822
"GET /static/js/core/bootstrap.min.js HTTP/1.1" 404 1831
"GET /static/js/plugins/perfect-scrollbar.min.js HTTP/1.1" 404 1864
"GET /static/js/plugins/smooth-scrollbar.min.js HTTP/1.1" 404 1861
"GET /static/js/plugins/chartjs.min.js HTTP/1.1" 404 1834
"GET /static/js/argon-dashboard.min.js HTTP/1.1" 404 1834
"GET /problem/3/details/ HTTP/1.1" 200 279
"GET /problem/3/details/ HTTP/1.1" 200 279
"POST /cybersecurity/submit/3/ HTTP/1.1" 200 119
"GET /student/class/3/?filter= HTTP/1.1" 200 62387
"GET /static/js/core/popper.min.js HTTP/1.1" 404 1822
"GET /static/js/core/bootstrap.min.js HTTP/1.1" 404 1831
"GET /static/js/plugins/perfect-scrollbar.min.js HTTP/1.1" 404 1864
"GET /static/js/plugins/smooth-scrollbar.min.js HTTP/1.1" 404 1861
"GET /static/js/plugins/chartjs.min.js HTTP/1.1" 404 1834
"GET /static/js/argon-dashboard.min.js HTTP/1.1" 404 1834
"GET /report/ HTTP/1.1" 200 56457
"GET /static/js/core/popper.min.js HTTP/1.1" 404 1822
"GET /static/js/core/bootstrap.min.js HTTP/1.1" 404 1831
"GET /static/js/plugins/perfect-scrollbar.min.js HTTP/1.1" 404 1864
"GET /static/js/plugins/smooth-scrollbar.min.js HTTP/1.1" 404 1861
"GET /static/js/plugins/chartjs.min.js HTTP/1.1" 404 1834
"GET /static/js/argon-dashboard.min.js HTTP/1.1" 404 1834
"GET /submission/view/8/ HTTP/1.1" 200 665
Not Found: /favicon.ico
"GET /favicon.ico HTTP/1.1" 404 9338
"GET /StudentDashboard/ HTTP/1.1" 200 48070
"GET /static/js/core/bootstrap.min.js HTTP/1.1" 404 1831
"GET /static/js/core/popper.min.js HTTP/1.1" 404 1822
"GET /static/js/plugins/smooth-scrollbar.min.js HTTP/1.1" 404 1861
"GET /static/js/plugins/perfect-scrollbar.min.js HTTP/1.1" 404 1864
"GET /static/js/plugins/chartjs.min.js HTTP/1.1" 404 1834
"GET /static/js/argon-dashboard.min.js HTTP/1.1" 404 1834
"GET /media/class_icons/Gemini_Generated_Image_tqim57tqim57tqim_FDzubHJ.png HTTP/1.1" 304 0
"GET /classes/ HTTP/1.1" 200 39723
"GET /static/js/core/popper.min.js HTTP/1.1" 404 1822
"GET /static/js/core/bootstrap.min.js HTTP/1.1" 404 1831
"GET /static/js/plugins/perfect-scrollbar.min.js HTTP/1.1" 404 1864
"GET /static/js/plugins/smooth-scrollbar.min.js HTTP/1.1" 404 1861
"GET /static/js/plugins/chartjs.min.js HTTP/1.1" 404 1834
"GET /static/js/argon-dashboard.min.js HTTP/1.1" 404 1834
"GET /student/class/3/ HTTP/1.1" 200 62387
"GET /static/js/core/popper.min.js HTTP/1.1" 404 1822
"GET /static/js/core/bootstrap.min.js HTTP/1.1" 404 1831
"GET /static/js/plugins/perfect-scrollbar.min.js HTTP/1.1" 404 1864
"GET /static/js/plugins/smooth-scrollbar.min.js HTTP/1.1" 404 1861
"GET /static/js/plugins/chartjs.min.js HTTP/1.1" 404 1834
"GET /static/js/argon-dashboard.min.js HTTP/1.1" 404 1834
"GET /problem/2/details/ HTTP/1.1" 200 243
"GET /problem/2/details/ HTTP/1.1" 200 243
"GET /student/class/3/ HTTP/1.1" 200 62704
"GET /static/js/core/popper.min.js HTTP/1.1" 404 1822
"GET /static/js/core/bootstrap.min.js HTTP/1.1" 404 1831
"GET /static/js/plugins/perfect-scrollbar.min.js HTTP/1.1" 404 1864
"GET /static/js/plugins/smooth-scrollbar.min.js HTTP/1.1" 404 1861
"GET /static/js/plugins/chartjs.min.js HTTP/1.1" 404 1834
"GET /static/js/argon-dashboard.min.js HTTP/1.1" 404 1834
"GET /student/class/3/ HTTP/1.1" 200 62387
"GET /media/profile_pic/9d19fa5a-b873-469d-8372-7f4957e1f4ec.jpg HTTP/1.1" 304 0
"GET /static/js/core/popper.min.js HTTP/1.1" 404 1822
"GET /static/js/plugins/perfect-scrollbar.min.js HTTP/1.1" 404 1864
"GET /static/js/core/bootstrap.min.js HTTP/1.1" 404 1831
"GET /static/js/plugins/smooth-scrollbar.min.js HTTP/1.1" 404 1861
"GET /static/js/plugins/chartjs.min.js HTTP/1.1" 404 1834
"GET /static/js/argon-dashboard.min.js HTTP/1.1" 404 1834
Not Found: /.well-known/appspecific/com.chrome.devtools.json
"GET /.well-known/appspecific/com.chrome.devtools.json HTTP/1.1" 404 9449
"GET /classes/ HTTP/1.1" 200 39723
Not Found: /.well-known/appspecific/com.chrome.devtools.json
"GET /.well-known/appspecific/com.chrome.devtools.json HTTP/1.1" 404 9449
"GET /static/js/core/popper.min.js HTTP/1.1" 404 1822
"GET /static/js/core/bootstrap.min.js HTTP/1.1" 404 1831
"GET /static/js/plugins/perfect-scrollbar.min.js HTTP/1.1" 404 1864
"GET /static/js/plugins/smooth-scrollbar.min.js HTTP/1.1" 404 1861
"GET /static/js/plugins/chartjs.min.js HTTP/1.1" 404 1834
"GET /static/js/argon-dashboard.min.js HTTP/1.1" 404 1834
"GET /student/class/3/ HTTP/1.1" 200 62387
"GET /static/js/core/popper.min.js HTTP/1.1" 404 1822
"GET /static/js/core/bootstrap.min.js HTTP/1.1" 404 1831
Not Found: /.well-known/appspecific/com.chrome.devtools.json
"GET /.well-known/appspecific/com.chrome.devtools.json HTTP/1.1" 404 9449
"GET /static/js/plugins/smooth-scrollbar.min.js HTTP/1.1" 404 1861
"GET /static/js/plugins/perfect-scrollbar.min.js HTTP/1.1" 404 1864
"GET /static/js/argon-dashboard.min.js HTTP/1.1" 404 1834
"GET /static/js/plugins/chartjs.min.js HTTP/1.1" 404 1834
"GET /student/class/3/ HTTP/1.1" 200 63023
"GET /static/js/core/popper.min.js HTTP/1.1" 404 1822
"GET /static/js/core/bootstrap.min.js HTTP/1.1" 404 1831
"GET /static/js/plugins/perfect-scrollbar.min.js HTTP/1.1" 404 1864
"GET /static/js/plugins/smooth-scrollbar.min.js HTTP/1.1" 404 1861
"GET /static/js/plugins/chartjs.min.js HTTP/1.1" 404 1834
"GET /static/js/argon-dashboard.min.js HTTP/1.1" 404 1834
"GET /student/class/3/ HTTP/1.1" 200 63022
"GET /static/js/core/popper.min.js HTTP/1.1" 404 1822
"GET /static/js/core/bootstrap.min.js HTTP/1.1" 404 1831
"GET /static/js/plugins/perfect-scrollbar.min.js HTTP/1.1" 404 1864
"GET /static/js/plugins/smooth-scrollbar.min.js HTTP/1.1" 404 1861
"GET /static/js/plugins/chartjs.min.js HTTP/1.1" 404 1834
"GET /static/js/argon-dashboard.min.js HTTP/1.1" 404 1834
"GET /student/class/3/ HTTP/1.1" 200 63023
"GET /static/js/core/popper.min.js HTTP/1.1" 404 1822
"GET /static/js/core/bootstrap.min.js HTTP/1.1" 404 1831
"GET /static/js/plugins/perfect-scrollbar.min.js HTTP/1.1" 404 1864
"GET /static/js/plugins/smooth-scrollbar.min.js HTTP/1.1" 404 1861
"GET /static/js/plugins/chartjs.min.js HTTP/1.1" 404 1834
"GET /static/js/argon-dashboard.min.js HTTP/1.1" 404 1834
"GET /student/class/3/ HTTP/1.1" 200 63023
"GET /static/js/core/popper.min.js HTTP/1.1" 404 1822
"GET /static/js/core/bootstrap.min.js HTTP/1.1" 404 1831
"GET /static/js/plugins/perfect-scrollbar.min.js HTTP/1.1" 404 1864
"GET /static/js/plugins/smooth-scrollbar.min.js HTTP/1.1" 404 1861
"GET /static/js/argon-dashboard.min.js HTTP/1.1" 404 1834
"GET /static/js/plugins/chartjs.min.js HTTP/1.1" 404 1834
"GET /student/class/3/ HTTP/1.1" 200 63023
"GET /static/js/core/popper.min.js HTTP/1.1" 404 1822
"GET /static/js/core/bootstrap.min.js HTTP/1.1" 404 1831
"GET /static/js/plugins/smooth-scrollbar.min.js HTTP/1.1" 404 1861
"GET /static/js/plugins/perfect-scrollbar.min.js HTTP/1.1" 404 1864
"GET /static/js/plugins/chartjs.min.js HTTP/1.1" 404 1834
"GET /static/js/argon-dashboard.min.js HTTP/1.1" 404 1834
"GET /student/class/3/ HTTP/1.1" 200 63023
"GET /static/js/core/popper.min.js HTTP/1.1" 404 1822
"GET /static/js/core/bootstrap.min.js HTTP/1.1" 404 1831
"GET /static/js/plugins/perfect-scrollbar.min.js HTTP/1.1" 404 1864
"GET /static/js/plugins/smooth-scrollbar.min.js HTTP/1.1" 404 1861
"GET /static/js/plugins/chartjs.min.js HTTP/1.1" 404 1834
"GET /static/js/argon-dashboard.min.js HTTP/1.1" 404 1834
"GET /student/class/3/ HTTP/1.1" 200 63023
"GET /static/js/core/popper.min.js HTTP/1.1" 404 1822
"GET /static/js/core/bootstrap.min.js HTTP/1.1" 404 1831
"GET /static/js/plugins/perfect-scrollbar.min.js HTTP/1.1" 404 1864
"GET /static/js/plugins/smooth-scrollbar.min.js HTTP/1.1" 404 1861
"GET /static/js/plugins/chartjs.min.js HTTP/1.1" 404 1834
"GET /static/js/argon-dashboard.min.js HTTP/1.1" 404 1834
"GET /student/class/3/ HTTP/1.1" 200 63023
"GET /static/js/core/bootstrap.min.js HTTP/1.1" 404 1831
"GET /static/js/core/popper.min.js HTTP/1.1" 404 1822
"GET /static/js/plugins/perfect-scrollbar.min.js HTTP/1.1" 404 1864
"GET /static/js/plugins/smooth-scrollbar.min.js HTTP/1.1" 404 1861
"GET /static/js/plugins/chartjs.min.js HTTP/1.1" 404 1834
"GET /static/js/argon-dashboard.min.js HTTP/1.1" 404 1834
"GET /student/class/3/ HTTP/1.1" 200 63022
"GET /static/js/core/popper.min.js HTTP/1.1" 404 1822
"GET /static/js/core/bootstrap.min.js HTTP/1.1" 404 1831
"GET /static/js/plugins/perfect-scrollbar.min.js HTTP/1.1" 404 1864
"GET /static/js/plugins/smooth-scrollbar.min.js HTTP/1.1" 404 1861
"GET /static/js/plugins/chartjs.min.js HTTP/1.1" 404 1834
"GET /static/js/argon-dashboard.min.js HTTP/1.1" 404 1834
"GET /student/class/3/ HTTP/1.1" 200 63023
"GET /static/js/core/bootstrap.min.js HTTP/1.1" 404 1831
"GET /static/js/core/popper.min.js HTTP/1.1" 404 1822
"GET /static/js/plugins/perfect-scrollbar.min.js HTTP/1.1" 404 1864
"GET /static/js/plugins/smooth-scrollbar.min.js HTTP/1.1" 404 1861
"GET /static/js/argon-dashboard.min.js HTTP/1.1" 404 1834
"GET /static/js/plugins/chartjs.min.js HTTP/1.1" 404 1834
"GET /student/class/3/ HTTP/1.1" 200 63088
"GET /static/js/core/popper.min.js HTTP/1.1" 404 1822
"GET /static/js/core/bootstrap.min.js HTTP/1.1" 404 1831
"GET /static/js/plugins/perfect-scrollbar.min.js HTTP/1.1" 404 1864
"GET /static/js/plugins/smooth-scrollbar.min.js HTTP/1.1" 404 1861
"GET /static/js/plugins/chartjs.min.js HTTP/1.1" 404 1834
"GET /static/js/argon-dashboard.min.js HTTP/1.1" 404 1834
Not Found: /.well-known/appspecific/com.chrome.devtools.json
"GET /.well-known/appspecific/com.chrome.devtools.json HTTP/1.1" 404 9449
"GET /problem/2/details/ HTTP/1.1" 200 243
"GET /problem/2/details/ HTTP/1.1" 200 243
"GET /StudentDashboard/ HTTP/1.1" 200 48070
"GET /static/js/core/popper.min.js HTTP/1.1" 404 1822
"GET /static/js/core/bootstrap.min.js HTTP/1.1" 404 1831
"GET /static/js/plugins/perfect-scrollbar.min.js HTTP/1.1" 404 1864
"GET /static/js/plugins/smooth-scrollbar.min.js HTTP/1.1" 404 1861
"GET /static/js/plugins/chartjs.min.js HTTP/1.1" 404 1834
"GET /static/js/argon-dashboard.min.js HTTP/1.1" 404 1834
"GET /classes/ HTTP/1.1" 200 39723
"GET /static/js/core/popper.min.js HTTP/1.1" 404 1822
"GET /static/js/core/bootstrap.min.js HTTP/1.1" 404 1831
"GET /static/js/plugins/perfect-scrollbar.min.js HTTP/1.1" 404 1864
"GET /static/js/plugins/smooth-scrollbar.min.js HTTP/1.1" 404 1861
"GET /static/js/plugins/chartjs.min.js HTTP/1.1" 404 1834
"GET /static/js/argon-dashboard.min.js HTTP/1.1" 404 1834
"GET /student/class/3/ HTTP/1.1" 200 63088
"GET /static/js/core/popper.min.js HTTP/1.1" 404 1822
"GET /static/js/core/bootstrap.min.js HTTP/1.1" 404 1831
"GET /static/js/plugins/perfect-scrollbar.min.js HTTP/1.1" 404 1864
"GET /static/js/plugins/smooth-scrollbar.min.js HTTP/1.1" 404 1861
"GET /static/js/plugins/chartjs.min.js HTTP/1.1" 404 1834
"GET /static/js/argon-dashboard.min.js HTTP/1.1" 404 1834
"GET /student/class/3/?filter=Assignment HTTP/1.1" 200 60891
"GET /static/js/core/popper.min.js HTTP/1.1" 404 1822
"GET /static/js/core/bootstrap.min.js HTTP/1.1" 404 1831
"GET /static/js/plugins/perfect-scrollbar.min.js HTTP/1.1" 404 1864
"GET /static/js/plugins/smooth-scrollbar.min.js HTTP/1.1" 404 1861
"GET /static/js/plugins/chartjs.min.js HTTP/1.1" 404 1834
"GET /static/js/argon-dashboard.min.js HTTP/1.1" 404 1834
"GET /student/class/3/?filter=Quiz HTTP/1.1" 200 61209
"GET /static/js/core/popper.min.js HTTP/1.1" 404 1822
"GET /static/js/core/bootstrap.min.js HTTP/1.1" 404 1831
"GET /static/js/plugins/perfect-scrollbar.min.js HTTP/1.1" 404 1864
"GET /static/js/plugins/smooth-scrollbar.min.js HTTP/1.1" 404 1861
"GET /static/js/plugins/chartjs.min.js HTTP/1.1" 404 1834
"GET /static/js/argon-dashboard.min.js HTTP/1.1" 404 1834
"GET /student/class/3/?filter=Assignment HTTP/1.1" 200 60891
"GET /static/js/core/bootstrap.min.js HTTP/1.1" 404 1831
"GET /static/js/core/popper.min.js HTTP/1.1" 404 1822
"GET /static/js/plugins/perfect-scrollbar.min.js HTTP/1.1" 404 1864
"GET /static/js/plugins/smooth-scrollbar.min.js HTTP/1.1" 404 1861
"GET /static/js/plugins/chartjs.min.js HTTP/1.1" 404 1834
"GET /static/js/argon-dashboard.min.js HTTP/1.1" 404 1834
"GET /problem/2/details/ HTTP/1.1" 200 243
"GET /problem/2/details/ HTTP/1.1" 200 243
"GET /MyClasses/ HTTP/1.1" 200 69020
"GET /static/js/core/popper.min.js HTTP/1.1" 404 1822
"GET /static/js/core/bootstrap.min.js HTTP/1.1" 404 1831
"GET /static/js/plugins/perfect-scrollbar.min.js HTTP/1.1" 404 1864
"GET /static/js/plugins/smooth-scrollbar.min.js HTTP/1.1" 404 1861
"GET /static/js/plugins/chartjs.min.js HTTP/1.1" 404 1834
"GET /static/js/argon-dashboard.min.js HTTP/1.1" 404 1834
"GET /media/class_icons/Gemini_Generated_Image_tqim57tqim57tqim_FDzubHJ.png HTTP/1.1" 304 0
"GET /MyClasses/ HTTP/1.1" 200 69020
"POST /create-class/ HTTP/1.1" 302 0
"GET /MyClasses/ HTTP/1.1" 200 71883
"GET /static/js/core/popper.min.js HTTP/1.1" 404 1822
"GET /static/js/core/bootstrap.min.js HTTP/1.1" 404 1831
"GET /static/js/plugins/perfect-scrollbar.min.js HTTP/1.1" 404 1864
"GET /static/js/plugins/smooth-scrollbar.min.js HTTP/1.1" 404 1861
"GET /static/js/plugins/chartjs.min.js HTTP/1.1" 404 1834
"GET /static/js/argon-dashboard.min.js HTTP/1.1" 404 1834
"GET /media/class_icons/unnamed.jpg HTTP/1.1" 200 66155
"GET /MyClasses/ HTTP/1.1" 200 71360
"GET /student/class/3/?filter=Assignment HTTP/1.1" 200 60891
"GET /static/js/core/popper.min.js HTTP/1.1" 404 1822
"GET /static/js/core/bootstrap.min.js HTTP/1.1" 404 1831
"GET /static/js/plugins/smooth-scrollbar.min.js HTTP/1.1" 404 1861
"GET /static/js/plugins/perfect-scrollbar.min.js HTTP/1.1" 404 1864
"GET /static/js/plugins/chartjs.min.js HTTP/1.1" 404 1834
"GET /static/js/argon-dashboard.min.js HTTP/1.1" 404 1834
"GET /classes/ HTTP/1.1" 200 39723
"GET /static/js/core/popper.min.js HTTP/1.1" 404 1822
"GET /static/js/core/bootstrap.min.js HTTP/1.1" 404 1831
"GET /static/js/plugins/perfect-scrollbar.min.js HTTP/1.1" 404 1864
"GET /static/js/plugins/smooth-scrollbar.min.js HTTP/1.1" 404 1861
"GET /static/js/plugins/chartjs.min.js HTTP/1.1" 404 1834
"GET /static/js/argon-dashboard.min.js HTTP/1.1" 404 1834
"GET /media/class_icons/Gemini_Generated_Image_tqim57tqim57tqim_FDzubHJ.png HTTP/1.1" 304 0
"GET /student/class/3/ HTTP/1.1" 200 63088
"GET /static/js/core/popper.min.js HTTP/1.1" 404 1822
"GET /static/js/core/bootstrap.min.js HTTP/1.1" 404 1831
"GET /static/js/plugins/smooth-scrollbar.min.js HTTP/1.1" 404 1861
"GET /static/js/plugins/perfect-scrollbar.min.js HTTP/1.1" 404 1864
"GET /static/js/plugins/chartjs.min.js HTTP/1.1" 404 1834
"GET /static/js/argon-dashboard.min.js HTTP/1.1" 404 1834
"POST /student/join-class/ HTTP/1.1" 302 0
"GET /classes/ HTTP/1.1" 200 42273
"GET /static/js/core/bootstrap.min.js HTTP/1.1" 404 1831
"GET /static/js/core/popper.min.js HTTP/1.1" 404 1822
"GET /media/class_icons/unnamed.jpg HTTP/1.1" 200 66155
"GET /static/js/plugins/perfect-scrollbar.min.js HTTP/1.1" 404 1864
"GET /static/js/plugins/smooth-scrollbar.min.js HTTP/1.1" 404 1861
"GET /static/js/plugins/chartjs.min.js HTTP/1.1" 404 1834
"GET /static/js/argon-dashboard.min.js HTTP/1.1" 404 1834
"GET /student/class/4/ HTTP/1.1" 200 43581
"GET /static/js/core/popper.min.js HTTP/1.1" 404 1822
"GET /static/js/core/bootstrap.min.js HTTP/1.1" 404 1831
"GET /static/js/plugins/perfect-scrollbar.min.js HTTP/1.1" 404 1864
"GET /static/js/plugins/smooth-scrollbar.min.js HTTP/1.1" 404 1861
"GET /static/js/plugins/chartjs.min.js HTTP/1.1" 404 1834
"GET /static/js/argon-dashboard.min.js HTTP/1.1" 404 1834
"GET /static/img/deleteIcon.png HTTP/1.1" 200 38659
"GET /static/img/problemsIcon.png HTTP/1.1" 200 132692
"GET /student/class/4/ HTTP/1.1" 200 47547
"GET /static/js/core/popper.min.js HTTP/1.1" 404 1822
"GET /media/profile_pic/9d19fa5a-b873-469d-8372-7f4957e1f4ec.jpg HTTP/1.1" 304 0
"GET /static/js/core/bootstrap.min.js HTTP/1.1" 404 1831
"GET /static/js/plugins/perfect-scrollbar.min.js HTTP/1.1" 404 1864
"GET /static/js/plugins/smooth-scrollbar.min.js HTTP/1.1" 404 1861
"GET /static/js/plugins/chartjs.min.js HTTP/1.1" 404 1834
"GET /static/js/argon-dashboard.min.js HTTP/1.1" 404 1834
Not Found: /.well-known/appspecific/com.chrome.devtools.json
"GET /.well-known/appspecific/com.chrome.devtools.json HTTP/1.1" 404 9449
"GET /MyClasses/ HTTP/1.1" 200 71360
"GET /static/js/core/popper.min.js HTTP/1.1" 404 1822
"GET /static/js/core/bootstrap.min.js HTTP/1.1" 404 1831
"GET /static/js/plugins/perfect-scrollbar.min.js HTTP/1.1" 404 1864
"GET /static/js/plugins/smooth-scrollbar.min.js HTTP/1.1" 404 1861
"GET /static/js/plugins/chartjs.min.js HTTP/1.1" 404 1834
"GET /static/js/argon-dashboard.min.js HTTP/1.1" 404 1834
"GET /media/class_icons/unnamed.jpg HTTP/1.1" 304 0
"GET /MyClasses/ HTTP/1.1" 200 71360
"GET /class/4/ HTTP/1.1" 200 72339
"GET /static/js/core/popper.min.js HTTP/1.1" 404 1822
"GET /static/js/core/bootstrap.min.js HTTP/1.1" 404 1831
"GET /media/profile_pic/9d19fa5a-b873-469d-8372-7f4957e1f4ec.jpg HTTP/1.1" 304 0
"GET /static/js/plugins/perfect-scrollbar.min.js HTTP/1.1" 404 1864
"GET /static/js/plugins/smooth-scrollbar.min.js HTTP/1.1" 404 1861
"GET /static/js/plugins/chartjs.min.js HTTP/1.1" 404 1834
"GET /static/js/argon-dashboard.min.js HTTP/1.1" 404 1834
"GET /class/4/ HTTP/1.1" 200 57645
"GET /static/js/core/bootstrap.min.js HTTP/1.1" 404 1831
"GET /static/js/core/popper.min.js HTTP/1.1" 404 1822
"GET /static/js/plugins/perfect-scrollbar.min.js HTTP/1.1" 404 1864
"GET /static/js/plugins/smooth-scrollbar.min.js HTTP/1.1" 404 1861
"GET /static/js/plugins/chartjs.min.js HTTP/1.1" 404 1834
"GET /static/js/argon-dashboard.min.js HTTP/1.1" 404 1834
"POST /class/4/add-problem/ HTTP/1.1" 302 0
"GET /class/4/ HTTP/1.1" 200 59227
"GET /static/js/core/bootstrap.min.js HTTP/1.1" 404 1831
"GET /static/js/core/popper.min.js HTTP/1.1" 404 1822
"GET /static/js/plugins/perfect-scrollbar.min.js HTTP/1.1" 404 1864
"GET /static/js/plugins/smooth-scrollbar.min.js HTTP/1.1" 404 1861
"GET /static/js/argon-dashboard.min.js HTTP/1.1" 404 1834
"GET /static/js/plugins/chartjs.min.js HTTP/1.1" 404 1834
"GET /student/class/4/ HTTP/1.1" 200 48998
"GET /static/js/core/popper.min.js HTTP/1.1" 404 1822
"GET /static/js/core/bootstrap.min.js HTTP/1.1" 404 1831
"GET /static/js/plugins/perfect-scrollbar.min.js HTTP/1.1" 404 1864
"GET /static/js/plugins/smooth-scrollbar.min.js HTTP/1.1" 404 1861
"GET /static/js/plugins/chartjs.min.js HTTP/1.1" 404 1834
"GET /static/js/argon-dashboard.min.js HTTP/1.1" 404 1834
"GET /student/class/4/ HTTP/1.1" 200 45829
"GET /static/js/core/popper.min.js HTTP/1.1" 404 1822
"GET /static/js/core/bootstrap.min.js HTTP/1.1" 404 1831
"GET /static/js/plugins/perfect-scrollbar.min.js HTTP/1.1" 404 1864
"GET /static/js/plugins/smooth-scrollbar.min.js HTTP/1.1" 404 1861
"GET /static/js/plugins/chartjs.min.js HTTP/1.1" 404 1834
"GET /static/js/argon-dashboard.min.js HTTP/1.1" 404 1834
"GET /student/class/4/ HTTP/1.1" 200 45814
"GET /static/js/core/popper.min.js HTTP/1.1" 404 1822
"GET /static/js/core/bootstrap.min.js HTTP/1.1" 404 1831
"GET /static/js/plugins/perfect-scrollbar.min.js HTTP/1.1" 404 1864
"GET /static/js/plugins/smooth-scrollbar.min.js HTTP/1.1" 404 1861
"GET /static/js/plugins/chartjs.min.js HTTP/1.1" 404 1834
"GET /static/js/argon-dashboard.min.js HTTP/1.1" 404 1834
"GET /problem/4/details/ HTTP/1.1" 200 322
"GET /playground/4/ HTTP/1.1" 200 87952
"GET /static/js/core/popper.min.js HTTP/1.1" 404 1822
"GET /static/js/core/bootstrap.min.js HTTP/1.1" 404 1831
"GET /static/js/plugins/perfect-scrollbar.min.js HTTP/1.1" 404 1864
"GET /static/js/plugins/smooth-scrollbar.min.js HTTP/1.1" 404 1861
"GET /static/js/plugins/chartjs.min.js HTTP/1.1" 404 1834
"GET /static/js/argon-dashboard.min.js HTTP/1.1" 404 1834
"POST /run-test-code/ HTTP/1.1" 200 95
"POST /run_playground_code/ HTTP/1.1" 200 122
Submission attempt for problem 4
Content-Type: application/json
Request body preview: {"problem_id":"4","code":"\na = int(input(\"\"))\nb = int(input(\"\"))\n\nprint(f\"{a} + {b} = {a+b}\")","language":"python","auto_submit":true,"reason":"Tab switched or window covered"}
Parsed - Auto-submit: True, Reason: Tab switched or window covered, Code length: 66
"GET /student/class/4/ HTTP/1.1" 200 45814
"GET /static/js/core/bootstrap.min.js HTTP/1.1" 404 1831
"GET /static/js/core/popper.min.js HTTP/1.1" 404 1822
"GET /static/js/plugins/perfect-scrollbar.min.js HTTP/1.1" 404 1864
"GET /static/js/plugins/smooth-scrollbar.min.js HTTP/1.1" 404 1861
"GET /static/js/plugins/chartjs.min.js HTTP/1.1" 404 1834
"GET /static/js/argon-dashboard.min.js HTTP/1.1" 404 1834
"GET /problem/4/details/ HTTP/1.1" 200 322
"POST /submit_problem/4/ HTTP/1.1" 200 237
"GET /student/class/4/ HTTP/1.1" 200 46097
"GET /static/js/core/popper.min.js HTTP/1.1" 404 1822
"GET /static/js/core/bootstrap.min.js HTTP/1.1" 404 1831
"GET /static/js/plugins/perfect-scrollbar.min.js HTTP/1.1" 404 1864
"GET /static/js/plugins/smooth-scrollbar.min.js HTTP/1.1" 404 1861
"GET /static/js/plugins/chartjs.min.js HTTP/1.1" 404 1834
"GET /static/js/argon-dashboard.min.js HTTP/1.1" 404 1834
"GET /problem/4/details/ HTTP/1.1" 200 321
"GET /problem/4/details/ HTTP/1.1" 200 322
"GET /problem/4/details/ HTTP/1.1" 200 322
"GET /report/ HTTP/1.1" 200 67734
"GET /static/js/core/popper.min.js HTTP/1.1" 404 1822
"GET /static/js/core/bootstrap.min.js HTTP/1.1" 404 1831
"GET /static/js/plugins/perfect-scrollbar.min.js HTTP/1.1" 404 1864
"GET /static/js/plugins/smooth-scrollbar.min.js HTTP/1.1" 404 1861
"GET /static/js/plugins/chartjs.min.js HTTP/1.1" 404 1834
"GET /static/js/argon-dashboard.min.js HTTP/1.1" 404 1834
"GET /media/class_icons/unnamed.jpg HTTP/1.1" 304 0
"GET /delete_submission/9/ HTTP/1.1" 302 0
"GET /report/ HTTP/1.1" 200 66098
"GET /static/js/core/bootstrap.min.js HTTP/1.1" 404 1831
"GET /static/js/core/popper.min.js HTTP/1.1" 404 1822
"GET /static/js/plugins/perfect-scrollbar.min.js HTTP/1.1" 404 1864
"GET /static/js/plugins/smooth-scrollbar.min.js HTTP/1.1" 404 1861
"GET /static/js/argon-dashboard.min.js HTTP/1.1" 404 1834
"GET /static/js/plugins/chartjs.min.js HTTP/1.1" 404 1834
"GET /student/class/4/ HTTP/1.1" 200 45814
"GET /static/js/core/popper.min.js HTTP/1.1" 404 1822
"GET /static/js/core/bootstrap.min.js HTTP/1.1" 404 1831
"GET /static/js/plugins/perfect-scrollbar.min.js HTTP/1.1" 404 1864
"GET /static/js/plugins/smooth-scrollbar.min.js HTTP/1.1" 404 1861
"GET /static/js/plugins/chartjs.min.js HTTP/1.1" 404 1834
"GET /static/js/argon-dashboard.min.js HTTP/1.1" 404 1834
"GET /problem/4/details/ HTTP/1.1" 200 322
"GET /playground/4/ HTTP/1.1" 200 67267
"GET /static/js/core/popper.min.js HTTP/1.1" 404 1822
"GET /static/js/core/bootstrap.min.js HTTP/1.1" 404 1831
"GET /static/js/plugins/perfect-scrollbar.min.js HTTP/1.1" 404 1864
"GET /static/js/plugins/smooth-scrollbar.min.js HTTP/1.1" 404 1861
"GET /static/js/plugins/chartjs.min.js HTTP/1.1" 404 1834
"GET /static/js/argon-dashboard.min.js HTTP/1.1" 404 1834
Submission attempt for problem 4
Content-Type: application/json
Request body preview: {"problem_id":"4","code":"# Write your code here","language":"python","auto_submit":true,"reason":"Window lost focus"}
Parsed - Auto-submit: True, Reason: Window lost focus, Code length: 22
"POST /submit_problem/4/ HTTP/1.1" 200 235
"GET /student/class/4/ HTTP/1.1" 200 46102
"GET /static/js/core/popper.min.js HTTP/1.1" 404 1822
"GET /static/js/core/bootstrap.min.js HTTP/1.1" 404 1831
"GET /static/js/plugins/smooth-scrollbar.min.js HTTP/1.1" 404 1861
"GET /static/js/plugins/perfect-scrollbar.min.js HTTP/1.1" 404 1864
"GET /static/js/plugins/chartjs.min.js HTTP/1.1" 404 1834
"GET /static/js/argon-dashboard.min.js HTTP/1.1" 404 1834
"GET /report/ HTTP/1.1" 200 67627
"GET /static/js/core/popper.min.js HTTP/1.1" 404 1822
"GET /static/js/core/bootstrap.min.js HTTP/1.1" 404 1831
"GET /static/js/plugins/perfect-scrollbar.min.js HTTP/1.1" 404 1864
"GET /static/js/plugins/smooth-scrollbar.min.js HTTP/1.1" 404 1861
"GET /static/js/plugins/chartjs.min.js HTTP/1.1" 404 1834
"GET /static/js/argon-dashboard.min.js HTTP/1.1" 404 1834
"GET /media/class_icons/Gemini_Generated_Image_tqim57tqim57tqim_FDzubHJ.png HTTP/1.1" 304 0
"GET /media/class_icons/unnamed.jpg HTTP/1.1" 304 0
"GET /delete_submission/10/ HTTP/1.1" 302 0
"GET /report/ HTTP/1.1" 200 66098
"GET /static/js/core/bootstrap.min.js HTTP/1.1" 404 1831
"GET /static/js/core/popper.min.js HTTP/1.1" 404 1822
"GET /static/js/plugins/perfect-scrollbar.min.js HTTP/1.1" 404 1864
"GET /static/js/plugins/smooth-scrollbar.min.js HTTP/1.1" 404 1861
"GET /static/js/plugins/chartjs.min.js HTTP/1.1" 404 1834
"GET /static/js/argon-dashboard.min.js HTTP/1.1" 404 1834
"GET /problem/4/details/ HTTP/1.1" 200 322
"GET /student/class/4/ HTTP/1.1" 200 45814
"GET /static/js/core/popper.min.js HTTP/1.1" 404 1822
"GET /static/js/core/bootstrap.min.js HTTP/1.1" 404 1831
"GET /static/js/plugins/perfect-scrollbar.min.js HTTP/1.1" 404 1864
"GET /static/js/plugins/smooth-scrollbar.min.js HTTP/1.1" 404 1861
"GET /static/js/plugins/chartjs.min.js HTTP/1.1" 404 1834
"GET /static/js/argon-dashboard.min.js HTTP/1.1" 404 1834
"GET /problem/4/details/ HTTP/1.1" 200 322
"GET /playground/4/ HTTP/1.1" 200 67267
"GET /static/js/core/popper.min.js HTTP/1.1" 404 1822
"GET /static/js/core/bootstrap.min.js HTTP/1.1" 404 1831
"GET /static/js/plugins/perfect-scrollbar.min.js HTTP/1.1" 404 1864
"GET /static/js/plugins/smooth-scrollbar.min.js HTTP/1.1" 404 1861
"GET /static/js/argon-dashboard.min.js HTTP/1.1" 404 1834
"GET /static/js/plugins/chartjs.min.js HTTP/1.1" 404 1834
"POST /run_playground_code/ HTTP/1.1" 200 213
Submission attempt for problem 4
Content-Type: application/json
Request body preview: {"problem_id":"4","code":"print(\"Num\")","language":"python","auto_submit":true,"reason":"Tab switched or window covered"}
Parsed - Auto-submit: True, Reason: Tab switched or window covered, Code length: 12
"GET /student/class/4/ HTTP/1.1" 200 45814
"GET /static/js/core/popper.min.js HTTP/1.1" 404 1822
"GET /static/js/core/bootstrap.min.js HTTP/1.1" 404 1831
"GET /static/js/plugins/perfect-scrollbar.min.js HTTP/1.1" 404 1864
"GET /static/js/plugins/smooth-scrollbar.min.js HTTP/1.1" 404 1861
"GET /static/js/plugins/chartjs.min.js HTTP/1.1" 404 1834
"GET /static/js/argon-dashboard.min.js HTTP/1.1" 404 1834
"POST /submit_problem/4/ HTTP/1.1" 200 235
"GET /classes/ HTTP/1.1" 200 41781
"GET /static/js/core/popper.min.js HTTP/1.1" 404 1822
"GET /static/js/core/bootstrap.min.js HTTP/1.1" 404 1831
"GET /static/js/plugins/perfect-scrollbar.min.js HTTP/1.1" 404 1864
"GET /static/js/plugins/smooth-scrollbar.min.js HTTP/1.1" 404 1861
"GET /static/js/plugins/chartjs.min.js HTTP/1.1" 404 1834
"GET /static/js/argon-dashboard.min.js HTTP/1.1" 404 1834
"GET /media/class_icons/unnamed.jpg HTTP/1.1" 304 0
"GET /media/class_icons/Gemini_Generated_Image_tqim57tqim57tqim_FDzubHJ.png HTTP/1.1" 304 0
"GET /student/class/3/ HTTP/1.1" 200 63073
"GET /static/js/core/popper.min.js HTTP/1.1" 404 1822
"GET /static/js/core/bootstrap.min.js HTTP/1.1" 404 1831
"GET /static/js/plugins/perfect-scrollbar.min.js HTTP/1.1" 404 1864
"GET /static/js/plugins/smooth-scrollbar.min.js HTTP/1.1" 404 1861
"GET /static/js/plugins/chartjs.min.js HTTP/1.1" 404 1834
"GET /static/js/argon-dashboard.min.js HTTP/1.1" 404 1834
"GET /problem/2/details/ HTTP/1.1" 200 243
"GET /problem/2/details/ HTTP/1.1" 200 243
"GET /problem/2/details/ HTTP/1.1" 200 243
"GET /problem/2/details/ HTTP/1.1" 200 243
"GET /MyClasses/ HTTP/1.1" 200 71360
"GET /static/js/core/bootstrap.min.js HTTP/1.1" 404 1831
"GET /static/js/core/popper.min.js HTTP/1.1" 404 1822
"GET /static/js/plugins/perfect-scrollbar.min.js HTTP/1.1" 404 1864
"GET /static/js/plugins/smooth-scrollbar.min.js HTTP/1.1" 404 1861
"GET /static/js/plugins/chartjs.min.js HTTP/1.1" 404 1834
"GET /static/js/argon-dashboard.min.js HTTP/1.1" 404 1834
"GET /media/class_icons/unnamed.jpg HTTP/1.1" 304 0
"GET /MyClasses/ HTTP/1.1" 200 71360
"GET /MyClasses/ HTTP/1.1" 200 71336
"GET /static/js/core/popper.min.js HTTP/1.1" 404 1822
"GET /static/js/core/bootstrap.min.js HTTP/1.1" 404 1831
"GET /static/js/plugins/perfect-scrollbar.min.js HTTP/1.1" 404 1864
"GET /static/js/plugins/smooth-scrollbar.min.js HTTP/1.1" 404 1861
"GET /static/js/plugins/chartjs.min.js HTTP/1.1" 404 1834
"GET /static/js/argon-dashboard.min.js HTTP/1.1" 404 1834
"GET /MyClasses/ HTTP/1.1" 200 71336
"GET /MyClasses/ HTTP/1.1" 200 71331
"GET /static/js/core/bootstrap.min.js HTTP/1.1" 404 1831
"GET /static/js/core/popper.min.js HTTP/1.1" 404 1822
"GET /static/js/plugins/perfect-scrollbar.min.js HTTP/1.1" 404 1864
"GET /static/js/plugins/smooth-scrollbar.min.js HTTP/1.1" 404 1861
"GET /static/js/plugins/chartjs.min.js HTTP/1.1" 404 1834
"GET /static/js/argon-dashboard.min.js HTTP/1.1" 404 1834
"GET /MyClasses/ HTTP/1.1" 200 71331
"GET /MyClasses/ HTTP/1.1" 200 71321
"GET /static/js/core/popper.min.js HTTP/1.1" 404 1822
"GET /static/js/core/bootstrap.min.js HTTP/1.1" 404 1831
"GET /static/js/plugins/smooth-scrollbar.min.js HTTP/1.1" 404 1861
"GET /static/js/plugins/perfect-scrollbar.min.js HTTP/1.1" 404 1864
"GET /static/js/plugins/chartjs.min.js HTTP/1.1" 404 1834
"GET /static/js/argon-dashboard.min.js HTTP/1.1" 404 1834
"GET /MyClasses/ HTTP/1.1" 200 71321
"GET /MyClasses/ HTTP/1.1" 200 71336
"GET /static/js/core/bootstrap.min.js HTTP/1.1" 404 1831
"GET /static/js/core/popper.min.js HTTP/1.1" 404 1822
"GET /static/js/plugins/perfect-scrollbar.min.js HTTP/1.1" 404 1864
"GET /static/js/plugins/smooth-scrollbar.min.js HTTP/1.1" 404 1861
"GET /static/js/plugins/chartjs.min.js HTTP/1.1" 404 1834
"GET /static/js/argon-dashboard.min.js HTTP/1.1" 404 1834
"GET /MyClasses/ HTTP/1.1" 200 71336
"GET /MyClasses/ HTTP/1.1" 200 71332
"GET /static/js/core/bootstrap.min.js HTTP/1.1" 404 1831
"GET /static/js/core/popper.min.js HTTP/1.1" 404 1822
"GET /static/js/plugins/smooth-scrollbar.min.js HTTP/1.1" 404 1861
"GET /static/js/plugins/perfect-scrollbar.min.js HTTP/1.1" 404 1864
"GET /static/js/plugins/chartjs.min.js HTTP/1.1" 404 1834
"GET /static/js/argon-dashboard.min.js HTTP/1.1" 404 1834
"GET /MyClasses/ HTTP/1.1" 200 71332
"GET /MyClasses/ HTTP/1.1" 200 71336
"GET /static/js/core/popper.min.js HTTP/1.1" 404 1822
"GET /static/js/core/bootstrap.min.js HTTP/1.1" 404 1831
"GET /static/js/plugins/perfect-scrollbar.min.js HTTP/1.1" 404 1864
"GET /static/js/plugins/smooth-scrollbar.min.js HTTP/1.1" 404 1861
"GET /static/js/plugins/chartjs.min.js HTTP/1.1" 404 1834
"GET /static/js/argon-dashboard.min.js HTTP/1.1" 404 1834
"GET /MyClasses/ HTTP/1.1" 200 71336
"GET /MyClasses/ HTTP/1.1" 200 71327
"GET /static/js/core/popper.min.js HTTP/1.1" 404 1822
"GET /static/js/core/bootstrap.min.js HTTP/1.1" 404 1831
"GET /media/class_icons/unnamed.jpg HTTP/1.1" 304 0
"GET /static/js/plugins/perfect-scrollbar.min.js HTTP/1.1" 404 1864
"GET /static/js/plugins/smooth-scrollbar.min.js HTTP/1.1" 404 1861
"GET /static/js/plugins/chartjs.min.js HTTP/1.1" 404 1834
"GET /static/js/argon-dashboard.min.js HTTP/1.1" 404 1834
"GET /MyClasses/ HTTP/1.1" 200 71327
"GET /classes/ HTTP/1.1" 200 42661
"GET /static/js/core/popper.min.js HTTP/1.1" 404 1822
"GET /media/profile_pic/9d19fa5a-b873-469d-8372-7f4957e1f4ec.jpg HTTP/1.1" 304 0
"GET /static/js/core/bootstrap.min.js HTTP/1.1" 404 1831
"GET /static/js/plugins/perfect-scrollbar.min.js HTTP/1.1" 404 1864
"GET /static/js/plugins/smooth-scrollbar.min.js HTTP/1.1" 404 1861
"GET /static/js/plugins/chartjs.min.js HTTP/1.1" 404 1834
"GET /static/js/argon-dashboard.min.js HTTP/1.1" 404 1834
"GET /media/class_icons/unnamed.jpg HTTP/1.1" 304 0
Not Found: /.well-known/appspecific/com.chrome.devtools.json
"GET /.well-known/appspecific/com.chrome.devtools.json HTTP/1.1" 404 9449
"GET /student/class/4/ HTTP/1.1" 200 46102
Not Found: /.well-known/appspecific/com.chrome.devtools.json
"GET /.well-known/appspecific/com.chrome.devtools.json HTTP/1.1" 404 9449
"GET /static/js/core/popper.min.js HTTP/1.1" 404 1822
"GET /static/js/core/bootstrap.min.js HTTP/1.1" 404 1831
"GET /static/js/plugins/smooth-scrollbar.min.js HTTP/1.1" 404 1861
"GET /static/js/plugins/perfect-scrollbar.min.js HTTP/1.1" 404 1864
"GET /static/js/plugins/chartjs.min.js HTTP/1.1" 404 1834
"GET /static/js/argon-dashboard.min.js HTTP/1.1" 404 1834
"GET /StudentDashboard/ HTTP/1.1" 200 52614
Not Found: /.well-known/appspecific/com.chrome.devtools.json
"GET /.well-known/appspecific/com.chrome.devtools.json HTTP/1.1" 404 9449
"GET /static/js/core/popper.min.js HTTP/1.1" 404 1822
"GET /static/js/core/bootstrap.min.js HTTP/1.1" 404 1831
"GET /static/js/plugins/perfect-scrollbar.min.js HTTP/1.1" 404 1864
"GET /static/js/plugins/smooth-scrollbar.min.js HTTP/1.1" 404 1861
"GET /static/js/plugins/chartjs.min.js HTTP/1.1" 404 1834
"GET /static/js/argon-dashboard.min.js HTTP/1.1" 404 1834
"GET /code-playground/ HTTP/1.1" 200 81100
Not Found: /.well-known/appspecific/com.chrome.devtools.json
"GET /.well-known/appspecific/com.chrome.devtools.json HTTP/1.1" 404 9449
"GET /static/js/core/popper.min.js HTTP/1.1" 404 1822
"GET /static/js/core/bootstrap.min.js HTTP/1.1" 404 1831
"GET /static/js/plugins/perfect-scrollbar.min.js HTTP/1.1" 404 1864
"GET /static/js/plugins/smooth-scrollbar.min.js HTTP/1.1" 404 1861
"GET /static/js/plugins/chartjs.min.js HTTP/1.1" 404 1834
"GET /static/js/argon-dashboard.min.js HTTP/1.1" 404 1834
"GET /get-usage-stats/ HTTP/1.1" 200 242
"GET /load-chat-history/ HTTP/1.1" 200 16
"GET /get-usage-stats/ HTTP/1.1" 200 242
"GET /classes/ HTTP/1.1" 200 42661
"GET /static/js/core/popper.min.js HTTP/1.1" 404 1822
"GET /static/js/core/bootstrap.min.js HTTP/1.1" 404 1831
Not Found: /.well-known/appspecific/com.chrome.devtools.json
"GET /.well-known/appspecific/com.chrome.devtools.json HTTP/1.1" 404 9449
"GET /static/js/plugins/perfect-scrollbar.min.js HTTP/1.1" 404 1864
"GET /static/js/plugins/smooth-scrollbar.min.js HTTP/1.1" 404 1861
"GET /static/js/plugins/chartjs.min.js HTTP/1.1" 404 1834
"GET /static/js/argon-dashboard.min.js HTTP/1.1" 404 1834
Internal Server Error: /classes/
Traceback (most recent call last):
  File "C:\Users\Chenchen\OneDrive\Documents\GitHub\DjangoProject\Paulicode\env\Lib\site-packages\django\urls\base.py", line 71, in reverse
    extra, resolver = resolver.namespace_dict[ns]
                      ~~~~~~~~~~~~~~~~~~~~~~~^^^^
KeyError: ' https'

During handling of the above exception, another exception occurred:

Traceback (most recent call last):
  File "C:\Users\Chenchen\OneDrive\Documents\GitHub\DjangoProject\Paulicode\env\Lib\site-packages\django\core\handlers\exception.py", line 55, in inner
    response = get_response(request)
  File "C:\Users\Chenchen\OneDrive\Documents\GitHub\DjangoProject\Paulicode\env\Lib\site-packages\django\core\handlers\base.py", line 197, in _get_response
    response = wrapped_callback(request, *callback_args, **callback_kwargs)
  File "C:\Users\Chenchen\OneDrive\Documents\GitHub\DjangoProject\paulicode\User\views.py", line 816, in StudentClass
    return render(request, 'Students/StudentClass.html', {
        'currentpage': 'StudentClass',
        'user': student,
        'classes': enrolled_classes,
    })
  File "C:\Users\Chenchen\OneDrive\Documents\GitHub\DjangoProject\Paulicode\env\Lib\site-packages\django\shortcuts.py", line 24, in render
    content = loader.render_to_string(template_name, context, request, using=using)
  File "C:\Users\Chenchen\OneDrive\Documents\GitHub\DjangoProject\Paulicode\env\Lib\site-packages\django\template\loader.py", line 62, in render_to_string
    return template.render(context, request)
           ~~~~~~~~~~~~~~~^^^^^^^^^^^^^^^^^^
  File "C:\Users\Chenchen\OneDrive\Documents\GitHub\DjangoProject\Paulicode\env\Lib\site-packages\django\template\backends\django.py", line 61, in render
    return self.template.render(context)
           ~~~~~~~~~~~~~~~~~~~~^^^^^^^^^
  File "C:\Users\Chenchen\OneDrive\Documents\GitHub\DjangoProject\Paulicode\env\Lib\site-packages\django\template\base.py", line 175, in render
    return self._render(context)
           ~~~~~~~~~~~~^^^^^^^^^
  File "C:\Users\Chenchen\OneDrive\Documents\GitHub\DjangoProject\Paulicode\env\Lib\site-packages\django\template\base.py", line 167, in _render
    return self.nodelist.render(context)
           ~~~~~~~~~~~~~~~~~~~~^^^^^^^^^
  File "C:\Users\Chenchen\OneDrive\Documents\GitHub\DjangoProject\Paulicode\env\Lib\site-packages\django\template\base.py", line 1005, in render
    return SafeString("".join([node.render_annotated(context) for node in self]))
                               ~~~~~~~~~~~~~~~~~~~~~^^^^^^^^^
  File "C:\Users\Chenchen\OneDrive\Documents\GitHub\DjangoProject\Paulicode\env\Lib\site-packages\django\template\base.py", line 966, in render_annotated
    return self.render(context)
           ~~~~~~~~~~~^^^^^^^^^
  File "C:\Users\Chenchen\OneDrive\Documents\GitHub\DjangoProject\Paulicode\env\Lib\site-packages\django\template\loader_tags.py", line 157, in render
    return compiled_parent._render(context)
           ~~~~~~~~~~~~~~~~~~~~~~~^^^^^^^^^
  File "C:\Users\Chenchen\OneDrive\Documents\GitHub\DjangoProject\Paulicode\env\Lib\site-packages\django\template\base.py", line 167, in _render
    return self.nodelist.render(context)
           ~~~~~~~~~~~~~~~~~~~~^^^^^^^^^
  File "C:\Users\Chenchen\OneDrive\Documents\GitHub\DjangoProject\Paulicode\env\Lib\site-packages\django\template\base.py", line 1005, in render
    return SafeString("".join([node.render_annotated(context) for node in self]))
                               ~~~~~~~~~~~~~~~~~~~~~^^^^^^^^^
  File "C:\Users\Chenchen\OneDrive\Documents\GitHub\DjangoProject\Paulicode\env\Lib\site-packages\django\template\base.py", line 966, in render_annotated
    return self.render(context)
           ~~~~~~~~~~~^^^^^^^^^
  File "C:\Users\Chenchen\OneDrive\Documents\GitHub\DjangoProject\Paulicode\env\Lib\site-packages\django\template\defaulttags.py", line 321, in render
    return nodelist.render(context)
           ~~~~~~~~~~~~~~~^^^^^^^^^
  File "C:\Users\Chenchen\OneDrive\Documents\GitHub\DjangoProject\Paulicode\env\Lib\site-packages\django\template\base.py", line 1005, in render
    return SafeString("".join([node.render_annotated(context) for node in self]))
                               ~~~~~~~~~~~~~~~~~~~~~^^^^^^^^^
  File "C:\Users\Chenchen\OneDrive\Documents\GitHub\DjangoProject\Paulicode\env\Lib\site-packages\django\template\base.py", line 966, in render_annotated
    return self.render(context)
           ~~~~~~~~~~~^^^^^^^^^
  File "C:\Users\Chenchen\OneDrive\Documents\GitHub\DjangoProject\Paulicode\env\Lib\site-packages\django\template\defaulttags.py", line 321, in render
    return nodelist.render(context)
           ~~~~~~~~~~~~~~~^^^^^^^^^
  File "C:\Users\Chenchen\OneDrive\Documents\GitHub\DjangoProject\Paulicode\env\Lib\site-packages\django\template\base.py", line 1005, in render
    return SafeString("".join([node.render_annotated(context) for node in self]))
                               ~~~~~~~~~~~~~~~~~~~~~^^^^^^^^^
  File "C:\Users\Chenchen\OneDrive\Documents\GitHub\DjangoProject\Paulicode\env\Lib\site-packages\django\template\base.py", line 966, in render_annotated
    return self.render(context)
           ~~~~~~~~~~~^^^^^^^^^
  File "C:\Users\Chenchen\OneDrive\Documents\GitHub\DjangoProject\Paulicode\env\Lib\site-packages\django\template\loader_tags.py", line 208, in render
    return template.render(context)
           ~~~~~~~~~~~~~~~^^^^^^^^^
  File "C:\Users\Chenchen\OneDrive\Documents\GitHub\DjangoProject\Paulicode\env\Lib\site-packages\django\template\base.py", line 177, in render
    return self._render(context)
           ~~~~~~~~~~~~^^^^^^^^^
  File "C:\Users\Chenchen\OneDrive\Documents\GitHub\DjangoProject\Paulicode\env\Lib\site-packages\django\template\base.py", line 167, in _render
    return self.nodelist.render(context)
           ~~~~~~~~~~~~~~~~~~~~^^^^^^^^^
  File "C:\Users\Chenchen\OneDrive\Documents\GitHub\DjangoProject\Paulicode\env\Lib\site-packages\django\template\base.py", line 1005, in render
    return SafeString("".join([node.render_annotated(context) for node in self]))
                               ~~~~~~~~~~~~~~~~~~~~~^^^^^^^^^
  File "C:\Users\Chenchen\OneDrive\Documents\GitHub\DjangoProject\Paulicode\env\Lib\site-packages\django\template\base.py", line 966, in render_annotated
    return self.render(context)
           ~~~~~~~~~~~^^^^^^^^^
  File "C:\Users\Chenchen\OneDrive\Documents\GitHub\DjangoProject\Paulicode\env\Lib\site-packages\django\template\defaulttags.py", line 471, in render
    url = reverse(view_name, args=args, kwargs=kwargs, current_app=current_app)
  File "C:\Users\Chenchen\OneDrive\Documents\GitHub\DjangoProject\Paulicode\env\Lib\site-packages\django\urls\base.py", line 82, in reverse
    raise NoReverseMatch("%s is not a registered namespace" % key)
django.urls.exceptions.NoReverseMatch: ' https' is not a registered namespace
"GET /classes/ HTTP/1.1" 500 199442
Not Found: /favicon.ico
"GET /favicon.ico HTTP/1.1" 404 9338
"GET /classes/ HTTP/1.1" 200 43011
"GET /static/js/core/popper.min.js HTTP/1.1" 404 1822
"GET /static/js/core/bootstrap.min.js HTTP/1.1" 404 1831
"GET /static/js/plugins/perfect-scrollbar.min.js HTTP/1.1" 404 1864
"GET /static/js/plugins/smooth-scrollbar.min.js HTTP/1.1" 404 1861
"GET /static/js/plugins/chartjs.min.js HTTP/1.1" 404 1834
"GET /static/js/argon-dashboard.min.js HTTP/1.1" 404 1834
"GET /media/class_icons/unnamed.jpg HTTP/1.1" 304 0
"GET /classes/ HTTP/1.1" 200 43010
"GET /static/js/core/bootstrap.min.js HTTP/1.1" 404 1831
"GET /static/js/core/popper.min.js HTTP/1.1" 404 1822
"GET /static/js/plugins/perfect-scrollbar.min.js HTTP/1.1" 404 1864
"GET /static/js/plugins/smooth-scrollbar.min.js HTTP/1.1" 404 1861
"GET /static/js/plugins/chartjs.min.js HTTP/1.1" 404 1834
"GET /static/js/argon-dashboard.min.js HTTP/1.1" 404 1834
"GET /classes/ HTTP/1.1" 200 42985
"GET /static/js/core/popper.min.js HTTP/1.1" 404 1822
"GET /static/js/core/bootstrap.min.js HTTP/1.1" 404 1831
"GET /static/js/plugins/smooth-scrollbar.min.js HTTP/1.1" 404 1861
"GET /static/js/plugins/perfect-scrollbar.min.js HTTP/1.1" 404 1864
"GET /static/js/plugins/chartjs.min.js HTTP/1.1" 404 1834
"GET /static/js/argon-dashboard.min.js HTTP/1.1" 404 1834
"GET /classes/ HTTP/1.1" 200 42980
"GET /static/js/core/popper.min.js HTTP/1.1" 404 1822
"GET /static/js/core/bootstrap.min.js HTTP/1.1" 404 1831
"GET /static/js/plugins/perfect-scrollbar.min.js HTTP/1.1" 404 1864
"GET /static/js/plugins/smooth-scrollbar.min.js HTTP/1.1" 404 1861
"GET /static/js/plugins/chartjs.min.js HTTP/1.1" 404 1834
"GET /static/js/argon-dashboard.min.js HTTP/1.1" 404 1834
"GET /media/class_icons/unnamed.jpg HTTP/1.1" 304 0
"GET /classes/ HTTP/1.1" 200 42980
"GET /static/js/core/popper.min.js HTTP/1.1" 404 1822
"GET /static/js/core/bootstrap.min.js HTTP/1.1" 404 1831
"GET /static/js/plugins/smooth-scrollbar.min.js HTTP/1.1" 404 1861
"GET /static/js/plugins/perfect-scrollbar.min.js HTTP/1.1" 404 1864
"GET /static/js/plugins/chartjs.min.js HTTP/1.1" 404 1834
"GET /static/js/argon-dashboard.min.js HTTP/1.1" 404 1834
"GET /classes/ HTTP/1.1" 200 42976
"GET /static/js/core/bootstrap.min.js HTTP/1.1" 404 1831
"GET /static/js/core/popper.min.js HTTP/1.1" 404 1822
"GET /static/js/plugins/smooth-scrollbar.min.js HTTP/1.1" 404 1861
"GET /static/js/plugins/perfect-scrollbar.min.js HTTP/1.1" 404 1864
"GET /static/js/plugins/chartjs.min.js HTTP/1.1" 404 1834
"GET /static/js/argon-dashboard.min.js HTTP/1.1" 404 1834
"GET /classes/ HTTP/1.1" 200 42950
"GET /static/js/core/bootstrap.min.js HTTP/1.1" 404 1831
"GET /static/js/core/popper.min.js HTTP/1.1" 404 1822
"GET /static/js/plugins/perfect-scrollbar.min.js HTTP/1.1" 404 1864
"GET /static/js/plugins/smooth-scrollbar.min.js HTTP/1.1" 404 1861
"GET /static/js/plugins/chartjs.min.js HTTP/1.1" 404 1834
"GET /static/js/argon-dashboard.min.js HTTP/1.1" 404 1834
"GET /classes/ HTTP/1.1" 200 42943
"GET /static/js/core/popper.min.js HTTP/1.1" 404 1822
"GET /static/js/core/bootstrap.min.js HTTP/1.1" 404 1831
"GET /static/js/plugins/perfect-scrollbar.min.js HTTP/1.1" 404 1864
"GET /static/js/plugins/smooth-scrollbar.min.js HTTP/1.1" 404 1861
"GET /static/js/plugins/chartjs.min.js HTTP/1.1" 404 1834
"GET /static/js/argon-dashboard.min.js HTTP/1.1" 404 1834
"GET /classes/ HTTP/1.1" 200 42959
"GET /static/js/core/popper.min.js HTTP/1.1" 404 1822
"GET /static/js/core/bootstrap.min.js HTTP/1.1" 404 1831
"GET /static/js/plugins/perfect-scrollbar.min.js HTTP/1.1" 404 1864
"GET /static/js/plugins/smooth-scrollbar.min.js HTTP/1.1" 404 1861
"GET /static/js/plugins/chartjs.min.js HTTP/1.1" 404 1834
"GET /static/js/argon-dashboard.min.js HTTP/1.1" 404 1834
"GET /classes/ HTTP/1.1" 200 42977
"GET /static/js/core/popper.min.js HTTP/1.1" 404 1822
"GET /static/js/core/bootstrap.min.js HTTP/1.1" 404 1831
"GET /static/js/plugins/perfect-scrollbar.min.js HTTP/1.1" 404 1864
"GET /static/js/plugins/smooth-scrollbar.min.js HTTP/1.1" 404 1861
"GET /static/js/plugins/chartjs.min.js HTTP/1.1" 404 1834
"GET /static/js/argon-dashboard.min.js HTTP/1.1" 404 1834
"GET /student/class/3/ HTTP/1.1" 200 63389
"GET /static/js/core/popper.min.js HTTP/1.1" 404 1822
"GET /static/js/core/bootstrap.min.js HTTP/1.1" 404 1831
"GET /static/js/plugins/perfect-scrollbar.min.js HTTP/1.1" 404 1864
"GET /static/js/plugins/smooth-scrollbar.min.js HTTP/1.1" 404 1861
"GET /static/js/plugins/chartjs.min.js HTTP/1.1" 404 1834
"GET /static/js/argon-dashboard.min.js HTTP/1.1" 404 1834
"GET /code-playground/ HTTP/1.1" 200 81416
"GET /static/js/core/popper.min.js HTTP/1.1" 404 1822
"GET /static/js/core/bootstrap.min.js HTTP/1.1" 404 1831
"GET /static/js/plugins/perfect-scrollbar.min.js HTTP/1.1" 404 1864
"GET /static/js/plugins/smooth-scrollbar.min.js HTTP/1.1" 404 1861
"GET /static/js/plugins/chartjs.min.js HTTP/1.1" 404 1834
"GET /static/js/argon-dashboard.min.js HTTP/1.1" 404 1834
Watching for file changes with StatReloader
Watching for file changes with StatReloader
"GET / HTTP/1.1" 302 0
"GET /StudentDashboard/ HTTP/1.1" 200 52930
"GET /static/img/loadingIcon.webp HTTP/1.1" 200 42646
"GET /static/img/PCodeLogo.svg HTTP/1.1" 200 12486
"GET /static/img/studenthaticon.png HTTP/1.1" 200 8381
"GET /media/profile_pic/9d19fa5a-b873-469d-8372-7f4957e1f4ec.jpg HTTP/1.1" 200 282651
"GET /static/js/core/bootstrap.min.js HTTP/1.1" 404 1831
"GET /static/js/core/popper.min.js HTTP/1.1" 404 1822
"GET /static/js/plugins/perfect-scrollbar.min.js HTTP/1.1" 404 1864
"GET /static/js/plugins/smooth-scrollbar.min.js HTTP/1.1" 404 1861
"GET /static/js/plugins/chartjs.min.js HTTP/1.1" 404 1834
"GET /static/js/argon-dashboard.min.js HTTP/1.1" 404 1834
"GET /static/img/progressIcon.png HTTP/1.1" 200 181081
"GET /static/img/PendingIC.png HTTP/1.1" 200 293839
"GET /static/img/1stCup.svg HTTP/1.1" 200 650077
"GET /static/img/star.png HTTP/1.1" 200 22289
"GET /media/class_icons/unnamed.jpg HTTP/1.1" 200 66155
"GET /media/class_icons/Gemini_Generated_Image_tqim57tqim57tqim_FDzubHJ.png HTTP/1.1" 200 1261532
"GET /static/img/favicon.ico HTTP/1.1" 200 4286
"GET / HTTP/1.1" 302 0
"GET /StudentDashboard/ HTTP/1.1" 200 52930
"GET /static/js/core/popper.min.js HTTP/1.1" 404 1822
"GET /static/js/core/bootstrap.min.js HTTP/1.1" 404 1831
"GET /static/js/plugins/perfect-scrollbar.min.js HTTP/1.1" 404 1864
"GET /static/js/plugins/smooth-scrollbar.min.js HTTP/1.1" 404 1861
"GET /static/js/plugins/chartjs.min.js HTTP/1.1" 404 1834
"GET /static/js/argon-dashboard.min.js HTTP/1.1" 404 1834
"GET / HTTP/1.1" 200 21605
"GET /static/img/loadingIcon.webp HTTP/1.1" 200 42646
"GET /static/img/PCodeLogo.svg HTTP/1.1" 200 12486
"GET /static/js/core/bootstrap.min.js HTTP/1.1" 404 1859
"GET /static/js/core/popper.min.js HTTP/1.1" 404 1850
"GET /static/js/plugins/perfect-scrollbar.min.js HTTP/1.1" 404 1892
"GET /static/js/plugins/smooth-scrollbar.min.js HTTP/1.1" 404 1889
"GET / HTTP/1.1" 200 21605
"GET /static/js/plugins/chartjs.min.js HTTP/1.1" 404 1862
"GET /static/js/argon-dashboard.min.js HTTP/1.1" 404 1862
"GET /static/img/favicon.ico HTTP/1.1" 200 4286
"GET /classes/ HTTP/1.1" 200 42949
"GET /static/img/search.png HTTP/1.1" 200 30429
"GET /static/img/plusIcon.png HTTP/1.1" 200 68669
"GET /static/js/core/popper.min.js HTTP/1.1" 404 1822
"GET /media/profile_pic/9d19fa5a-b873-469d-8372-7f4957e1f4ec.jpg HTTP/1.1" 304 0
"GET /static/js/plugins/perfect-scrollbar.min.js HTTP/1.1" 404 1864
"GET /static/js/core/bootstrap.min.js HTTP/1.1" 404 1831
"GET /static/js/plugins/smooth-scrollbar.min.js HTTP/1.1" 404 1861
"GET /static/js/plugins/chartjs.min.js HTTP/1.1" 404 1834
"GET /static/js/argon-dashboard.min.js HTTP/1.1" 404 1834
"GET /media/class_icons/unnamed.jpg HTTP/1.1" 304 0
"GET /media/class_icons/Gemini_Generated_Image_tqim57tqim57tqim_FDzubHJ.png HTTP/1.1" 304 0
"GET /code-playground/ HTTP/1.1" 200 81388
"GET /static/js/core/popper.min.js HTTP/1.1" 404 1822
"GET /static/js/core/bootstrap.min.js HTTP/1.1" 404 1831
"GET /static/js/plugins/perfect-scrollbar.min.js HTTP/1.1" 404 1864
"GET /static/js/plugins/smooth-scrollbar.min.js HTTP/1.1" 404 1861
"GET /static/js/plugins/chartjs.min.js HTTP/1.1" 404 1834
"GET /static/js/argon-dashboard.min.js HTTP/1.1" 404 1834
"GET /MyClasses/ HTTP/1.1" 200 71343
"GET /static/img/loadingIcon.webp HTTP/1.1" 200 42646
"GET /static/img/plusIcon.png HTTP/1.1" 200 68669
"GET /static/img/PCodeLogo.svg HTTP/1.1" 200 12486
"GET /static/img/dashboardIcon.png HTTP/1.1" 200 10184
"GET /static/js/core/popper.min.js HTTP/1.1" 404 1822
"GET /media/profile_pic/default.png HTTP/1.1" 200 298184
"GET /static/js/core/bootstrap.min.js HTTP/1.1" 404 1831
"GET /static/js/plugins/perfect-scrollbar.min.js HTTP/1.1" 404 1864
"GET /static/js/plugins/smooth-scrollbar.min.js HTTP/1.1" 404 1861
"GET /static/js/plugins/chartjs.min.js HTTP/1.1" 404 1834
"GET /static/js/argon-dashboard.min.js HTTP/1.1" 404 1834
"GET /static/img/blackboardIcon.png HTTP/1.1" 200 8431
"GET /static/img/reportIcon.png HTTP/1.1" 200 19011
"GET /media/class_icons/unnamed.jpg HTTP/1.1" 200 66155
"GET /media/class_icons/Gemini_Generated_Image_tqim57tqim57tqim_FDzubHJ.png HTTP/1.1" 200 1261532
"GET /MyClasses/ HTTP/1.1" 200 71343
"GET /static/img/favicon.ico HTTP/1.1" 200 4286
"GET /MyClasses/ HTTP/1.1" 200 71967
"GET /static/js/core/bootstrap.min.js HTTP/1.1" 404 1831
"GET /static/js/core/popper.min.js HTTP/1.1" 404 1822
"GET /static/js/plugins/perfect-scrollbar.min.js HTTP/1.1" 404 1864
"GET /static/js/plugins/smooth-scrollbar.min.js HTTP/1.1" 404 1861
"GET /static/js/plugins/chartjs.min.js HTTP/1.1" 404 1834
"GET /static/js/argon-dashboard.min.js HTTP/1.1" 404 1834
"GET /MyClasses/ HTTP/1.1" 200 71967
"GET / HTTP/1.1" 200 21605
"GET /static/img/loadingIcon.webp HTTP/1.1" 200 42646
"GET /static/img/PCodeLogo.svg HTTP/1.1" 200 12486
"GET /static/js/core/popper.min.js HTTP/1.1" 404 1826
"GET /static/js/core/bootstrap.min.js HTTP/1.1" 404 1835
"GET /static/js/plugins/perfect-scrollbar.min.js HTTP/1.1" 404 1868
"GET /static/js/plugins/chartjs.min.js HTTP/1.1" 404 1838
"GET /static/js/plugins/smooth-scrollbar.min.js HTTP/1.1" 404 1865
"GET / HTTP/1.1" 200 21605
"GET /static/js/argon-dashboard.min.js HTTP/1.1" 404 1838
"GET / HTTP/1.1" 200 21605
"GET /static/img/favicon.ico HTTP/1.1" 200 4286
"POST /login/ HTTP/1.1" 302 0
"GET /StudentDashboard/ HTTP/1.1" 200 53384
"GET /static/img/studenthaticon.png HTTP/1.1" 200 8381
"GET /static/js/core/bootstrap.min.js HTTP/1.1" 404 1835
"GET /static/js/core/popper.min.js HTTP/1.1" 404 1826
"GET /static/js/plugins/perfect-scrollbar.min.js HTTP/1.1" 404 1868
"GET /static/js/plugins/smooth-scrollbar.min.js HTTP/1.1" 404 1865
"GET /static/js/plugins/chartjs.min.js HTTP/1.1" 404 1838
"GET /static/js/argon-dashboard.min.js HTTP/1.1" 404 1838
"GET /static/img/progressIcon.png HTTP/1.1" 200 181081
"GET /media/profile_pic/9d19fa5a-b873-469d-8372-7f4957e1f4ec.jpg HTTP/1.1" 200 282651
"GET /static/img/PendingIC.png HTTP/1.1" 200 293839
"GET /static/img/star.png HTTP/1.1" 200 22289
"GET /media/class_icons/unnamed.jpg HTTP/1.1" 200 66155
"GET /media/class_icons/Gemini_Generated_Image_tqim57tqim57tqim_FDzubHJ.png HTTP/1.1" 200 1261532
"GET /static/img/1stCup.svg HTTP/1.1" 200 650077
"GET /classes/ HTTP/1.1" 200 42949
"GET /static/js/plugins/smooth-scrollbar.min.js HTTP/1.1" 404 1865
"GET /static/img/search.png HTTP/1.1" 200 30429
"GET /static/img/plusIcon.png HTTP/1.1" 200 68669
"GET /static/js/core/popper.min.js HTTP/1.1" 404 1826
"GET /static/js/core/bootstrap.min.js HTTP/1.1" 404 1835
"GET /static/js/plugins/perfect-scrollbar.min.js HTTP/1.1" 404 1868
"GET /static/js/argon-dashboard.min.js HTTP/1.1" 404 1838
"GET /static/js/plugins/chartjs.min.js HTTP/1.1" 404 1838
"GET /student/class/3/ HTTP/1.1" 200 63361
"GET /static/js/core/popper.min.js HTTP/1.1" 404 1826
"GET /static/js/core/bootstrap.min.js HTTP/1.1" 404 1835
"GET /static/js/plugins/perfect-scrollbar.min.js HTTP/1.1" 404 1868
"GET /static/js/plugins/smooth-scrollbar.min.js HTTP/1.1" 404 1865
"GET /static/js/plugins/chartjs.min.js HTTP/1.1" 404 1838
"GET /static/js/argon-dashboard.min.js HTTP/1.1" 404 1838
"GET /problem/2/details/ HTTP/1.1" 200 243
"GET /problem/2/details/ HTTP/1.1" 200 243
"POST /cybersecurity/submit/2/ HTTP/1.1" 200 112
"GET /student/class/3/ HTTP/1.1" 200 63361
"GET /static/img/PCodeLogo.svg HTTP/1.1" 304 0
"GET /static/img/loadingIcon.webp HTTP/1.1" 304 0
"GET /static/js/core/popper.min.js HTTP/1.1" 404 1826
"GET /static/js/core/bootstrap.min.js HTTP/1.1" 404 1835
"GET /static/js/plugins/smooth-scrollbar.min.js HTTP/1.1" 404 1865
"GET /static/js/plugins/perfect-scrollbar.min.js HTTP/1.1" 404 1868
"GET /static/js/plugins/chartjs.min.js HTTP/1.1" 404 1838
"GET /media/profile_pic/9d19fa5a-b873-469d-8372-7f4957e1f4ec.jpg HTTP/1.1" 304 0
"GET /static/js/argon-dashboard.min.js HTTP/1.1" 404 1838
"GET /problem/2/details/ HTTP/1.1" 200 243
"GET /problem/2/details/ HTTP/1.1" 200 243
"POST /cybersecurity/submit/2/ HTTP/1.1" 200 119
"GET /student/class/3/ HTTP/1.1" 200 63675
"GET /static/img/loadingIcon.webp HTTP/1.1" 304 0
"GET /static/img/PCodeLogo.svg HTTP/1.1" 304 0
"GET /static/js/plugins/perfect-scrollbar.min.js HTTP/1.1" 404 1868
"GET /static/js/plugins/smooth-scrollbar.min.js HTTP/1.1" 404 1865
"GET /static/js/core/bootstrap.min.js HTTP/1.1" 404 1835
"GET /static/js/plugins/chartjs.min.js HTTP/1.1" 404 1838
"GET /static/js/core/popper.min.js HTTP/1.1" 404 1826
"GET /media/profile_pic/9d19fa5a-b873-469d-8372-7f4957e1f4ec.jpg HTTP/1.1" 304 0
"GET /static/js/argon-dashboard.min.js HTTP/1.1" 404 1838
"GET /static/img/favicon.ico HTTP/1.1" 200 4286
"GET /problem/2/details/ HTTP/1.1" 200 242
"GET /problem/2/details/ HTTP/1.1" 200 242
"GET /student/class/3/ HTTP/1.1" 302 0
"GET / HTTP/1.1" 200 22083
"GET /static/img/loadingIcon.webp HTTP/1.1" 200 42646
"GET /static/img/PCodeLogo.svg HTTP/1.1" 200 12486
"GET /static/js/core/popper.min.js HTTP/1.1" 404 1826
"GET /static/js/plugins/chartjs.min.js HTTP/1.1" 404 1838
"GET /static/js/core/bootstrap.min.js HTTP/1.1" 404 1835
"GET /static/js/plugins/perfect-scrollbar.min.js HTTP/1.1" 404 1868
"GET /static/js/plugins/smooth-scrollbar.min.js HTTP/1.1" 404 1865
"GET /static/js/argon-dashboard.min.js HTTP/1.1" 404 1838
"GET / HTTP/1.1" 200 21605
"GET / HTTP/1.1" 200 21605
"GET /static/img/favicon.ico HTTP/1.1" 200 4286
"POST /login/ HTTP/1.1" 302 0
"GET /StudentDashboard/ HTTP/1.1" 200 53384
"GET /static/img/studenthaticon.png HTTP/1.1" 200 8381
"GET /static/js/plugins/smooth-scrollbar.min.js HTTP/1.1" 404 1865
"GET /static/js/core/popper.min.js HTTP/1.1" 404 1826
"GET /static/js/core/bootstrap.min.js HTTP/1.1" 404 1835
"GET /static/js/plugins/perfect-scrollbar.min.js HTTP/1.1" 404 1868
"GET /static/js/plugins/chartjs.min.js HTTP/1.1" 404 1838
"GET /media/profile_pic/9d19fa5a-b873-469d-8372-7f4957e1f4ec.jpg HTTP/1.1" 200 282651
"GET /static/js/argon-dashboard.min.js HTTP/1.1" 404 1838
"GET /static/img/progressIcon.png HTTP/1.1" 200 181081
"GET /static/img/1stCup.svg HTTP/1.1" 200 650077
"GET /static/img/star.png HTTP/1.1" 200 22289
"GET /static/img/PendingIC.png HTTP/1.1" 200 293839
"GET /media/class_icons/unnamed.jpg HTTP/1.1" 200 66155
"GET /media/class_icons/Gemini_Generated_Image_tqim57tqim57tqim_FDzubHJ.png HTTP/1.1" 200 1261532
"GET /classes/ HTTP/1.1" 200 42949
"GET /static/img/search.png HTTP/1.1" 200 30429
"GET /static/img/plusIcon.png HTTP/1.1" 200 68669
"GET /static/js/plugins/smooth-scrollbar.min.js HTTP/1.1" 404 1865
"GET /static/js/core/popper.min.js HTTP/1.1" 404 1826
"GET /static/js/plugins/chartjs.min.js HTTP/1.1" 404 1838
"GET /static/js/core/bootstrap.min.js HTTP/1.1" 404 1835
"GET /static/js/plugins/perfect-scrollbar.min.js HTTP/1.1" 404 1868
"GET /static/js/argon-dashboard.min.js HTTP/1.1" 404 1838
"GET /student/class/3/ HTTP/1.1" 200 63675
"GET /static/js/core/popper.min.js HTTP/1.1" 404 1826
"GET /static/js/core/bootstrap.min.js HTTP/1.1" 404 1835
"GET /static/js/plugins/perfect-scrollbar.min.js HTTP/1.1" 404 1868
"GET /static/js/plugins/smooth-scrollbar.min.js HTTP/1.1" 404 1865
"GET /static/js/plugins/chartjs.min.js HTTP/1.1" 404 1838
"GET /static/js/argon-dashboard.min.js HTTP/1.1" 404 1838
"GET /problem/3/details/ HTTP/1.1" 200 278
"GET /problem/3/details/ HTTP/1.1" 200 278
"GET /problem/2/details/ HTTP/1.1" 200 242
"GET /problem/2/details/ HTTP/1.1" 200 242
"GET /StudentDashboard/ HTTP/1.1" 200 52902
"GET /static/js/core/popper.min.js HTTP/1.1" 404 1826
"GET /static/js/core/bootstrap.min.js HTTP/1.1" 404 1835
"GET /static/js/plugins/perfect-scrollbar.min.js HTTP/1.1" 404 1868
"GET /static/js/plugins/smooth-scrollbar.min.js HTTP/1.1" 404 1865
"GET /static/js/plugins/chartjs.min.js HTTP/1.1" 404 1838
"GET /static/js/argon-dashboard.min.js HTTP/1.1" 404 1838
"GET /classes/ HTTP/1.1" 200 42949
"GET /static/js/core/popper.min.js HTTP/1.1" 404 1826
"GET /static/js/argon-dashboard.min.js HTTP/1.1" 404 1838
"GET /static/js/core/bootstrap.min.js HTTP/1.1" 404 1835
"GET /static/js/plugins/chartjs.min.js HTTP/1.1" 404 1838
"GET /static/js/plugins/perfect-scrollbar.min.js HTTP/1.1" 404 1868
"GET /static/js/plugins/smooth-scrollbar.min.js HTTP/1.1" 404 1865
"GET /StudentDashboard/ HTTP/1.1" 200 52902
"GET /static/js/core/popper.min.js HTTP/1.1" 404 1826
"GET /static/js/core/bootstrap.min.js HTTP/1.1" 404 1835
"GET /static/js/plugins/smooth-scrollbar.min.js HTTP/1.1" 404 1865
"GET /static/js/plugins/perfect-scrollbar.min.js HTTP/1.1" 404 1868
"GET /static/js/plugins/chartjs.min.js HTTP/1.1" 404 1838
"GET /static/js/argon-dashboard.min.js HTTP/1.1" 404 1838
"GET /classes/ HTTP/1.1" 200 42949
"GET /static/js/core/popper.min.js HTTP/1.1" 404 1826
"GET /static/js/plugins/perfect-scrollbar.min.js HTTP/1.1" 404 1868
"GET /static/js/core/bootstrap.min.js HTTP/1.1" 404 1835
"GET /static/js/plugins/smooth-scrollbar.min.js HTTP/1.1" 404 1865
"GET /static/js/plugins/chartjs.min.js HTTP/1.1" 404 1838
"GET /static/js/argon-dashboard.min.js HTTP/1.1" 404 1838
"GET /student/class/4/ HTTP/1.1" 200 46390
"GET /static/js/core/popper.min.js HTTP/1.1" 404 1826
"GET /static/js/argon-dashboard.min.js HTTP/1.1" 404 1838
"GET /static/js/core/bootstrap.min.js HTTP/1.1" 404 1835
"GET /static/js/plugins/perfect-scrollbar.min.js HTTP/1.1" 404 1868
"GET /static/js/plugins/smooth-scrollbar.min.js HTTP/1.1" 404 1865
"GET /static/js/plugins/chartjs.min.js HTTP/1.1" 404 1838
"GET /problem/4/details/ HTTP/1.1" 200 321
"GET /classes/ HTTP/1.1" 200 42949
"GET /static/js/core/popper.min.js HTTP/1.1" 404 1826
"GET /static/js/core/bootstrap.min.js HTTP/1.1" 404 1835
"GET /static/js/plugins/perfect-scrollbar.min.js HTTP/1.1" 404 1868
"GET /static/js/plugins/smooth-scrollbar.min.js HTTP/1.1" 404 1865
"GET /static/js/plugins/chartjs.min.js HTTP/1.1" 404 1838
"GET /static/js/argon-dashboard.min.js HTTP/1.1" 404 1838
"GET /student/class/3/ HTTP/1.1" 200 63675
"GET /static/js/core/popper.min.js HTTP/1.1" 404 1826
"GET /static/js/plugins/perfect-scrollbar.min.js HTTP/1.1" 404 1868
"GET /static/js/plugins/smooth-scrollbar.min.js HTTP/1.1" 404 1865
"GET /static/js/core/bootstrap.min.js HTTP/1.1" 404 1835
"GET /static/js/argon-dashboard.min.js HTTP/1.1" 404 1838
"GET /static/js/plugins/chartjs.min.js HTTP/1.1" 404 1838
"GET /student/class/3/ HTTP/1.1" 200 63675
"GET /static/js/core/popper.min.js HTTP/1.1" 404 1826
"GET /static/js/plugins/smooth-scrollbar.min.js HTTP/1.1" 404 1865
"GET /static/js/plugins/chartjs.min.js HTTP/1.1" 404 1838
"GET /static/js/argon-dashboard.min.js HTTP/1.1" 404 1838
"GET /static/js/core/bootstrap.min.js HTTP/1.1" 404 1835
"GET /static/js/plugins/perfect-scrollbar.min.js HTTP/1.1" 404 1868
"GET /StudentDashboard/ HTTP/1.1" 200 52902
"GET /static/js/core/bootstrap.min.js HTTP/1.1" 404 1835
"GET /static/js/core/popper.min.js HTTP/1.1" 404 1826
"GET /static/js/plugins/perfect-scrollbar.min.js HTTP/1.1" 404 1868
"GET /static/js/plugins/smooth-scrollbar.min.js HTTP/1.1" 404 1865
"GET /static/js/plugins/chartjs.min.js HTTP/1.1" 404 1838
"GET /static/js/argon-dashboard.min.js HTTP/1.1" 404 1838
"POST /logout/ HTTP/1.1" 302 0
"GET / HTTP/1.1" 200 22101
"GET / HTTP/1.1" 200 21605
"GET /static/js/core/popper.min.js HTTP/1.1" 404 1826
"GET /static/js/argon-dashboard.min.js HTTP/1.1" 404 1838
"GET /static/js/plugins/perfect-scrollbar.min.js HTTP/1.1" 404 1868
"GET /static/js/plugins/smooth-scrollbar.min.js HTTP/1.1" 404 1865
"GET /static/js/core/bootstrap.min.js HTTP/1.1" 404 1835
"GET /static/js/plugins/chartjs.min.js HTTP/1.1" 404 1838
"GET / HTTP/1.1" 200 21605
"POST /login/ HTTP/1.1" 302 0
"GET /dashboard/ HTTP/1.1" 200 55056
"GET /static/img/dashboardIcon.png HTTP/1.1" 200 10184
"GET /static/js/core/popper.min.js HTTP/1.1" 404 1826
"GET /static/js/core/bootstrap.min.js HTTP/1.1" 404 1835
"GET /static/js/plugins/perfect-scrollbar.min.js HTTP/1.1" 404 1868
"GET /static/js/plugins/smooth-scrollbar.min.js HTTP/1.1" 404 1865
"GET /media/profile_pic/default.png HTTP/1.1" 200 298184
"GET /static/js/plugins/chartjs.min.js HTTP/1.1" 404 1838
"GET /static/js/argon-dashboard.min.js HTTP/1.1" 404 1838
"GET /static/img/reportIcon.png HTTP/1.1" 200 19011
"GET /static/img/teacherwand.png HTTP/1.1" 200 16015
"GET /dashboard/ HTTP/1.1" 200 54571
"GET /dashboard/ HTTP/1.1" 200 54571
"GET /MyClasses/ HTTP/1.1" 200 71955
"GET /static/js/core/popper.min.js HTTP/1.1" 404 1826
"GET /MyClasses/ HTTP/1.1" 200 71955
"GET /static/js/core/bootstrap.min.js HTTP/1.1" 404 1835
"GET /static/js/plugins/perfect-scrollbar.min.js HTTP/1.1" 404 1868
"GET /static/js/plugins/smooth-scrollbar.min.js HTTP/1.1" 404 1865
"GET /static/js/plugins/chartjs.min.js HTTP/1.1" 404 1838
"GET /static/js/argon-dashboard.min.js HTTP/1.1" 404 1838
"GET /MyClasses/ HTTP/1.1" 200 71955
"GET /MyClasses/ HTTP/1.1" 200 71955
"GET /static/js/core/popper.min.js HTTP/1.1" 404 1826
"GET /static/js/core/bootstrap.min.js HTTP/1.1" 404 1835
"GET /static/js/plugins/chartjs.min.js HTTP/1.1" 404 1838
"GET /static/js/plugins/perfect-scrollbar.min.js HTTP/1.1" 404 1868
"GET /static/js/plugins/smooth-scrollbar.min.js HTTP/1.1" 404 1865
"GET /static/js/argon-dashboard.min.js HTTP/1.1" 404 1838
"GET /MyClasses/ HTTP/1.1" 200 71955
"GET /MyClasses/ HTTP/1.1" 200 71955
"GET /dashboard/ HTTP/1.1" 200 54571
"GET /dashboard/ HTTP/1.1" 200 54571
"GET /static/js/plugins/perfect-scrollbar.min.js HTTP/1.1" 404 1868
"GET /static/js/core/popper.min.js HTTP/1.1" 404 1826
"GET /static/js/plugins/smooth-scrollbar.min.js HTTP/1.1" 404 1865
"GET /static/js/plugins/chartjs.min.js HTTP/1.1" 404 1838
"GET /static/js/core/bootstrap.min.js HTTP/1.1" 404 1835
"GET /static/js/argon-dashboard.min.js HTTP/1.1" 404 1838
"GET /dashboard/ HTTP/1.1" 200 54571
"GET /MyClasses/ HTTP/1.1" 200 71955
"GET /MyClasses/ HTTP/1.1" 200 71955
"GET /static/js/core/popper.min.js HTTP/1.1" 404 1826
"GET /static/js/plugins/perfect-scrollbar.min.js HTTP/1.1" 404 1868
"GET /static/js/core/bootstrap.min.js HTTP/1.1" 404 1835
"GET /static/js/plugins/smooth-scrollbar.min.js HTTP/1.1" 404 1865
"GET /static/js/plugins/chartjs.min.js HTTP/1.1" 404 1838
"GET /static/js/argon-dashboard.min.js HTTP/1.1" 404 1838
"GET /MyClasses/ HTTP/1.1" 200 71955
"GET /report/ HTTP/1.1" 200 69917
"GET /static/js/core/popper.min.js HTTP/1.1" 404 1826
"GET /static/js/core/bootstrap.min.js HTTP/1.1" 404 1835
"GET /static/js/plugins/perfect-scrollbar.min.js HTTP/1.1" 404 1868
"GET /static/js/plugins/chartjs.min.js HTTP/1.1" 404 1838
"GET /static/js/argon-dashboard.min.js HTTP/1.1" 404 1838
"GET /static/js/plugins/smooth-scrollbar.min.js HTTP/1.1" 404 1865
"GET /code-playground/ HTTP/1.1" 200 81422
"GET /static/js/core/popper.min.js HTTP/1.1" 404 1826
"GET /static/js/core/bootstrap.min.js HTTP/1.1" 404 1835
"GET /static/js/plugins/chartjs.min.js HTTP/1.1" 404 1838
"GET /static/js/plugins/smooth-scrollbar.min.js HTTP/1.1" 404 1865
"GET /static/js/plugins/perfect-scrollbar.min.js HTTP/1.1" 404 1868
"GET /static/js/argon-dashboard.min.js HTTP/1.1" 404 1838
"GET /load-chat-history/ HTTP/1.1" 200 16
"GET /get-usage-stats/ HTTP/1.1" 200 242
"GET /get-usage-stats/ HTTP/1.1" 200 242
AFC is enabled with max remote calls: 10.
"GET /get-usage-stats/ HTTP/1.1" 200 242
HTTP Request: POST https://generativelanguage.googleapis.com/v1beta/models/gemini-2.5-flash-lite:streamGenerateContent?alt=sse "HTTP/1.1 200 OK"
"POST /ai-chat-stream/ HTTP/1.1" 200 166
"GET /get-usage-stats/ HTTP/1.1" 200 242
AFC is enabled with max remote calls: 10.
HTTP Request: POST https://generativelanguage.googleapis.com/v1beta/models/gemini-2.5-flash-lite:streamGenerateContent?alt=sse "HTTP/1.1 200 OK"
"POST /ai-chat-stream/ HTTP/1.1" 200 166
"GET /get-usage-stats/ HTTP/1.1" 200 242
"GET /get-usage-stats/ HTTP/1.1" 200 242
"GET /load-chat-history/ HTTP/1.1" 200 616
"GET /get-usage-stats/ HTTP/1.1" 200 242
"POST /clear-chat-history/ HTTP/1.1" 200 51
"GET /get-usage-stats/ HTTP/1.1" 200 242
"GET /get-usage-stats/ HTTP/1.1" 200 242
"POST /run-test-code/ HTTP/1.1" 200 95
"POST /run-test-code/ HTTP/1.1" 200 95
"POST /run-test-code/ HTTP/1.1" 200 148
"POST /run-test-code/ HTTP/1.1" 200 140
"POST /run-test-code/ HTTP/1.1" 200 140
"POST /run-test-code/ HTTP/1.1" 200 1676
"POST /run-test-code/ HTTP/1.1" 200 746
"POST /run-test-code/ HTTP/1.1" 200 726
"GET /load-chat-history/ HTTP/1.1" 200 16
"GET /get-usage-stats/ HTTP/1.1" 200 242
"GET /get-usage-stats/ HTTP/1.1" 200 242
AFC is enabled with max remote calls: 10.
"GET /get-usage-stats/ HTTP/1.1" 200 242
HTTP Request: POST https://generativelanguage.googleapis.com/v1beta/models/gemini-2.5-flash-lite:streamGenerateContent?alt=sse "HTTP/1.1 200 OK"
"POST /ai-chat-stream/ HTTP/1.1" 200 787
"GET /get-usage-stats/ HTTP/1.1" 200 242
AFC is enabled with max remote calls: 10.
"GET /get-usage-stats/ HTTP/1.1" 200 242
HTTP Request: POST https://generativelanguage.googleapis.com/v1beta/models/gemini-2.5-flash-lite:streamGenerateContent?alt=sse "HTTP/1.1 200 OK"
"POST /ai-chat-stream/ HTTP/1.1" 200 683
"GET /get-usage-stats/ HTTP/1.1" 200 242
"GET /report/ HTTP/1.1" 200 69917
"GET /dashboard/ HTTP/1.1" 200 54571
"GET /dashboard/ HTTP/1.1" 200 54571
"GET /code-playground/ HTTP/1.1" 200 81422
"GET /static/js/core/popper.min.js HTTP/1.1" 404 1826
"GET /static/js/plugins/smooth-scrollbar.min.js HTTP/1.1" 404 1865
"GET /static/js/core/bootstrap.min.js HTTP/1.1" 404 1835
"GET /static/js/plugins/chartjs.min.js HTTP/1.1" 404 1838
"GET /static/js/plugins/perfect-scrollbar.min.js HTTP/1.1" 404 1868
"GET /static/js/argon-dashboard.min.js HTTP/1.1" 404 1838
"GET /MyClasses/ HTTP/1.1" 200 71839
"GET /static/js/core/popper.min.js HTTP/1.1" 404 1822
"GET /static/js/core/bootstrap.min.js HTTP/1.1" 404 1831
"GET /static/js/plugins/perfect-scrollbar.min.js HTTP/1.1" 404 1864
"GET /static/js/plugins/smooth-scrollbar.min.js HTTP/1.1" 404 1861
"GET /static/js/plugins/chartjs.min.js HTTP/1.1" 404 1834
"GET /static/js/argon-dashboard.min.js HTTP/1.1" 404 1834
"GET /media/class_icons/unnamed.jpg HTTP/1.1" 304 0
"GET /media/class_icons/Gemini_Generated_Image_tqim57tqim57tqim_FDzubHJ.png HTTP/1.1" 304 0
"GET /MyClasses/ HTTP/1.1" 200 71839
Not Found: /.well-known/appspecific/com.chrome.devtools.json
"GET /.well-known/appspecific/com.chrome.devtools.json HTTP/1.1" 404 9449
"GET /class/3/ HTTP/1.1" 200 59920
"GET /static/js/core/popper.min.js HTTP/1.1" 404 1822
"GET /static/js/core/bootstrap.min.js HTTP/1.1" 404 1831
"GET /static/js/plugins/perfect-scrollbar.min.js HTTP/1.1" 404 1864
"GET /static/js/plugins/smooth-scrollbar.min.js HTTP/1.1" 404 1861
"GET /static/js/plugins/chartjs.min.js HTTP/1.1" 404 1834
"GET /static/js/argon-dashboard.min.js HTTP/1.1" 404 1834
"GET /media/profile_pic/9d19fa5a-b873-469d-8372-7f4957e1f4ec.jpg HTTP/1.1" 200 282651
"GET /report/ HTTP/1.1" 200 69859
"GET /static/js/core/popper.min.js HTTP/1.1" 404 1822
"GET /static/js/core/bootstrap.min.js HTTP/1.1" 404 1831
"GET /static/js/plugins/smooth-scrollbar.min.js HTTP/1.1" 404 1861
"GET /static/js/plugins/perfect-scrollbar.min.js HTTP/1.1" 404 1864
"GET /static/js/plugins/chartjs.min.js HTTP/1.1" 404 1834
"GET /static/js/argon-dashboard.min.js HTTP/1.1" 404 1834
"GET /delete_submission/12/ HTTP/1.1" 302 0
"GET /report/ HTTP/1.1" 200 68369
"GET /static/js/core/bootstrap.min.js HTTP/1.1" 404 1831
"GET /static/js/core/popper.min.js HTTP/1.1" 404 1822
"GET /static/js/plugins/perfect-scrollbar.min.js HTTP/1.1" 404 1864
"GET /static/js/plugins/smooth-scrollbar.min.js HTTP/1.1" 404 1861
"GET /static/js/plugins/chartjs.min.js HTTP/1.1" 404 1834
"GET /static/js/argon-dashboard.min.js HTTP/1.1" 404 1834
"GET /delete_submission/8/ HTTP/1.1" 302 0
"GET /report/ HTTP/1.1" 200 66375
"GET /static/js/core/bootstrap.min.js HTTP/1.1" 404 1831
"GET /static/js/core/popper.min.js HTTP/1.1" 404 1822
"GET /static/js/plugins/smooth-scrollbar.min.js HTTP/1.1" 404 1861
"GET /static/js/plugins/perfect-scrollbar.min.js HTTP/1.1" 404 1864
"GET /static/js/plugins/chartjs.min.js HTTP/1.1" 404 1834
"GET /static/js/argon-dashboard.min.js HTTP/1.1" 404 1834
"GET /code-playground/ HTTP/1.1" 200 81388
"GET /media/profile_pic/9d19fa5a-b873-469d-8372-7f4957e1f4ec.jpg HTTP/1.1" 304 0
"GET /static/js/core/popper.min.js HTTP/1.1" 404 1822
"GET /static/js/core/bootstrap.min.js HTTP/1.1" 404 1831
"GET /static/js/plugins/perfect-scrollbar.min.js HTTP/1.1" 404 1864
"GET /static/js/plugins/smooth-scrollbar.min.js HTTP/1.1" 404 1861
"GET /static/js/plugins/chartjs.min.js HTTP/1.1" 404 1834
"GET /static/js/argon-dashboard.min.js HTTP/1.1" 404 1834
"GET /classes/ HTTP/1.1" 200 42949
"GET /static/js/core/popper.min.js HTTP/1.1" 404 1822
"GET /static/js/core/bootstrap.min.js HTTP/1.1" 404 1831
"GET /static/js/plugins/perfect-scrollbar.min.js HTTP/1.1" 404 1864
"GET /static/js/plugins/smooth-scrollbar.min.js HTTP/1.1" 404 1861
"GET /static/js/plugins/chartjs.min.js HTTP/1.1" 404 1834
"GET /static/js/argon-dashboard.min.js HTTP/1.1" 404 1834
"GET /media/class_icons/unnamed.jpg HTTP/1.1" 304 0
"GET /media/class_icons/Gemini_Generated_Image_tqim57tqim57tqim_FDzubHJ.png HTTP/1.1" 304 0
"GET /student/class/4/ HTTP/1.1" 200 46390
"GET /static/js/core/popper.min.js HTTP/1.1" 404 1822
"GET /static/js/core/bootstrap.min.js HTTP/1.1" 404 1831
"GET /static/js/plugins/perfect-scrollbar.min.js HTTP/1.1" 404 1864
"GET /static/js/plugins/smooth-scrollbar.min.js HTTP/1.1" 404 1861
"GET /static/js/plugins/chartjs.min.js HTTP/1.1" 404 1834
"GET /static/js/argon-dashboard.min.js HTTP/1.1" 404 1834
"GET /student/class/3/ HTTP/1.1" 200 63047
"GET /static/js/core/popper.min.js HTTP/1.1" 404 1822
"GET /static/js/core/bootstrap.min.js HTTP/1.1" 404 1831
"GET /static/js/plugins/perfect-scrollbar.min.js HTTP/1.1" 404 1864
"GET /static/js/plugins/smooth-scrollbar.min.js HTTP/1.1" 404 1861
"GET /static/js/plugins/chartjs.min.js HTTP/1.1" 404 1834
"GET /static/js/argon-dashboard.min.js HTTP/1.1" 404 1834
"GET /problem/2/details/ HTTP/1.1" 200 243
"GET /problem/2/details/ HTTP/1.1" 200 243
"GET /problem/2/details/ HTTP/1.1" 200 243
"GET /problem/2/details/ HTTP/1.1" 200 243
"POST /cybersecurity/submit/2/ HTTP/1.1" 200 112
"GET /student/class/3/ HTTP/1.1" 200 63047
"GET /static/js/core/popper.min.js HTTP/1.1" 404 1822
"GET /static/js/core/bootstrap.min.js HTTP/1.1" 404 1831
"GET /static/js/plugins/perfect-scrollbar.min.js HTTP/1.1" 404 1864
"GET /static/js/plugins/smooth-scrollbar.min.js HTTP/1.1" 404 1861
"GET /static/js/plugins/chartjs.min.js HTTP/1.1" 404 1834
"GET /static/js/argon-dashboard.min.js HTTP/1.1" 404 1834
"GET /student/class/3/ HTTP/1.1" 200 63047
"GET /static/js/core/popper.min.js HTTP/1.1" 404 1822
"GET /static/js/core/bootstrap.min.js HTTP/1.1" 404 1831
"GET /static/js/plugins/perfect-scrollbar.min.js HTTP/1.1" 404 1864
"GET /static/js/plugins/smooth-scrollbar.min.js HTTP/1.1" 404 1861
"GET /static/js/plugins/chartjs.min.js HTTP/1.1" 404 1834
"GET /static/js/argon-dashboard.min.js HTTP/1.1" 404 1834
"GET /problem/2/details/ HTTP/1.1" 200 243
"GET /problem/2/details/ HTTP/1.1" 200 243
"GET /StudentDashboard/ HTTP/1.1" 200 52754
"GET /static/js/core/popper.min.js HTTP/1.1" 404 1822
"GET /static/js/core/bootstrap.min.js HTTP/1.1" 404 1831
"GET /static/js/plugins/perfect-scrollbar.min.js HTTP/1.1" 404 1864
"GET /static/js/plugins/smooth-scrollbar.min.js HTTP/1.1" 404 1861
"GET /static/js/plugins/chartjs.min.js HTTP/1.1" 404 1834
"GET /static/js/argon-dashboard.min.js HTTP/1.1" 404 1834
"GET /report/ HTTP/1.1" 200 65877
"GET /static/js/core/popper.min.js HTTP/1.1" 404 1822
"GET /static/js/core/bootstrap.min.js HTTP/1.1" 404 1831
"GET /static/js/plugins/perfect-scrollbar.min.js HTTP/1.1" 404 1864
"GET /static/js/plugins/smooth-scrollbar.min.js HTTP/1.1" 404 1861
"GET /static/js/plugins/chartjs.min.js HTTP/1.1" 404 1834
"GET /static/js/argon-dashboard.min.js HTTP/1.1" 404 1834
"GET /report/ HTTP/1.1" 200 65871
"GET /static/js/core/bootstrap.min.js HTTP/1.1" 404 1831
"GET /static/js/core/popper.min.js HTTP/1.1" 404 1822
"GET /static/js/plugins/perfect-scrollbar.min.js HTTP/1.1" 404 1864
"GET /static/js/plugins/smooth-scrollbar.min.js HTTP/1.1" 404 1861
"GET /static/js/plugins/chartjs.min.js HTTP/1.1" 404 1834
"GET /static/js/argon-dashboard.min.js HTTP/1.1" 404 1834
"GET /report/ HTTP/1.1" 200 65882
"GET /static/js/core/popper.min.js HTTP/1.1" 404 1822
"GET /static/js/core/bootstrap.min.js HTTP/1.1" 404 1831
"GET /static/js/plugins/perfect-scrollbar.min.js HTTP/1.1" 404 1864
"GET /static/js/plugins/smooth-scrollbar.min.js HTTP/1.1" 404 1861
"GET /static/js/plugins/chartjs.min.js HTTP/1.1" 404 1834
"GET /static/js/argon-dashboard.min.js HTTP/1.1" 404 1834
"GET /report/ HTTP/1.1" 200 65882
"GET /static/js/core/popper.min.js HTTP/1.1" 404 1822
"GET /static/js/core/bootstrap.min.js HTTP/1.1" 404 1831
"GET /static/js/plugins/perfect-scrollbar.min.js HTTP/1.1" 404 1864
"GET /static/js/plugins/smooth-scrollbar.min.js HTTP/1.1" 404 1861
"GET /static/js/plugins/chartjs.min.js HTTP/1.1" 404 1834
"GET /static/js/argon-dashboard.min.js HTTP/1.1" 404 1834
"GET /StudentDashboard/ HTTP/1.1" 200 52754
"GET /static/js/core/bootstrap.min.js HTTP/1.1" 404 1831
"GET /static/js/core/popper.min.js HTTP/1.1" 404 1822
"GET /static/js/plugins/perfect-scrollbar.min.js HTTP/1.1" 404 1864
"GET /static/js/plugins/smooth-scrollbar.min.js HTTP/1.1" 404 1861
"GET /static/js/plugins/chartjs.min.js HTTP/1.1" 404 1834
"GET /static/js/argon-dashboard.min.js HTTP/1.1" 404 1834
"GET /report/ HTTP/1.1" 200 65877
"GET /static/js/core/popper.min.js HTTP/1.1" 404 1822
"GET /static/js/core/bootstrap.min.js HTTP/1.1" 404 1831
"GET /static/js/plugins/perfect-scrollbar.min.js HTTP/1.1" 404 1864
"GET /static/js/plugins/smooth-scrollbar.min.js HTTP/1.1" 404 1861
"GET /static/js/plugins/chartjs.min.js HTTP/1.1" 404 1834
"GET /static/js/argon-dashboard.min.js HTTP/1.1" 404 1834
"GET /report/ HTTP/1.1" 200 65868
"GET /static/js/core/bootstrap.min.js HTTP/1.1" 404 1831
"GET /static/js/core/popper.min.js HTTP/1.1" 404 1822
"GET /static/js/plugins/smooth-scrollbar.min.js HTTP/1.1" 404 1861
"GET /static/js/plugins/perfect-scrollbar.min.js HTTP/1.1" 404 1864
"GET /static/js/plugins/chartjs.min.js HTTP/1.1" 404 1834
"GET /static/js/argon-dashboard.min.js HTTP/1.1" 404 1834
"GET /report/ HTTP/1.1" 200 65835
"GET /static/js/core/popper.min.js HTTP/1.1" 404 1822
"GET /static/js/core/bootstrap.min.js HTTP/1.1" 404 1831
"GET /static/js/plugins/perfect-scrollbar.min.js HTTP/1.1" 404 1864
"GET /static/js/plugins/smooth-scrollbar.min.js HTTP/1.1" 404 1861
"GET /static/js/plugins/chartjs.min.js HTTP/1.1" 404 1834
"GET /static/js/argon-dashboard.min.js HTTP/1.1" 404 1834
"GET /report/ HTTP/1.1" 200 65846
"GET /static/js/core/popper.min.js HTTP/1.1" 404 1822
"GET /static/js/core/bootstrap.min.js HTTP/1.1" 404 1831
"GET /static/js/plugins/perfect-scrollbar.min.js HTTP/1.1" 404 1864
"GET /static/js/plugins/smooth-scrollbar.min.js HTTP/1.1" 404 1861
"GET /static/js/plugins/chartjs.min.js HTTP/1.1" 404 1834
"GET /static/js/argon-dashboard.min.js HTTP/1.1" 404 1834
"GET /report/ HTTP/1.1" 200 65874
"GET /static/js/core/popper.min.js HTTP/1.1" 404 1822
"GET /static/js/core/bootstrap.min.js HTTP/1.1" 404 1831
"GET /static/js/plugins/perfect-scrollbar.min.js HTTP/1.1" 404 1864
"GET /static/js/plugins/smooth-scrollbar.min.js HTTP/1.1" 404 1861
"GET /static/js/plugins/chartjs.min.js HTTP/1.1" 404 1834
"GET /static/js/argon-dashboard.min.js HTTP/1.1" 404 1834
"GET /report/ HTTP/1.1" 200 65852
"GET /static/js/core/popper.min.js HTTP/1.1" 404 1822
"GET /static/js/core/bootstrap.min.js HTTP/1.1" 404 1831
"GET /static/js/plugins/perfect-scrollbar.min.js HTTP/1.1" 404 1864
"GET /static/js/plugins/smooth-scrollbar.min.js HTTP/1.1" 404 1861
"GET /static/js/plugins/chartjs.min.js HTTP/1.1" 404 1834
"GET /static/js/argon-dashboard.min.js HTTP/1.1" 404 1834
"GET /report/ HTTP/1.1" 200 65847
"GET /static/js/core/bootstrap.min.js HTTP/1.1" 404 1831
"GET /static/js/core/popper.min.js HTTP/1.1" 404 1822
"GET /static/js/plugins/perfect-scrollbar.min.js HTTP/1.1" 404 1864
"GET /static/js/plugins/smooth-scrollbar.min.js HTTP/1.1" 404 1861
"GET /static/js/plugins/chartjs.min.js HTTP/1.1" 404 1834
"GET /static/js/argon-dashboard.min.js HTTP/1.1" 404 1834
"GET /report/ HTTP/1.1" 200 65852
"GET /static/js/core/bootstrap.min.js HTTP/1.1" 404 1831
"GET /static/js/core/popper.min.js HTTP/1.1" 404 1822
"GET /static/js/plugins/perfect-scrollbar.min.js HTTP/1.1" 404 1864
"GET /static/js/plugins/smooth-scrollbar.min.js HTTP/1.1" 404 1861
"GET /static/js/plugins/chartjs.min.js HTTP/1.1" 404 1834
"GET /static/js/argon-dashboard.min.js HTTP/1.1" 404 1834
"GET /report/ HTTP/1.1" 200 65869
"GET /static/js/core/bootstrap.min.js HTTP/1.1" 404 1831
"GET /static/js/core/popper.min.js HTTP/1.1" 404 1822
"GET /static/js/plugins/perfect-scrollbar.min.js HTTP/1.1" 404 1864
"GET /static/js/plugins/smooth-scrollbar.min.js HTTP/1.1" 404 1861
"GET /static/js/plugins/chartjs.min.js HTTP/1.1" 404 1834
"GET /static/js/argon-dashboard.min.js HTTP/1.1" 404 1834
"GET /report/ HTTP/1.1" 200 65869
"GET /static/js/core/popper.min.js HTTP/1.1" 404 1822
"GET /static/js/core/bootstrap.min.js HTTP/1.1" 404 1831
"GET /static/js/plugins/perfect-scrollbar.min.js HTTP/1.1" 404 1864
"GET /static/js/plugins/smooth-scrollbar.min.js HTTP/1.1" 404 1861
"GET /static/js/plugins/chartjs.min.js HTTP/1.1" 404 1834
"GET /static/js/argon-dashboard.min.js HTTP/1.1" 404 1834
"GET /MyClasses/ HTTP/1.1" 200 71823
"GET /static/js/core/popper.min.js HTTP/1.1" 404 1822
"GET /static/js/core/bootstrap.min.js HTTP/1.1" 404 1831
"GET /static/js/plugins/smooth-scrollbar.min.js HTTP/1.1" 404 1861
"GET /static/js/plugins/perfect-scrollbar.min.js HTTP/1.1" 404 1864
"GET /static/js/plugins/chartjs.min.js HTTP/1.1" 404 1834
"GET /static/js/argon-dashboard.min.js HTTP/1.1" 404 1834
"GET /MyClasses/ HTTP/1.1" 200 71823
"GET /dashboard/ HTTP/1.1" 200 54347
"GET /static/img/teacherwand.png HTTP/1.1" 200 16015
"GET /static/js/core/popper.min.js HTTP/1.1" 404 1822
"GET /static/js/core/bootstrap.min.js HTTP/1.1" 404 1831
"GET /static/js/plugins/perfect-scrollbar.min.js HTTP/1.1" 404 1864
"GET /static/js/plugins/smooth-scrollbar.min.js HTTP/1.1" 404 1861
"GET /static/js/plugins/chartjs.min.js HTTP/1.1" 404 1834
"GET /static/js/argon-dashboard.min.js HTTP/1.1" 404 1834
"GET /static/img/progressIcon.png HTTP/1.1" 200 181081
"GET /static/img/PendingIC.png HTTP/1.1" 200 293839
"GET /static/img/1stCup.svg HTTP/1.1" 200 650077
"GET /static/img/star.png HTTP/1.1" 200 22289
"GET /dashboard/ HTTP/1.1" 200 54347
"GET /dashboard/ HTTP/1.1" 200 54352
"GET /static/js/core/bootstrap.min.js HTTP/1.1" 404 1831
"GET /static/js/core/popper.min.js HTTP/1.1" 404 1822
"GET /static/js/plugins/perfect-scrollbar.min.js HTTP/1.1" 404 1864
"GET /static/js/plugins/smooth-scrollbar.min.js HTTP/1.1" 404 1861
"GET /static/js/plugins/chartjs.min.js HTTP/1.1" 404 1834
"GET /static/js/argon-dashboard.min.js HTTP/1.1" 404 1834
"GET /dashboard/ HTTP/1.1" 200 54352
"GET /dashboard/ HTTP/1.1" 200 54352
"GET /static/js/core/bootstrap.min.js HTTP/1.1" 404 1831
"GET /static/js/core/popper.min.js HTTP/1.1" 404 1822
"GET /static/js/plugins/smooth-scrollbar.min.js HTTP/1.1" 404 1861
"GET /static/js/plugins/perfect-scrollbar.min.js HTTP/1.1" 404 1864
"GET /static/js/argon-dashboard.min.js HTTP/1.1" 404 1834
"GET /static/js/plugins/chartjs.min.js HTTP/1.1" 404 1834
"GET /dashboard/ HTTP/1.1" 200 54352
"GET /dashboard/ HTTP/1.1" 200 54352
"GET /static/js/core/popper.min.js HTTP/1.1" 404 1822
"GET /static/js/core/bootstrap.min.js HTTP/1.1" 404 1831
"GET /static/js/plugins/perfect-scrollbar.min.js HTTP/1.1" 404 1864
"GET /static/js/plugins/chartjs.min.js HTTP/1.1" 404 1834
"GET /static/js/plugins/smooth-scrollbar.min.js HTTP/1.1" 404 1861
"GET /static/js/argon-dashboard.min.js HTTP/1.1" 404 1834
"GET /dashboard/ HTTP/1.1" 200 54352
"GET /dashboard/ HTTP/1.1" 200 54352
"GET /static/js/core/bootstrap.min.js HTTP/1.1" 404 1831
"GET /static/js/core/popper.min.js HTTP/1.1" 404 1822
"GET /static/js/plugins/smooth-scrollbar.min.js HTTP/1.1" 404 1861
"GET /static/js/plugins/perfect-scrollbar.min.js HTTP/1.1" 404 1864
"GET /static/js/plugins/chartjs.min.js HTTP/1.1" 404 1834
"GET /static/js/argon-dashboard.min.js HTTP/1.1" 404 1834
"GET /dashboard/ HTTP/1.1" 200 54352
"GET /dashboard/ HTTP/1.1" 200 54352
"GET /static/js/core/bootstrap.min.js HTTP/1.1" 404 1831
"GET /static/js/core/popper.min.js HTTP/1.1" 404 1822
"GET /static/js/plugins/perfect-scrollbar.min.js HTTP/1.1" 404 1864
"GET /static/js/plugins/smooth-scrollbar.min.js HTTP/1.1" 404 1861
"GET /static/js/plugins/chartjs.min.js HTTP/1.1" 404 1834
"GET /static/js/argon-dashboard.min.js HTTP/1.1" 404 1834
"GET /dashboard/ HTTP/1.1" 200 54352
"GET /dashboard/ HTTP/1.1" 200 54352
"GET /static/js/core/popper.min.js HTTP/1.1" 404 1822
"GET /static/js/core/bootstrap.min.js HTTP/1.1" 404 1831
"GET /static/js/plugins/perfect-scrollbar.min.js HTTP/1.1" 404 1864
"GET /static/js/plugins/smooth-scrollbar.min.js HTTP/1.1" 404 1861
"GET /static/js/plugins/chartjs.min.js HTTP/1.1" 404 1834
"GET /static/js/argon-dashboard.min.js HTTP/1.1" 404 1834
"GET /dashboard/ HTTP/1.1" 200 54352
"GET /dashboard/ HTTP/1.1" 200 54352
"GET /static/js/core/popper.min.js HTTP/1.1" 404 1822
"GET /static/js/core/bootstrap.min.js HTTP/1.1" 404 1831
"GET /static/js/plugins/perfect-scrollbar.min.js HTTP/1.1" 404 1864
"GET /static/js/plugins/smooth-scrollbar.min.js HTTP/1.1" 404 1861
"GET /static/js/plugins/chartjs.min.js HTTP/1.1" 404 1834
"GET /static/js/argon-dashboard.min.js HTTP/1.1" 404 1834
"GET /dashboard/ HTTP/1.1" 200 54352
"GET /dashboard/ HTTP/1.1" 200 54362
"GET /static/js/core/bootstrap.min.js HTTP/1.1" 404 1831
"GET /static/js/core/popper.min.js HTTP/1.1" 404 1822
"GET /static/js/plugins/perfect-scrollbar.min.js HTTP/1.1" 404 1864
"GET /static/js/plugins/smooth-scrollbar.min.js HTTP/1.1" 404 1861
"GET /static/js/plugins/chartjs.min.js HTTP/1.1" 404 1834
"GET /static/js/argon-dashboard.min.js HTTP/1.1" 404 1834
"GET /dashboard/ HTTP/1.1" 200 54362
"GET /StudentDashboard/ HTTP/1.1" 200 52754
"GET /static/js/core/popper.min.js HTTP/1.1" 404 1822
"GET /static/js/core/bootstrap.min.js HTTP/1.1" 404 1831
"GET /static/js/plugins/perfect-scrollbar.min.js HTTP/1.1" 404 1864
"GET /static/js/plugins/smooth-scrollbar.min.js HTTP/1.1" 404 1861
"GET /static/js/plugins/chartjs.min.js HTTP/1.1" 404 1834
"GET /static/js/argon-dashboard.min.js HTTP/1.1" 404 1834
"GET /dashboard/ HTTP/1.1" 200 54655
"GET /static/js/core/popper.min.js HTTP/1.1" 404 1822
"GET /static/js/core/bootstrap.min.js HTTP/1.1" 404 1831
"GET /static/js/plugins/perfect-scrollbar.min.js HTTP/1.1" 404 1864
"GET /static/js/plugins/smooth-scrollbar.min.js HTTP/1.1" 404 1861
"GET /static/js/plugins/chartjs.min.js HTTP/1.1" 404 1834
"GET /static/js/argon-dashboard.min.js HTTP/1.1" 404 1834
"GET /dashboard/ HTTP/1.1" 200 54655
"GET /dashboard/ HTTP/1.1" 200 54633
"GET /static/js/core/popper.min.js HTTP/1.1" 404 1822
"GET /static/js/core/bootstrap.min.js HTTP/1.1" 404 1831
"GET /media/class_icons/unnamed.jpg HTTP/1.1" 304 0
"GET /static/js/plugins/perfect-scrollbar.min.js HTTP/1.1" 404 1864
"GET /static/js/plugins/smooth-scrollbar.min.js HTTP/1.1" 404 1861
"GET /static/js/plugins/chartjs.min.js HTTP/1.1" 404 1834
"GET /static/js/argon-dashboard.min.js HTTP/1.1" 404 1834
"GET /dashboard/ HTTP/1.1" 200 54633
"GET /StudentDashboard/ HTTP/1.1" 200 53024
"GET /static/js/core/popper.min.js HTTP/1.1" 404 1822
"GET /static/js/core/bootstrap.min.js HTTP/1.1" 404 1831
"GET /static/js/plugins/perfect-scrollbar.min.js HTTP/1.1" 404 1864
"GET /static/js/plugins/smooth-scrollbar.min.js HTTP/1.1" 404 1861
"GET /static/js/plugins/chartjs.min.js HTTP/1.1" 404 1834
"GET /static/js/argon-dashboard.min.js HTTP/1.1" 404 1834
"GET /report/ HTTP/1.1" 200 66185
"GET /static/js/core/popper.min.js HTTP/1.1" 404 1822
"GET /static/js/core/bootstrap.min.js HTTP/1.1" 404 1831
"GET /static/js/plugins/perfect-scrollbar.min.js HTTP/1.1" 404 1864
"GET /static/js/plugins/smooth-scrollbar.min.js HTTP/1.1" 404 1861
"GET /static/js/plugins/chartjs.min.js HTTP/1.1" 404 1834
"GET /static/js/argon-dashboard.min.js HTTP/1.1" 404 1834
"GET /dashboard/ HTTP/1.1" 302 0
"GET /StudentDashboard/ HTTP/1.1" 200 53510
"GET /static/js/core/popper.min.js HTTP/1.1" 404 1822
"GET /static/js/core/bootstrap.min.js HTTP/1.1" 404 1831
"GET /static/js/plugins/perfect-scrollbar.min.js HTTP/1.1" 404 1864
"GET /static/js/plugins/smooth-scrollbar.min.js HTTP/1.1" 404 1861
"GET /static/js/plugins/chartjs.min.js HTTP/1.1" 404 1834
"GET /static/js/argon-dashboard.min.js HTTP/1.1" 404 1834
"GET /StudentDashboard/ HTTP/1.1" 200 53024
"GET /static/js/core/bootstrap.min.js HTTP/1.1" 404 1831
"GET /static/js/core/popper.min.js HTTP/1.1" 404 1822
"GET /static/js/plugins/perfect-scrollbar.min.js HTTP/1.1" 404 1864
"GET /static/js/plugins/smooth-scrollbar.min.js HTTP/1.1" 404 1861
"GET /static/js/argon-dashboard.min.js HTTP/1.1" 404 1834
"GET /static/js/plugins/chartjs.min.js HTTP/1.1" 404 1834
C:\Users\Chenchen\OneDrive\Documents\GitHub\DjangoProject\PauliCode\User\views.py changed, reloading.
Watching for file changes with StatReloader
C:\Users\Chenchen\OneDrive\Documents\GitHub\DjangoProject\PauliCode\User\urls.py changed, reloading.
Watching for file changes with StatReloader
"GET /StudentDashboard/ HTTP/1.1" 200 53034
"GET /media/class_icons/unnamed.jpg HTTP/1.1" 304 0
"GET /static/js/core/popper.min.js HTTP/1.1" 404 1822
"GET /static/js/core/bootstrap.min.js HTTP/1.1" 404 1831
"GET /static/js/plugins/perfect-scrollbar.min.js HTTP/1.1" 404 1864
"GET /static/js/plugins/smooth-scrollbar.min.js HTTP/1.1" 404 1861
"GET /static/js/plugins/chartjs.min.js HTTP/1.1" 404 1834
"GET /static/js/argon-dashboard.min.js HTTP/1.1" 404 1834
Internal Server Error: /leaderboard/
Traceback (most recent call last):
  File "C:\Users\Chenchen\OneDrive\Documents\GitHub\DjangoProject\Paulicode\env\Lib\site-packages\django\core\handlers\exception.py", line 55, in inner
    response = get_response(request)
  File "C:\Users\Chenchen\OneDrive\Documents\GitHub\DjangoProject\Paulicode\env\Lib\site-packages\django\core\handlers\base.py", line 197, in _get_response
    response = wrapped_callback(request, *callback_args, **callback_kwargs)
  File "C:\Users\Chenchen\OneDrive\Documents\GitHub\DjangoProject\Paulicode\env\Lib\site-packages\django\contrib\auth\decorators.py", line 23, in _wrapper_view
    return view_func(request, *args, **kwargs)
  File "C:\Users\Chenchen\OneDrive\Documents\GitHub\DjangoProject\paulicode\User\views.py", line 2299, in leaderboard
    return render(request, 'User/leaderboard.html', context)
  File "C:\Users\Chenchen\OneDrive\Documents\GitHub\DjangoProject\Paulicode\env\Lib\site-packages\django\shortcuts.py", line 24, in render
    content = loader.render_to_string(template_name, context, request, using=using)
  File "C:\Users\Chenchen\OneDrive\Documents\GitHub\DjangoProject\Paulicode\env\Lib\site-packages\django\template\loader.py", line 61, in render_to_string
    template = get_template(template_name, using=using)
  File "C:\Users\Chenchen\OneDrive\Documents\GitHub\DjangoProject\Paulicode\env\Lib\site-packages\django\template\loader.py", line 19, in get_template
    raise TemplateDoesNotExist(template_name, chain=chain)
django.template.exceptions.TemplateDoesNotExist: User/leaderboard.html
"GET /leaderboard/ HTTP/1.1" 500 97885
Not Found: /favicon.ico
"GET /favicon.ico HTTP/1.1" 404 9517
C:\Users\Chenchen\OneDrive\Documents\GitHub\DjangoProject\PauliCode\User\views.py changed, reloading.
Watching for file changes with StatReloader
Internal Server Error: /leaderboard/
Traceback (most recent call last):
  File "C:\Users\Chenchen\OneDrive\Documents\GitHub\DjangoProject\Paulicode\env\Lib\site-packages\django\template\base.py", line 505, in parse
    compile_func = self.tags[command]
                   ~~~~~~~~~^^^^^^^^^
KeyError: 'endblock'

During handling of the above exception, another exception occurred:

Traceback (most recent call last):
  File "C:\Users\Chenchen\OneDrive\Documents\GitHub\DjangoProject\Paulicode\env\Lib\site-packages\django\core\handlers\exception.py", line 55, in inner
    response = get_response(request)
  File "C:\Users\Chenchen\OneDrive\Documents\GitHub\DjangoProject\Paulicode\env\Lib\site-packages\django\core\handlers\base.py", line 197, in _get_response
    response = wrapped_callback(request, *callback_args, **callback_kwargs)
  File "C:\Users\Chenchen\OneDrive\Documents\GitHub\DjangoProject\Paulicode\env\Lib\site-packages\django\contrib\auth\decorators.py", line 23, in _wrapper_view
    return view_func(request, *args, **kwargs)
  File "C:\Users\Chenchen\OneDrive\Documents\GitHub\DjangoProject\paulicode\User\views.py", line 2299, in leaderboard
    return render(request, 'Universal/leaderboard.html', context)
  File "C:\Users\Chenchen\OneDrive\Documents\GitHub\DjangoProject\Paulicode\env\Lib\site-packages\django\shortcuts.py", line 24, in render
    content = loader.render_to_string(template_name, context, request, using=using)
  File "C:\Users\Chenchen\OneDrive\Documents\GitHub\DjangoProject\Paulicode\env\Lib\site-packages\django\template\loader.py", line 61, in render_to_string
    template = get_template(template_name, using=using)
  File "C:\Users\Chenchen\OneDrive\Documents\GitHub\DjangoProject\Paulicode\env\Lib\site-packages\django\template\loader.py", line 15, in get_template
    return engine.get_template(template_name)
           ~~~~~~~~~~~~~~~~~~~^^^^^^^^^^^^^^^
  File "C:\Users\Chenchen\OneDrive\Documents\GitHub\DjangoProject\Paulicode\env\Lib\site-packages\django\template\backends\django.py", line 33, in get_template
    return Template(self.engine.get_template(template_name), self)
                    ~~~~~~~~~~~~~~~~~~~~~~~~^^^^^^^^^^^^^^^
  File "C:\Users\Chenchen\OneDrive\Documents\GitHub\DjangoProject\Paulicode\env\Lib\site-packages\django\template\engine.py", line 175, in get_template
    template, origin = self.find_template(template_name)
                       ~~~~~~~~~~~~~~~~~~^^^^^^^^^^^^^^^
  File "C:\Users\Chenchen\OneDrive\Documents\GitHub\DjangoProject\Paulicode\env\Lib\site-packages\django\template\engine.py", line 157, in find_template
    template = loader.get_template(name, skip=skip)
  File "C:\Users\Chenchen\OneDrive\Documents\GitHub\DjangoProject\Paulicode\env\Lib\site-packages\django\template\loaders\cached.py", line 57, in get_template
    template = super().get_template(template_name, skip)
  File "C:\Users\Chenchen\OneDrive\Documents\GitHub\DjangoProject\Paulicode\env\Lib\site-packages\django\template\loaders\base.py", line 28, in get_template
    return Template(
        contents,
    ...<2 lines>...
        self.engine,
    )
  File "C:\Users\Chenchen\OneDrive\Documents\GitHub\DjangoProject\Paulicode\env\Lib\site-packages\django\template\base.py", line 154, in __init__
    self.nodelist = self.compile_nodelist()
                    ~~~~~~~~~~~~~~~~~~~~~^^
  File "C:\Users\Chenchen\OneDrive\Documents\GitHub\DjangoProject\Paulicode\env\Lib\site-packages\django\template\base.py", line 200, in compile_nodelist
    return parser.parse()
           ~~~~~~~~~~~~^^
  File "C:\Users\Chenchen\OneDrive\Documents\GitHub\DjangoProject\Paulicode\env\Lib\site-packages\django\template\base.py", line 513, in parse
    raise self.error(token, e)
  File "C:\Users\Chenchen\OneDrive\Documents\GitHub\DjangoProject\Paulicode\env\Lib\site-packages\django\template\base.py", line 511, in parse
    compiled_result = compile_func(self, token)
  File "C:\Users\Chenchen\OneDrive\Documents\GitHub\DjangoProject\Paulicode\env\Lib\site-packages\django\template\loader_tags.py", line 293, in do_extends
    nodelist = parser.parse()
  File "C:\Users\Chenchen\OneDrive\Documents\GitHub\DjangoProject\Paulicode\env\Lib\site-packages\django\template\base.py", line 513, in parse
    raise self.error(token, e)
  File "C:\Users\Chenchen\OneDrive\Documents\GitHub\DjangoProject\Paulicode\env\Lib\site-packages\django\template\base.py", line 511, in parse
    compiled_result = compile_func(self, token)
  File "C:\Users\Chenchen\OneDrive\Documents\GitHub\DjangoProject\Paulicode\env\Lib\site-packages\django\template\loader_tags.py", line 232, in do_block
    nodelist = parser.parse(("endblock",))
  File "C:\Users\Chenchen\OneDrive\Documents\GitHub\DjangoProject\Paulicode\env\Lib\site-packages\django\template\base.py", line 513, in parse
    raise self.error(token, e)
  File "C:\Users\Chenchen\OneDrive\Documents\GitHub\DjangoProject\Paulicode\env\Lib\site-packages\django\template\base.py", line 511, in parse
    compiled_result = compile_func(self, token)
  File "C:\Users\Chenchen\OneDrive\Documents\GitHub\DjangoProject\Paulicode\env\Lib\site-packages\django\template\defaulttags.py", line 953, in do_if
    nodelist = parser.parse(("elif", "else", "endif"))
  File "C:\Users\Chenchen\OneDrive\Documents\GitHub\DjangoProject\Paulicode\env\Lib\site-packages\django\template\base.py", line 507, in parse
    self.invalid_block_tag(token, command, parse_until)
    ~~~~~~~~~~~~~~~~~~~~~~^^^^^^^^^^^^^^^^^^^^^^^^^^^^^
  File "C:\Users\Chenchen\OneDrive\Documents\GitHub\DjangoProject\Paulicode\env\Lib\site-packages\django\template\base.py", line 558, in invalid_block_tag
    raise self.error(
    ...<8 lines>...
    )
django.template.exceptions.TemplateSyntaxError: Invalid block tag on line 475: 'endblock', expected 'elif', 'else' or 'endif'. Did you forget to register or load this tag?
"GET /leaderboard/ HTTP/1.1" 500 213772
Internal Server Error: /leaderboard/
Traceback (most recent call last):
  File "C:\Users\Chenchen\OneDrive\Documents\GitHub\DjangoProject\Paulicode\env\Lib\site-packages\django\template\base.py", line 505, in parse
    compile_func = self.tags[command]
                   ~~~~~~~~~^^^^^^^^^
KeyError: 'endblock'

During handling of the above exception, another exception occurred:

Traceback (most recent call last):
  File "C:\Users\Chenchen\OneDrive\Documents\GitHub\DjangoProject\Paulicode\env\Lib\site-packages\django\core\handlers\exception.py", line 55, in inner
    response = get_response(request)
  File "C:\Users\Chenchen\OneDrive\Documents\GitHub\DjangoProject\Paulicode\env\Lib\site-packages\django\core\handlers\base.py", line 197, in _get_response
    response = wrapped_callback(request, *callback_args, **callback_kwargs)
  File "C:\Users\Chenchen\OneDrive\Documents\GitHub\DjangoProject\Paulicode\env\Lib\site-packages\django\contrib\auth\decorators.py", line 23, in _wrapper_view
    return view_func(request, *args, **kwargs)
  File "C:\Users\Chenchen\OneDrive\Documents\GitHub\DjangoProject\paulicode\User\views.py", line 2299, in leaderboard
    return render(request, 'Universal/leaderboard.html', context)
  File "C:\Users\Chenchen\OneDrive\Documents\GitHub\DjangoProject\Paulicode\env\Lib\site-packages\django\shortcuts.py", line 24, in render
    content = loader.render_to_string(template_name, context, request, using=using)
  File "C:\Users\Chenchen\OneDrive\Documents\GitHub\DjangoProject\Paulicode\env\Lib\site-packages\django\template\loader.py", line 61, in render_to_string
    template = get_template(template_name, using=using)
  File "C:\Users\Chenchen\OneDrive\Documents\GitHub\DjangoProject\Paulicode\env\Lib\site-packages\django\template\loader.py", line 15, in get_template
    return engine.get_template(template_name)
           ~~~~~~~~~~~~~~~~~~~^^^^^^^^^^^^^^^
  File "C:\Users\Chenchen\OneDrive\Documents\GitHub\DjangoProject\Paulicode\env\Lib\site-packages\django\template\backends\django.py", line 33, in get_template
    return Template(self.engine.get_template(template_name), self)
                    ~~~~~~~~~~~~~~~~~~~~~~~~^^^^^^^^^^^^^^^
  File "C:\Users\Chenchen\OneDrive\Documents\GitHub\DjangoProject\Paulicode\env\Lib\site-packages\django\template\engine.py", line 175, in get_template
    template, origin = self.find_template(template_name)
                       ~~~~~~~~~~~~~~~~~~^^^^^^^^^^^^^^^
  File "C:\Users\Chenchen\OneDrive\Documents\GitHub\DjangoProject\Paulicode\env\Lib\site-packages\django\template\engine.py", line 157, in find_template
    template = loader.get_template(name, skip=skip)
  File "C:\Users\Chenchen\OneDrive\Documents\GitHub\DjangoProject\Paulicode\env\Lib\site-packages\django\template\loaders\cached.py", line 57, in get_template
    template = super().get_template(template_name, skip)
  File "C:\Users\Chenchen\OneDrive\Documents\GitHub\DjangoProject\Paulicode\env\Lib\site-packages\django\template\loaders\base.py", line 28, in get_template
    return Template(
        contents,
    ...<2 lines>...
        self.engine,
    )
  File "C:\Users\Chenchen\OneDrive\Documents\GitHub\DjangoProject\Paulicode\env\Lib\site-packages\django\template\base.py", line 154, in __init__
    self.nodelist = self.compile_nodelist()
                    ~~~~~~~~~~~~~~~~~~~~~^^
  File "C:\Users\Chenchen\OneDrive\Documents\GitHub\DjangoProject\Paulicode\env\Lib\site-packages\django\template\base.py", line 200, in compile_nodelist
    return parser.parse()
           ~~~~~~~~~~~~^^
  File "C:\Users\Chenchen\OneDrive\Documents\GitHub\DjangoProject\Paulicode\env\Lib\site-packages\django\template\base.py", line 513, in parse
    raise self.error(token, e)
  File "C:\Users\Chenchen\OneDrive\Documents\GitHub\DjangoProject\Paulicode\env\Lib\site-packages\django\template\base.py", line 511, in parse
    compiled_result = compile_func(self, token)
  File "C:\Users\Chenchen\OneDrive\Documents\GitHub\DjangoProject\Paulicode\env\Lib\site-packages\django\template\loader_tags.py", line 293, in do_extends
    nodelist = parser.parse()
  File "C:\Users\Chenchen\OneDrive\Documents\GitHub\DjangoProject\Paulicode\env\Lib\site-packages\django\template\base.py", line 513, in parse
    raise self.error(token, e)
  File "C:\Users\Chenchen\OneDrive\Documents\GitHub\DjangoProject\Paulicode\env\Lib\site-packages\django\template\base.py", line 511, in parse
    compiled_result = compile_func(self, token)
  File "C:\Users\Chenchen\OneDrive\Documents\GitHub\DjangoProject\Paulicode\env\Lib\site-packages\django\template\loader_tags.py", line 232, in do_block
    nodelist = parser.parse(("endblock",))
  File "C:\Users\Chenchen\OneDrive\Documents\GitHub\DjangoProject\Paulicode\env\Lib\site-packages\django\template\base.py", line 513, in parse
    raise self.error(token, e)
  File "C:\Users\Chenchen\OneDrive\Documents\GitHub\DjangoProject\Paulicode\env\Lib\site-packages\django\template\base.py", line 511, in parse
    compiled_result = compile_func(self, token)
  File "C:\Users\Chenchen\OneDrive\Documents\GitHub\DjangoProject\Paulicode\env\Lib\site-packages\django\template\defaulttags.py", line 953, in do_if
    nodelist = parser.parse(("elif", "else", "endif"))
  File "C:\Users\Chenchen\OneDrive\Documents\GitHub\DjangoProject\Paulicode\env\Lib\site-packages\django\template\base.py", line 507, in parse
    self.invalid_block_tag(token, command, parse_until)
    ~~~~~~~~~~~~~~~~~~~~~~^^^^^^^^^^^^^^^^^^^^^^^^^^^^^
  File "C:\Users\Chenchen\OneDrive\Documents\GitHub\DjangoProject\Paulicode\env\Lib\site-packages\django\template\base.py", line 558, in invalid_block_tag
    raise self.error(
    ...<8 lines>...
    )
django.template.exceptions.TemplateSyntaxError: Invalid block tag on line 475: 'endblock', expected 'elif', 'else' or 'endif'. Did you forget to register or load this tag?
"GET /leaderboard/ HTTP/1.1" 500 212875
"GET /leaderboard/ HTTP/1.1" 200 46182
"GET /static/js/core/popper.min.js HTTP/1.1" 404 1822
Not Found: /leaderboard/profile_pic/9d19fa5a-b873-469d-8372-7f4957e1f4ec.jpg
"GET /leaderboard/profile_pic/9d19fa5a-b873-469d-8372-7f4957e1f4ec.jpg HTTP/1.1" 404 9676
"GET /static/js/core/bootstrap.min.js HTTP/1.1" 404 1831
"GET /static/js/plugins/perfect-scrollbar.min.js HTTP/1.1" 404 1864
"GET /static/js/plugins/smooth-scrollbar.min.js HTTP/1.1" 404 1861
"GET /static/js/plugins/chartjs.min.js HTTP/1.1" 404 1834
"GET /static/js/argon-dashboard.min.js HTTP/1.1" 404 1834
Not Found: /leaderboard/profile_pic/9d19fa5a-b873-469d-8372-7f4957e1f4ec.jpg
"GET /leaderboard/profile_pic/9d19fa5a-b873-469d-8372-7f4957e1f4ec.jpg HTTP/1.1" 404 9676
"GET /leaderboard/?class_id=3 HTTP/1.1" 200 34088
"GET /leaderboard/?class_id=4 HTTP/1.1" 200 46308
"GET /static/js/core/popper.min.js HTTP/1.1" 404 1822
Not Found: /leaderboard/profile_pic/9d19fa5a-b873-469d-8372-7f4957e1f4ec.jpg
"GET /leaderboard/profile_pic/9d19fa5a-b873-469d-8372-7f4957e1f4ec.jpg HTTP/1.1" 404 9676
"GET /static/js/core/bootstrap.min.js HTTP/1.1" 404 1831
"GET /static/js/plugins/perfect-scrollbar.min.js HTTP/1.1" 404 1864
"GET /static/js/plugins/smooth-scrollbar.min.js HTTP/1.1" 404 1861
"GET /static/js/plugins/chartjs.min.js HTTP/1.1" 404 1834
"GET /static/js/argon-dashboard.min.js HTTP/1.1" 404 1834
Not Found: /leaderboard/profile_pic/9d19fa5a-b873-469d-8372-7f4957e1f4ec.jpg
"GET /leaderboard/profile_pic/9d19fa5a-b873-469d-8372-7f4957e1f4ec.jpg HTTP/1.1" 404 9676
"GET /dashboard/ HTTP/1.1" 200 54667
"GET /static/js/core/popper.min.js HTTP/1.1" 404 1822
"GET /static/js/core/bootstrap.min.js HTTP/1.1" 404 1831
"GET /static/js/plugins/smooth-scrollbar.min.js HTTP/1.1" 404 1861
"GET /static/js/plugins/perfect-scrollbar.min.js HTTP/1.1" 404 1864
"GET /static/js/plugins/chartjs.min.js HTTP/1.1" 404 1834
"GET /static/js/argon-dashboard.min.js HTTP/1.1" 404 1834
"GET /dashboard/ HTTP/1.1" 200 54667
"GET /leaderboard/ HTTP/1.1" 200 45671
"GET /static/js/core/popper.min.js HTTP/1.1" 404 1822
Not Found: /leaderboard/profile_pic/9d19fa5a-b873-469d-8372-7f4957e1f4ec.jpg
"GET /leaderboard/profile_pic/9d19fa5a-b873-469d-8372-7f4957e1f4ec.jpg HTTP/1.1" 404 9676
"GET /static/js/core/bootstrap.min.js HTTP/1.1" 404 1831
"GET /static/js/plugins/perfect-scrollbar.min.js HTTP/1.1" 404 1864
"GET /static/js/plugins/smooth-scrollbar.min.js HTTP/1.1" 404 1861
"GET /static/js/plugins/chartjs.min.js HTTP/1.1" 404 1834
"GET /static/js/argon-dashboard.min.js HTTP/1.1" 404 1834
Not Found: /leaderboard/profile_pic/9d19fa5a-b873-469d-8372-7f4957e1f4ec.jpg
"GET /leaderboard/profile_pic/9d19fa5a-b873-469d-8372-7f4957e1f4ec.jpg HTTP/1.1" 404 9676
"GET /leaderboard/ HTTP/1.1" 200 45671
"GET /static/js/core/popper.min.js HTTP/1.1" 404 1822
Not Found: /leaderboard/profile_pic/9d19fa5a-b873-469d-8372-7f4957e1f4ec.jpg
"GET /leaderboard/profile_pic/9d19fa5a-b873-469d-8372-7f4957e1f4ec.jpg HTTP/1.1" 404 9676
"GET /static/js/core/bootstrap.min.js HTTP/1.1" 404 1831
"GET /static/js/plugins/perfect-scrollbar.min.js HTTP/1.1" 404 1864
"GET /static/js/plugins/smooth-scrollbar.min.js HTTP/1.1" 404 1861
"GET /static/js/plugins/chartjs.min.js HTTP/1.1" 404 1834
"GET /static/js/argon-dashboard.min.js HTTP/1.1" 404 1834
Not Found: /leaderboard/profile_pic/9d19fa5a-b873-469d-8372-7f4957e1f4ec.jpg
"GET /leaderboard/profile_pic/9d19fa5a-b873-469d-8372-7f4957e1f4ec.jpg HTTP/1.1" 404 9676
Not Found: /.well-known/appspecific/com.chrome.devtools.json
"GET /.well-known/appspecific/com.chrome.devtools.json HTTP/1.1" 404 9628
"GET /leaderboard/?class_id=4 HTTP/1.1" 200 46308
"GET /static/js/core/popper.min.js HTTP/1.1" 404 1822
Not Found: /leaderboard/profile_pic/9d19fa5a-b873-469d-8372-7f4957e1f4ec.jpg
"GET /leaderboard/profile_pic/9d19fa5a-b873-469d-8372-7f4957e1f4ec.jpg HTTP/1.1" 404 9676
"GET /static/js/core/bootstrap.min.js HTTP/1.1" 404 1831
"GET /static/js/plugins/perfect-scrollbar.min.js HTTP/1.1" 404 1864
"GET /static/js/plugins/smooth-scrollbar.min.js HTTP/1.1" 404 1861
"GET /static/js/plugins/chartjs.min.js HTTP/1.1" 404 1834
"GET /static/js/argon-dashboard.min.js HTTP/1.1" 404 1834
Not Found: /leaderboard/profile_pic/9d19fa5a-b873-469d-8372-7f4957e1f4ec.jpg
"GET /leaderboard/profile_pic/9d19fa5a-b873-469d-8372-7f4957e1f4ec.jpg HTTP/1.1" 404 9676
Internal Server Error: /leaderboard/
Traceback (most recent call last):
  File "C:\Users\Chenchen\OneDrive\Documents\GitHub\DjangoProject\Paulicode\env\Lib\site-packages\django\template\base.py", line 505, in parse
    compile_func = self.tags[command]
                   ~~~~~~~~~^^^^^^^^^
KeyError: 'endblock'

During handling of the above exception, another exception occurred:

Traceback (most recent call last):
  File "C:\Users\Chenchen\OneDrive\Documents\GitHub\DjangoProject\Paulicode\env\Lib\site-packages\django\core\handlers\exception.py", line 55, in inner
    response = get_response(request)
  File "C:\Users\Chenchen\OneDrive\Documents\GitHub\DjangoProject\Paulicode\env\Lib\site-packages\django\core\handlers\base.py", line 197, in _get_response
    response = wrapped_callback(request, *callback_args, **callback_kwargs)
  File "C:\Users\Chenchen\OneDrive\Documents\GitHub\DjangoProject\Paulicode\env\Lib\site-packages\django\contrib\auth\decorators.py", line 23, in _wrapper_view
    return view_func(request, *args, **kwargs)
  File "C:\Users\Chenchen\OneDrive\Documents\GitHub\DjangoProject\paulicode\User\views.py", line 2299, in leaderboard
    return render(request, 'Universal/leaderboard.html', context)
  File "C:\Users\Chenchen\OneDrive\Documents\GitHub\DjangoProject\Paulicode\env\Lib\site-packages\django\shortcuts.py", line 24, in render
    content = loader.render_to_string(template_name, context, request, using=using)
  File "C:\Users\Chenchen\OneDrive\Documents\GitHub\DjangoProject\Paulicode\env\Lib\site-packages\django\template\loader.py", line 61, in render_to_string
    template = get_template(template_name, using=using)
  File "C:\Users\Chenchen\OneDrive\Documents\GitHub\DjangoProject\Paulicode\env\Lib\site-packages\django\template\loader.py", line 15, in get_template
    return engine.get_template(template_name)
           ~~~~~~~~~~~~~~~~~~~^^^^^^^^^^^^^^^
  File "C:\Users\Chenchen\OneDrive\Documents\GitHub\DjangoProject\Paulicode\env\Lib\site-packages\django\template\backends\django.py", line 33, in get_template
    return Template(self.engine.get_template(template_name), self)
                    ~~~~~~~~~~~~~~~~~~~~~~~~^^^^^^^^^^^^^^^
  File "C:\Users\Chenchen\OneDrive\Documents\GitHub\DjangoProject\Paulicode\env\Lib\site-packages\django\template\engine.py", line 175, in get_template
    template, origin = self.find_template(template_name)
                       ~~~~~~~~~~~~~~~~~~^^^^^^^^^^^^^^^
  File "C:\Users\Chenchen\OneDrive\Documents\GitHub\DjangoProject\Paulicode\env\Lib\site-packages\django\template\engine.py", line 157, in find_template
    template = loader.get_template(name, skip=skip)
  File "C:\Users\Chenchen\OneDrive\Documents\GitHub\DjangoProject\Paulicode\env\Lib\site-packages\django\template\loaders\cached.py", line 57, in get_template
    template = super().get_template(template_name, skip)
  File "C:\Users\Chenchen\OneDrive\Documents\GitHub\DjangoProject\Paulicode\env\Lib\site-packages\django\template\loaders\base.py", line 28, in get_template
    return Template(
        contents,
    ...<2 lines>...
        self.engine,
    )
  File "C:\Users\Chenchen\OneDrive\Documents\GitHub\DjangoProject\Paulicode\env\Lib\site-packages\django\template\base.py", line 154, in __init__
    self.nodelist = self.compile_nodelist()
                    ~~~~~~~~~~~~~~~~~~~~~^^
  File "C:\Users\Chenchen\OneDrive\Documents\GitHub\DjangoProject\Paulicode\env\Lib\site-packages\django\template\base.py", line 200, in compile_nodelist
    return parser.parse()
           ~~~~~~~~~~~~^^
  File "C:\Users\Chenchen\OneDrive\Documents\GitHub\DjangoProject\Paulicode\env\Lib\site-packages\django\template\base.py", line 513, in parse
    raise self.error(token, e)
  File "C:\Users\Chenchen\OneDrive\Documents\GitHub\DjangoProject\Paulicode\env\Lib\site-packages\django\template\base.py", line 511, in parse
    compiled_result = compile_func(self, token)
  File "C:\Users\Chenchen\OneDrive\Documents\GitHub\DjangoProject\Paulicode\env\Lib\site-packages\django\template\loader_tags.py", line 293, in do_extends
    nodelist = parser.parse()
  File "C:\Users\Chenchen\OneDrive\Documents\GitHub\DjangoProject\Paulicode\env\Lib\site-packages\django\template\base.py", line 513, in parse
    raise self.error(token, e)
  File "C:\Users\Chenchen\OneDrive\Documents\GitHub\DjangoProject\Paulicode\env\Lib\site-packages\django\template\base.py", line 511, in parse
    compiled_result = compile_func(self, token)
  File "C:\Users\Chenchen\OneDrive\Documents\GitHub\DjangoProject\Paulicode\env\Lib\site-packages\django\template\loader_tags.py", line 232, in do_block
    nodelist = parser.parse(("endblock",))
  File "C:\Users\Chenchen\OneDrive\Documents\GitHub\DjangoProject\Paulicode\env\Lib\site-packages\django\template\base.py", line 513, in parse
    raise self.error(token, e)
  File "C:\Users\Chenchen\OneDrive\Documents\GitHub\DjangoProject\Paulicode\env\Lib\site-packages\django\template\base.py", line 511, in parse
    compiled_result = compile_func(self, token)
  File "C:\Users\Chenchen\OneDrive\Documents\GitHub\DjangoProject\Paulicode\env\Lib\site-packages\django\template\defaulttags.py", line 953, in do_if
    nodelist = parser.parse(("elif", "else", "endif"))
  File "C:\Users\Chenchen\OneDrive\Documents\GitHub\DjangoProject\Paulicode\env\Lib\site-packages\django\template\base.py", line 507, in parse
    self.invalid_block_tag(token, command, parse_until)
    ~~~~~~~~~~~~~~~~~~~~~~^^^^^^^^^^^^^^^^^^^^^^^^^^^^^
  File "C:\Users\Chenchen\OneDrive\Documents\GitHub\DjangoProject\Paulicode\env\Lib\site-packages\django\template\base.py", line 558, in invalid_block_tag
    raise self.error(
    ...<8 lines>...
    )
django.template.exceptions.TemplateSyntaxError: Invalid block tag on line 475: 'endblock', expected 'elif', 'else' or 'endif'. Did you forget to register or load this tag?
"GET /leaderboard/?class_id=4 HTTP/1.1" 500 213940
Internal Server Error: /leaderboard/
Traceback (most recent call last):
  File "C:\Users\Chenchen\OneDrive\Documents\GitHub\DjangoProject\Paulicode\env\Lib\site-packages\django\template\smartif.py", line 179, in translate_token
    op = OPERATORS[token]
         ~~~~~~~~~^^^^^^^
KeyError: "'StudentDashboard or currentpage == 'leaderboard"

During handling of the above exception, another exception occurred:

Traceback (most recent call last):
  File "C:\Users\Chenchen\OneDrive\Documents\GitHub\DjangoProject\Paulicode\env\Lib\site-packages\django\core\handlers\exception.py", line 55, in inner
    response = get_response(request)
  File "C:\Users\Chenchen\OneDrive\Documents\GitHub\DjangoProject\Paulicode\env\Lib\site-packages\django\core\handlers\base.py", line 197, in _get_response
    response = wrapped_callback(request, *callback_args, **callback_kwargs)
  File "C:\Users\Chenchen\OneDrive\Documents\GitHub\DjangoProject\Paulicode\env\Lib\site-packages\django\contrib\auth\decorators.py", line 23, in _wrapper_view
    return view_func(request, *args, **kwargs)
  File "C:\Users\Chenchen\OneDrive\Documents\GitHub\DjangoProject\paulicode\User\views.py", line 2299, in leaderboard
    return render(request, 'Universal/leaderboard.html', context)
  File "C:\Users\Chenchen\OneDrive\Documents\GitHub\DjangoProject\Paulicode\env\Lib\site-packages\django\shortcuts.py", line 24, in render
    content = loader.render_to_string(template_name, context, request, using=using)
  File "C:\Users\Chenchen\OneDrive\Documents\GitHub\DjangoProject\Paulicode\env\Lib\site-packages\django\template\loader.py", line 62, in render_to_string
    return template.render(context, request)
           ~~~~~~~~~~~~~~~^^^^^^^^^^^^^^^^^^
  File "C:\Users\Chenchen\OneDrive\Documents\GitHub\DjangoProject\Paulicode\env\Lib\site-packages\django\template\backends\django.py", line 61, in render
    return self.template.render(context)
           ~~~~~~~~~~~~~~~~~~~~^^^^^^^^^
  File "C:\Users\Chenchen\OneDrive\Documents\GitHub\DjangoProject\Paulicode\env\Lib\site-packages\django\template\base.py", line 175, in render
    return self._render(context)
           ~~~~~~~~~~~~^^^^^^^^^
  File "C:\Users\Chenchen\OneDrive\Documents\GitHub\DjangoProject\Paulicode\env\Lib\site-packages\django\template\base.py", line 167, in _render
    return self.nodelist.render(context)
           ~~~~~~~~~~~~~~~~~~~~^^^^^^^^^
  File "C:\Users\Chenchen\OneDrive\Documents\GitHub\DjangoProject\Paulicode\env\Lib\site-packages\django\template\base.py", line 1005, in render
    return SafeString("".join([node.render_annotated(context) for node in self]))
                               ~~~~~~~~~~~~~~~~~~~~~^^^^^^^^^
  File "C:\Users\Chenchen\OneDrive\Documents\GitHub\DjangoProject\Paulicode\env\Lib\site-packages\django\template\base.py", line 966, in render_annotated
    return self.render(context)
           ~~~~~~~~~~~^^^^^^^^^
  File "C:\Users\Chenchen\OneDrive\Documents\GitHub\DjangoProject\Paulicode\env\Lib\site-packages\django\template\loader_tags.py", line 157, in render
    return compiled_parent._render(context)
           ~~~~~~~~~~~~~~~~~~~~~~~^^^^^^^^^
  File "C:\Users\Chenchen\OneDrive\Documents\GitHub\DjangoProject\Paulicode\env\Lib\site-packages\django\template\base.py", line 167, in _render
    return self.nodelist.render(context)
           ~~~~~~~~~~~~~~~~~~~~^^^^^^^^^
  File "C:\Users\Chenchen\OneDrive\Documents\GitHub\DjangoProject\Paulicode\env\Lib\site-packages\django\template\base.py", line 1005, in render
    return SafeString("".join([node.render_annotated(context) for node in self]))
                               ~~~~~~~~~~~~~~~~~~~~~^^^^^^^^^
  File "C:\Users\Chenchen\OneDrive\Documents\GitHub\DjangoProject\Paulicode\env\Lib\site-packages\django\template\base.py", line 966, in render_annotated
    return self.render(context)
           ~~~~~~~~~~~^^^^^^^^^
  File "C:\Users\Chenchen\OneDrive\Documents\GitHub\DjangoProject\Paulicode\env\Lib\site-packages\django\template\defaulttags.py", line 321, in render
    return nodelist.render(context)
           ~~~~~~~~~~~~~~~^^^^^^^^^
  File "C:\Users\Chenchen\OneDrive\Documents\GitHub\DjangoProject\Paulicode\env\Lib\site-packages\django\template\base.py", line 1005, in render
    return SafeString("".join([node.render_annotated(context) for node in self]))
                               ~~~~~~~~~~~~~~~~~~~~~^^^^^^^^^
  File "C:\Users\Chenchen\OneDrive\Documents\GitHub\DjangoProject\Paulicode\env\Lib\site-packages\django\template\base.py", line 966, in render_annotated
    return self.render(context)
           ~~~~~~~~~~~^^^^^^^^^
  File "C:\Users\Chenchen\OneDrive\Documents\GitHub\DjangoProject\Paulicode\env\Lib\site-packages\django\template\loader_tags.py", line 197, in render
    template = context.template.engine.select_template(template_name)
  File "C:\Users\Chenchen\OneDrive\Documents\GitHub\DjangoProject\Paulicode\env\Lib\site-packages\django\template\engine.py", line 206, in select_template
    return self.get_template(template_name)
           ~~~~~~~~~~~~~~~~~^^^^^^^^^^^^^^^
  File "C:\Users\Chenchen\OneDrive\Documents\GitHub\DjangoProject\Paulicode\env\Lib\site-packages\django\template\engine.py", line 175, in get_template
    template, origin = self.find_template(template_name)
                       ~~~~~~~~~~~~~~~~~~^^^^^^^^^^^^^^^
  File "C:\Users\Chenchen\OneDrive\Documents\GitHub\DjangoProject\Paulicode\env\Lib\site-packages\django\template\engine.py", line 157, in find_template
    template = loader.get_template(name, skip=skip)
  File "C:\Users\Chenchen\OneDrive\Documents\GitHub\DjangoProject\Paulicode\env\Lib\site-packages\django\template\loaders\cached.py", line 57, in get_template
    template = super().get_template(template_name, skip)
  File "C:\Users\Chenchen\OneDrive\Documents\GitHub\DjangoProject\Paulicode\env\Lib\site-packages\django\template\loaders\base.py", line 28, in get_template
    return Template(
        contents,
    ...<2 lines>...
        self.engine,
    )
  File "C:\Users\Chenchen\OneDrive\Documents\GitHub\DjangoProject\Paulicode\env\Lib\site-packages\django\template\base.py", line 154, in __init__
    self.nodelist = self.compile_nodelist()
                    ~~~~~~~~~~~~~~~~~~~~~^^
  File "C:\Users\Chenchen\OneDrive\Documents\GitHub\DjangoProject\Paulicode\env\Lib\site-packages\django\template\base.py", line 200, in compile_nodelist
    return parser.parse()
           ~~~~~~~~~~~~^^
  File "C:\Users\Chenchen\OneDrive\Documents\GitHub\DjangoProject\Paulicode\env\Lib\site-packages\django\template\base.py", line 513, in parse
    raise self.error(token, e)
  File "C:\Users\Chenchen\OneDrive\Documents\GitHub\DjangoProject\Paulicode\env\Lib\site-packages\django\template\base.py", line 511, in parse
    compiled_result = compile_func(self, token)
  File "C:\Users\Chenchen\OneDrive\Documents\GitHub\DjangoProject\Paulicode\env\Lib\site-packages\django\template\defaulttags.py", line 952, in do_if
    condition = TemplateIfParser(parser, bits).parse()
                ~~~~~~~~~~~~~~~~^^^^^^^^^^^^^^
  File "C:\Users\Chenchen\OneDrive\Documents\GitHub\DjangoProject\Paulicode\env\Lib\site-packages\django\template\defaulttags.py", line 885, in __init__
    super().__init__(*args, **kwargs)
    ~~~~~~~~~~~~~~~~^^^^^^^^^^^^^^^^^
  File "C:\Users\Chenchen\OneDrive\Documents\GitHub\DjangoProject\Paulicode\env\Lib\site-packages\django\template\smartif.py", line 170, in __init__
    mapped_tokens.append(self.translate_token(token))
                         ~~~~~~~~~~~~~~~~~~~~^^^^^^^
  File "C:\Users\Chenchen\OneDrive\Documents\GitHub\DjangoProject\Paulicode\env\Lib\site-packages\django\template\smartif.py", line 181, in translate_token
    return self.create_var(token)
           ~~~~~~~~~~~~~~~^^^^^^^
  File "C:\Users\Chenchen\OneDrive\Documents\GitHub\DjangoProject\Paulicode\env\Lib\site-packages\django\template\defaulttags.py", line 888, in create_var
    return TemplateLiteral(self.template_parser.compile_filter(value), value)
                           ~~~~~~~~~~~~~~~~~~~~~~~~~~~~~~~~~~~^^^^^^^
  File "C:\Users\Chenchen\OneDrive\Documents\GitHub\DjangoProject\Paulicode\env\Lib\site-packages\django\template\base.py", line 600, in compile_filter
    return FilterExpression(token, self)
  File "C:\Users\Chenchen\OneDrive\Documents\GitHub\DjangoProject\Paulicode\env\Lib\site-packages\django\template\base.py", line 703, in __init__
    raise TemplateSyntaxError(
    ...<2 lines>...
    )
django.template.exceptions.TemplateSyntaxError: Could not parse the remainder: 'leaderboard' from ''StudentDashboard or currentpage == 'leaderboard'
"GET /leaderboard/?class_id=4 HTTP/1.1" 500 281254
Internal Server Error: /leaderboard/
Traceback (most recent call last):
  File "C:\Users\Chenchen\OneDrive\Documents\GitHub\DjangoProject\Paulicode\env\Lib\site-packages\django\template\smartif.py", line 179, in translate_token
    op = OPERATORS[token]
         ~~~~~~~~~^^^^^^^
KeyError: "'StudentDashboard or currentpage == 'leaderboard"

During handling of the above exception, another exception occurred:

Traceback (most recent call last):
  File "C:\Users\Chenchen\OneDrive\Documents\GitHub\DjangoProject\Paulicode\env\Lib\site-packages\django\core\handlers\exception.py", line 55, in inner
    response = get_response(request)
  File "C:\Users\Chenchen\OneDrive\Documents\GitHub\DjangoProject\Paulicode\env\Lib\site-packages\django\core\handlers\base.py", line 197, in _get_response
    response = wrapped_callback(request, *callback_args, **callback_kwargs)
  File "C:\Users\Chenchen\OneDrive\Documents\GitHub\DjangoProject\Paulicode\env\Lib\site-packages\django\contrib\auth\decorators.py", line 23, in _wrapper_view
    return view_func(request, *args, **kwargs)
  File "C:\Users\Chenchen\OneDrive\Documents\GitHub\DjangoProject\paulicode\User\views.py", line 2299, in leaderboard
    return render(request, 'Universal/leaderboard.html', context)
  File "C:\Users\Chenchen\OneDrive\Documents\GitHub\DjangoProject\Paulicode\env\Lib\site-packages\django\shortcuts.py", line 24, in render
    content = loader.render_to_string(template_name, context, request, using=using)
  File "C:\Users\Chenchen\OneDrive\Documents\GitHub\DjangoProject\Paulicode\env\Lib\site-packages\django\template\loader.py", line 62, in render_to_string
    return template.render(context, request)
           ~~~~~~~~~~~~~~~^^^^^^^^^^^^^^^^^^
  File "C:\Users\Chenchen\OneDrive\Documents\GitHub\DjangoProject\Paulicode\env\Lib\site-packages\django\template\backends\django.py", line 61, in render
    return self.template.render(context)
           ~~~~~~~~~~~~~~~~~~~~^^^^^^^^^
  File "C:\Users\Chenchen\OneDrive\Documents\GitHub\DjangoProject\Paulicode\env\Lib\site-packages\django\template\base.py", line 175, in render
    return self._render(context)
           ~~~~~~~~~~~~^^^^^^^^^
  File "C:\Users\Chenchen\OneDrive\Documents\GitHub\DjangoProject\Paulicode\env\Lib\site-packages\django\template\base.py", line 167, in _render
    return self.nodelist.render(context)
           ~~~~~~~~~~~~~~~~~~~~^^^^^^^^^
  File "C:\Users\Chenchen\OneDrive\Documents\GitHub\DjangoProject\Paulicode\env\Lib\site-packages\django\template\base.py", line 1005, in render
    return SafeString("".join([node.render_annotated(context) for node in self]))
                               ~~~~~~~~~~~~~~~~~~~~~^^^^^^^^^
  File "C:\Users\Chenchen\OneDrive\Documents\GitHub\DjangoProject\Paulicode\env\Lib\site-packages\django\template\base.py", line 966, in render_annotated
    return self.render(context)
           ~~~~~~~~~~~^^^^^^^^^
  File "C:\Users\Chenchen\OneDrive\Documents\GitHub\DjangoProject\Paulicode\env\Lib\site-packages\django\template\loader_tags.py", line 157, in render
    return compiled_parent._render(context)
           ~~~~~~~~~~~~~~~~~~~~~~~^^^^^^^^^
  File "C:\Users\Chenchen\OneDrive\Documents\GitHub\DjangoProject\Paulicode\env\Lib\site-packages\django\template\base.py", line 167, in _render
    return self.nodelist.render(context)
           ~~~~~~~~~~~~~~~~~~~~^^^^^^^^^
  File "C:\Users\Chenchen\OneDrive\Documents\GitHub\DjangoProject\Paulicode\env\Lib\site-packages\django\template\base.py", line 1005, in render
    return SafeString("".join([node.render_annotated(context) for node in self]))
                               ~~~~~~~~~~~~~~~~~~~~~^^^^^^^^^
  File "C:\Users\Chenchen\OneDrive\Documents\GitHub\DjangoProject\Paulicode\env\Lib\site-packages\django\template\base.py", line 966, in render_annotated
    return self.render(context)
           ~~~~~~~~~~~^^^^^^^^^
  File "C:\Users\Chenchen\OneDrive\Documents\GitHub\DjangoProject\Paulicode\env\Lib\site-packages\django\template\defaulttags.py", line 321, in render
    return nodelist.render(context)
           ~~~~~~~~~~~~~~~^^^^^^^^^
  File "C:\Users\Chenchen\OneDrive\Documents\GitHub\DjangoProject\Paulicode\env\Lib\site-packages\django\template\base.py", line 1005, in render
    return SafeString("".join([node.render_annotated(context) for node in self]))
                               ~~~~~~~~~~~~~~~~~~~~~^^^^^^^^^
  File "C:\Users\Chenchen\OneDrive\Documents\GitHub\DjangoProject\Paulicode\env\Lib\site-packages\django\template\base.py", line 966, in render_annotated
    return self.render(context)
           ~~~~~~~~~~~^^^^^^^^^
  File "C:\Users\Chenchen\OneDrive\Documents\GitHub\DjangoProject\Paulicode\env\Lib\site-packages\django\template\loader_tags.py", line 197, in render
    template = context.template.engine.select_template(template_name)
  File "C:\Users\Chenchen\OneDrive\Documents\GitHub\DjangoProject\Paulicode\env\Lib\site-packages\django\template\engine.py", line 206, in select_template
    return self.get_template(template_name)
           ~~~~~~~~~~~~~~~~~^^^^^^^^^^^^^^^
  File "C:\Users\Chenchen\OneDrive\Documents\GitHub\DjangoProject\Paulicode\env\Lib\site-packages\django\template\engine.py", line 175, in get_template
    template, origin = self.find_template(template_name)
                       ~~~~~~~~~~~~~~~~~~^^^^^^^^^^^^^^^
  File "C:\Users\Chenchen\OneDrive\Documents\GitHub\DjangoProject\Paulicode\env\Lib\site-packages\django\template\engine.py", line 157, in find_template
    template = loader.get_template(name, skip=skip)
  File "C:\Users\Chenchen\OneDrive\Documents\GitHub\DjangoProject\Paulicode\env\Lib\site-packages\django\template\loaders\cached.py", line 57, in get_template
    template = super().get_template(template_name, skip)
  File "C:\Users\Chenchen\OneDrive\Documents\GitHub\DjangoProject\Paulicode\env\Lib\site-packages\django\template\loaders\base.py", line 28, in get_template
    return Template(
        contents,
    ...<2 lines>...
        self.engine,
    )
  File "C:\Users\Chenchen\OneDrive\Documents\GitHub\DjangoProject\Paulicode\env\Lib\site-packages\django\template\base.py", line 154, in __init__
    self.nodelist = self.compile_nodelist()
                    ~~~~~~~~~~~~~~~~~~~~~^^
  File "C:\Users\Chenchen\OneDrive\Documents\GitHub\DjangoProject\Paulicode\env\Lib\site-packages\django\template\base.py", line 200, in compile_nodelist
    return parser.parse()
           ~~~~~~~~~~~~^^
  File "C:\Users\Chenchen\OneDrive\Documents\GitHub\DjangoProject\Paulicode\env\Lib\site-packages\django\template\base.py", line 513, in parse
    raise self.error(token, e)
  File "C:\Users\Chenchen\OneDrive\Documents\GitHub\DjangoProject\Paulicode\env\Lib\site-packages\django\template\base.py", line 511, in parse
    compiled_result = compile_func(self, token)
  File "C:\Users\Chenchen\OneDrive\Documents\GitHub\DjangoProject\Paulicode\env\Lib\site-packages\django\template\defaulttags.py", line 952, in do_if
    condition = TemplateIfParser(parser, bits).parse()
                ~~~~~~~~~~~~~~~~^^^^^^^^^^^^^^
  File "C:\Users\Chenchen\OneDrive\Documents\GitHub\DjangoProject\Paulicode\env\Lib\site-packages\django\template\defaulttags.py", line 885, in __init__
    super().__init__(*args, **kwargs)
    ~~~~~~~~~~~~~~~~^^^^^^^^^^^^^^^^^
  File "C:\Users\Chenchen\OneDrive\Documents\GitHub\DjangoProject\Paulicode\env\Lib\site-packages\django\template\smartif.py", line 170, in __init__
    mapped_tokens.append(self.translate_token(token))
                         ~~~~~~~~~~~~~~~~~~~~^^^^^^^
  File "C:\Users\Chenchen\OneDrive\Documents\GitHub\DjangoProject\Paulicode\env\Lib\site-packages\django\template\smartif.py", line 181, in translate_token
    return self.create_var(token)
           ~~~~~~~~~~~~~~~^^^^^^^
  File "C:\Users\Chenchen\OneDrive\Documents\GitHub\DjangoProject\Paulicode\env\Lib\site-packages\django\template\defaulttags.py", line 888, in create_var
    return TemplateLiteral(self.template_parser.compile_filter(value), value)
                           ~~~~~~~~~~~~~~~~~~~~~~~~~~~~~~~~~~~^^^^^^^
  File "C:\Users\Chenchen\OneDrive\Documents\GitHub\DjangoProject\Paulicode\env\Lib\site-packages\django\template\base.py", line 600, in compile_filter
    return FilterExpression(token, self)
  File "C:\Users\Chenchen\OneDrive\Documents\GitHub\DjangoProject\Paulicode\env\Lib\site-packages\django\template\base.py", line 703, in __init__
    raise TemplateSyntaxError(
    ...<2 lines>...
    )
django.template.exceptions.TemplateSyntaxError: Could not parse the remainder: 'leaderboard' from ''StudentDashboard or currentpage == 'leaderboard'
"GET /leaderboard/?class_id=4 HTTP/1.1" 500 281254
Internal Server Error: /leaderboard/
Traceback (most recent call last):
  File "C:\Users\Chenchen\OneDrive\Documents\GitHub\DjangoProject\Paulicode\env\Lib\site-packages\django\template\smartif.py", line 179, in translate_token
    op = OPERATORS[token]
         ~~~~~~~~~^^^^^^^
KeyError: "'StudentDashboard or currentpage == 'leaderboard"

During handling of the above exception, another exception occurred:

Traceback (most recent call last):
  File "C:\Users\Chenchen\OneDrive\Documents\GitHub\DjangoProject\Paulicode\env\Lib\site-packages\django\core\handlers\exception.py", line 55, in inner
    response = get_response(request)
  File "C:\Users\Chenchen\OneDrive\Documents\GitHub\DjangoProject\Paulicode\env\Lib\site-packages\django\core\handlers\base.py", line 197, in _get_response
    response = wrapped_callback(request, *callback_args, **callback_kwargs)
  File "C:\Users\Chenchen\OneDrive\Documents\GitHub\DjangoProject\Paulicode\env\Lib\site-packages\django\contrib\auth\decorators.py", line 23, in _wrapper_view
    return view_func(request, *args, **kwargs)
  File "C:\Users\Chenchen\OneDrive\Documents\GitHub\DjangoProject\paulicode\User\views.py", line 2299, in leaderboard
    return render(request, 'Universal/leaderboard.html', context)
  File "C:\Users\Chenchen\OneDrive\Documents\GitHub\DjangoProject\Paulicode\env\Lib\site-packages\django\shortcuts.py", line 24, in render
    content = loader.render_to_string(template_name, context, request, using=using)
  File "C:\Users\Chenchen\OneDrive\Documents\GitHub\DjangoProject\Paulicode\env\Lib\site-packages\django\template\loader.py", line 62, in render_to_string
    return template.render(context, request)
           ~~~~~~~~~~~~~~~^^^^^^^^^^^^^^^^^^
  File "C:\Users\Chenchen\OneDrive\Documents\GitHub\DjangoProject\Paulicode\env\Lib\site-packages\django\template\backends\django.py", line 61, in render
    return self.template.render(context)
           ~~~~~~~~~~~~~~~~~~~~^^^^^^^^^
  File "C:\Users\Chenchen\OneDrive\Documents\GitHub\DjangoProject\Paulicode\env\Lib\site-packages\django\template\base.py", line 175, in render
    return self._render(context)
           ~~~~~~~~~~~~^^^^^^^^^
  File "C:\Users\Chenchen\OneDrive\Documents\GitHub\DjangoProject\Paulicode\env\Lib\site-packages\django\template\base.py", line 167, in _render
    return self.nodelist.render(context)
           ~~~~~~~~~~~~~~~~~~~~^^^^^^^^^
  File "C:\Users\Chenchen\OneDrive\Documents\GitHub\DjangoProject\Paulicode\env\Lib\site-packages\django\template\base.py", line 1005, in render
    return SafeString("".join([node.render_annotated(context) for node in self]))
                               ~~~~~~~~~~~~~~~~~~~~~^^^^^^^^^
  File "C:\Users\Chenchen\OneDrive\Documents\GitHub\DjangoProject\Paulicode\env\Lib\site-packages\django\template\base.py", line 966, in render_annotated
    return self.render(context)
           ~~~~~~~~~~~^^^^^^^^^
  File "C:\Users\Chenchen\OneDrive\Documents\GitHub\DjangoProject\Paulicode\env\Lib\site-packages\django\template\loader_tags.py", line 157, in render
    return compiled_parent._render(context)
           ~~~~~~~~~~~~~~~~~~~~~~~^^^^^^^^^
  File "C:\Users\Chenchen\OneDrive\Documents\GitHub\DjangoProject\Paulicode\env\Lib\site-packages\django\template\base.py", line 167, in _render
    return self.nodelist.render(context)
           ~~~~~~~~~~~~~~~~~~~~^^^^^^^^^
  File "C:\Users\Chenchen\OneDrive\Documents\GitHub\DjangoProject\Paulicode\env\Lib\site-packages\django\template\base.py", line 1005, in render
    return SafeString("".join([node.render_annotated(context) for node in self]))
                               ~~~~~~~~~~~~~~~~~~~~~^^^^^^^^^
  File "C:\Users\Chenchen\OneDrive\Documents\GitHub\DjangoProject\Paulicode\env\Lib\site-packages\django\template\base.py", line 966, in render_annotated
    return self.render(context)
           ~~~~~~~~~~~^^^^^^^^^
  File "C:\Users\Chenchen\OneDrive\Documents\GitHub\DjangoProject\Paulicode\env\Lib\site-packages\django\template\defaulttags.py", line 321, in render
    return nodelist.render(context)
           ~~~~~~~~~~~~~~~^^^^^^^^^
  File "C:\Users\Chenchen\OneDrive\Documents\GitHub\DjangoProject\Paulicode\env\Lib\site-packages\django\template\base.py", line 1005, in render
    return SafeString("".join([node.render_annotated(context) for node in self]))
                               ~~~~~~~~~~~~~~~~~~~~~^^^^^^^^^
  File "C:\Users\Chenchen\OneDrive\Documents\GitHub\DjangoProject\Paulicode\env\Lib\site-packages\django\template\base.py", line 966, in render_annotated
    return self.render(context)
           ~~~~~~~~~~~^^^^^^^^^
  File "C:\Users\Chenchen\OneDrive\Documents\GitHub\DjangoProject\Paulicode\env\Lib\site-packages\django\template\loader_tags.py", line 197, in render
    template = context.template.engine.select_template(template_name)
  File "C:\Users\Chenchen\OneDrive\Documents\GitHub\DjangoProject\Paulicode\env\Lib\site-packages\django\template\engine.py", line 206, in select_template
    return self.get_template(template_name)
           ~~~~~~~~~~~~~~~~~^^^^^^^^^^^^^^^
  File "C:\Users\Chenchen\OneDrive\Documents\GitHub\DjangoProject\Paulicode\env\Lib\site-packages\django\template\engine.py", line 175, in get_template
    template, origin = self.find_template(template_name)
                       ~~~~~~~~~~~~~~~~~~^^^^^^^^^^^^^^^
  File "C:\Users\Chenchen\OneDrive\Documents\GitHub\DjangoProject\Paulicode\env\Lib\site-packages\django\template\engine.py", line 157, in find_template
    template = loader.get_template(name, skip=skip)
  File "C:\Users\Chenchen\OneDrive\Documents\GitHub\DjangoProject\Paulicode\env\Lib\site-packages\django\template\loaders\cached.py", line 57, in get_template
    template = super().get_template(template_name, skip)
  File "C:\Users\Chenchen\OneDrive\Documents\GitHub\DjangoProject\Paulicode\env\Lib\site-packages\django\template\loaders\base.py", line 28, in get_template
    return Template(
        contents,
    ...<2 lines>...
        self.engine,
    )
  File "C:\Users\Chenchen\OneDrive\Documents\GitHub\DjangoProject\Paulicode\env\Lib\site-packages\django\template\base.py", line 154, in __init__
    self.nodelist = self.compile_nodelist()
                    ~~~~~~~~~~~~~~~~~~~~~^^
  File "C:\Users\Chenchen\OneDrive\Documents\GitHub\DjangoProject\Paulicode\env\Lib\site-packages\django\template\base.py", line 200, in compile_nodelist
    return parser.parse()
           ~~~~~~~~~~~~^^
  File "C:\Users\Chenchen\OneDrive\Documents\GitHub\DjangoProject\Paulicode\env\Lib\site-packages\django\template\base.py", line 513, in parse
    raise self.error(token, e)
  File "C:\Users\Chenchen\OneDrive\Documents\GitHub\DjangoProject\Paulicode\env\Lib\site-packages\django\template\base.py", line 511, in parse
    compiled_result = compile_func(self, token)
  File "C:\Users\Chenchen\OneDrive\Documents\GitHub\DjangoProject\Paulicode\env\Lib\site-packages\django\template\defaulttags.py", line 952, in do_if
    condition = TemplateIfParser(parser, bits).parse()
                ~~~~~~~~~~~~~~~~^^^^^^^^^^^^^^
  File "C:\Users\Chenchen\OneDrive\Documents\GitHub\DjangoProject\Paulicode\env\Lib\site-packages\django\template\defaulttags.py", line 885, in __init__
    super().__init__(*args, **kwargs)
    ~~~~~~~~~~~~~~~~^^^^^^^^^^^^^^^^^
  File "C:\Users\Chenchen\OneDrive\Documents\GitHub\DjangoProject\Paulicode\env\Lib\site-packages\django\template\smartif.py", line 170, in __init__
    mapped_tokens.append(self.translate_token(token))
                         ~~~~~~~~~~~~~~~~~~~~^^^^^^^
  File "C:\Users\Chenchen\OneDrive\Documents\GitHub\DjangoProject\Paulicode\env\Lib\site-packages\django\template\smartif.py", line 181, in translate_token
    return self.create_var(token)
           ~~~~~~~~~~~~~~~^^^^^^^
  File "C:\Users\Chenchen\OneDrive\Documents\GitHub\DjangoProject\Paulicode\env\Lib\site-packages\django\template\defaulttags.py", line 888, in create_var
    return TemplateLiteral(self.template_parser.compile_filter(value), value)
                           ~~~~~~~~~~~~~~~~~~~~~~~~~~~~~~~~~~~^^^^^^^
  File "C:\Users\Chenchen\OneDrive\Documents\GitHub\DjangoProject\Paulicode\env\Lib\site-packages\django\template\base.py", line 600, in compile_filter
    return FilterExpression(token, self)
  File "C:\Users\Chenchen\OneDrive\Documents\GitHub\DjangoProject\Paulicode\env\Lib\site-packages\django\template\base.py", line 703, in __init__
    raise TemplateSyntaxError(
    ...<2 lines>...
    )
django.template.exceptions.TemplateSyntaxError: Could not parse the remainder: 'leaderboard' from ''StudentDashboard or currentpage == 'leaderboard'
"GET /leaderboard/?class_id=4 HTTP/1.1" 500 281254
"GET /leaderboard/?class_id=4 HTTP/1.1" 200 47533
"GET /static/js/core/popper.min.js HTTP/1.1" 404 1822
Not Found: /leaderboard/profile_pic/9d19fa5a-b873-469d-8372-7f4957e1f4ec.jpg
"GET /leaderboard/profile_pic/9d19fa5a-b873-469d-8372-7f4957e1f4ec.jpg HTTP/1.1" 404 9676
"GET /static/js/core/bootstrap.min.js HTTP/1.1" 404 1831
"GET /static/js/plugins/perfect-scrollbar.min.js HTTP/1.1" 404 1864
"GET /static/js/plugins/smooth-scrollbar.min.js HTTP/1.1" 404 1861
"GET /static/js/plugins/chartjs.min.js HTTP/1.1" 404 1834
"GET /static/js/argon-dashboard.min.js HTTP/1.1" 404 1834
Not Found: /leaderboard/profile_pic/9d19fa5a-b873-469d-8372-7f4957e1f4ec.jpg
"GET /leaderboard/profile_pic/9d19fa5a-b873-469d-8372-7f4957e1f4ec.jpg HTTP/1.1" 404 9676
"GET /leaderboard/?class_id=4 HTTP/1.1" 200 48663
"GET /media/profile_pic/9d19fa5a-b873-469d-8372-7f4957e1f4ec.jpg HTTP/1.1" 304 0
Not Found: /leaderboard/profile_pic/9d19fa5a-b873-469d-8372-7f4957e1f4ec.jpg
"GET /static/js/core/popper.min.js HTTP/1.1" 404 1822
"GET /leaderboard/profile_pic/9d19fa5a-b873-469d-8372-7f4957e1f4ec.jpg HTTP/1.1" 404 9676
"GET /static/js/core/bootstrap.min.js HTTP/1.1" 404 1831
"GET /static/js/plugins/perfect-scrollbar.min.js HTTP/1.1" 404 1864
"GET /static/js/plugins/smooth-scrollbar.min.js HTTP/1.1" 404 1861
"GET /static/js/plugins/chartjs.min.js HTTP/1.1" 404 1834
"GET /static/js/argon-dashboard.min.js HTTP/1.1" 404 1834
Not Found: /leaderboard/profile_pic/9d19fa5a-b873-469d-8372-7f4957e1f4ec.jpg
"GET /leaderboard/profile_pic/9d19fa5a-b873-469d-8372-7f4957e1f4ec.jpg HTTP/1.1" 404 9676
"GET /leaderboard/?class_id= HTTP/1.1" 200 48537
"GET /static/js/core/popper.min.js HTTP/1.1" 404 1822
Not Found: /leaderboard/profile_pic/9d19fa5a-b873-469d-8372-7f4957e1f4ec.jpg
"GET /leaderboard/profile_pic/9d19fa5a-b873-469d-8372-7f4957e1f4ec.jpg HTTP/1.1" 404 9676
"GET /static/js/core/bootstrap.min.js HTTP/1.1" 404 1831
"GET /static/js/plugins/perfect-scrollbar.min.js HTTP/1.1" 404 1864
"GET /static/js/plugins/smooth-scrollbar.min.js HTTP/1.1" 404 1861
"GET /static/js/plugins/chartjs.min.js HTTP/1.1" 404 1834
"GET /static/js/argon-dashboard.min.js HTTP/1.1" 404 1834
Not Found: /leaderboard/profile_pic/9d19fa5a-b873-469d-8372-7f4957e1f4ec.jpg
"GET /leaderboard/profile_pic/9d19fa5a-b873-469d-8372-7f4957e1f4ec.jpg HTTP/1.1" 404 9676
"GET /leaderboard/?class_id=3 HTTP/1.1" 200 45685
"GET /static/js/core/popper.min.js HTTP/1.1" 404 1822
"GET /static/js/core/bootstrap.min.js HTTP/1.1" 404 1831
"GET /static/js/plugins/perfect-scrollbar.min.js HTTP/1.1" 404 1864
"GET /static/js/plugins/smooth-scrollbar.min.js HTTP/1.1" 404 1861
"GET /static/js/plugins/chartjs.min.js HTTP/1.1" 404 1834
"GET /static/js/argon-dashboard.min.js HTTP/1.1" 404 1834
"GET /leaderboard/?class_id= HTTP/1.1" 200 48537
"GET /static/js/core/popper.min.js HTTP/1.1" 404 1822
Not Found: /leaderboard/profile_pic/9d19fa5a-b873-469d-8372-7f4957e1f4ec.jpg
"GET /leaderboard/profile_pic/9d19fa5a-b873-469d-8372-7f4957e1f4ec.jpg HTTP/1.1" 404 9676
"GET /static/js/core/bootstrap.min.js HTTP/1.1" 404 1831
"GET /static/js/plugins/perfect-scrollbar.min.js HTTP/1.1" 404 1864
"GET /static/js/plugins/smooth-scrollbar.min.js HTTP/1.1" 404 1861
"GET /static/js/plugins/chartjs.min.js HTTP/1.1" 404 1834
"GET /static/js/argon-dashboard.min.js HTTP/1.1" 404 1834
Not Found: /leaderboard/profile_pic/9d19fa5a-b873-469d-8372-7f4957e1f4ec.jpg
"GET /leaderboard/profile_pic/9d19fa5a-b873-469d-8372-7f4957e1f4ec.jpg HTTP/1.1" 404 9676
C:\Users\Chenchen\OneDrive\Documents\GitHub\DjangoProject\PauliCode\User\views.py changed, reloading.
Watching for file changes with StatReloader
"GET /leaderboard/?class_id= HTTP/1.1" 200 48551
"GET /static/js/core/popper.min.js HTTP/1.1" 404 1822
"GET /static/js/core/bootstrap.min.js HTTP/1.1" 404 1831
"GET /static/js/plugins/perfect-scrollbar.min.js HTTP/1.1" 404 1864
"GET /static/js/plugins/smooth-scrollbar.min.js HTTP/1.1" 404 1861
"GET /static/js/plugins/chartjs.min.js HTTP/1.1" 404 1834
"GET /static/js/argon-dashboard.min.js HTTP/1.1" 404 1834
"GET /classes/ HTTP/1.1" 200 43229
"GET /static/js/core/popper.min.js HTTP/1.1" 404 1822
"GET /static/js/core/bootstrap.min.js HTTP/1.1" 404 1831
"GET /static/js/plugins/perfect-scrollbar.min.js HTTP/1.1" 404 1864
"GET /static/js/plugins/smooth-scrollbar.min.js HTTP/1.1" 404 1861
"GET /static/js/plugins/chartjs.min.js HTTP/1.1" 404 1834
"GET /static/js/argon-dashboard.min.js HTTP/1.1" 404 1834
"GET /media/class_icons/Gemini_Generated_Image_tqim57tqim57tqim_FDzubHJ.png HTTP/1.1" 304 0
"GET /student/class/3/ HTTP/1.1" 200 63327
"GET /static/js/core/popper.min.js HTTP/1.1" 404 1822
"GET /static/js/core/bootstrap.min.js HTTP/1.1" 404 1831
"GET /static/js/plugins/smooth-scrollbar.min.js HTTP/1.1" 404 1861
"GET /static/js/plugins/perfect-scrollbar.min.js HTTP/1.1" 404 1864
"GET /static/js/plugins/chartjs.min.js HTTP/1.1" 404 1834
"GET /static/js/argon-dashboard.min.js HTTP/1.1" 404 1834
"GET /leaderboard/ HTTP/1.1" 200 48016
"GET /static/js/core/popper.min.js HTTP/1.1" 404 1822
"GET /media/profile_pic/9d19fa5a-b873-469d-8372-7f4957e1f4ec.jpg HTTP/1.1" 304 0
"GET /static/js/core/bootstrap.min.js HTTP/1.1" 404 1831
"GET /static/js/plugins/perfect-scrollbar.min.js HTTP/1.1" 404 1864
"GET /static/js/plugins/smooth-scrollbar.min.js HTTP/1.1" 404 1861
"GET /static/js/plugins/chartjs.min.js HTTP/1.1" 404 1834
"GET /static/js/argon-dashboard.min.js HTTP/1.1" 404 1834
"GET / HTTP/1.1" 302 0
"GET /StudentDashboard/ HTTP/1.1" 200 53034
"GET /static/img/loadingIcon.webp HTTP/1.1" 200 42646
"GET /static/img/PCodeLogo.svg HTTP/1.1" 200 12486
"GET /static/img/studenthaticon.png HTTP/1.1" 200 8381
"GET /media/profile_pic/9d19fa5a-b873-469d-8372-7f4957e1f4ec.jpg HTTP/1.1" 200 282651
"GET /static/js/core/popper.min.js HTTP/1.1" 404 1822
"GET /static/js/core/bootstrap.min.js HTTP/1.1" 404 1831
"GET /static/js/plugins/perfect-scrollbar.min.js HTTP/1.1" 404 1864
"GET /static/js/plugins/smooth-scrollbar.min.js HTTP/1.1" 404 1861
"GET /static/js/plugins/chartjs.min.js HTTP/1.1" 404 1834
"GET /static/js/argon-dashboard.min.js HTTP/1.1" 404 1834
"GET /static/img/progressIcon.png HTTP/1.1" 200 181081
"GET /static/img/PendingIC.png HTTP/1.1" 200 293839
"GET /static/img/1stCup.svg HTTP/1.1" 200 650077
"GET /static/img/star.png HTTP/1.1" 200 22289
"GET /media/class_icons/unnamed.jpg HTTP/1.1" 200 66155
"GET /media/class_icons/Gemini_Generated_Image_tqim57tqim57tqim_FDzubHJ.png HTTP/1.1" 200 1261532
"GET /static/img/favicon.ico HTTP/1.1" 200 4286
"POST /logout/ HTTP/1.1" 302 0
"GET / HTTP/1.1" 200 22101
"GET /static/js/core/popper.min.js HTTP/1.1" 404 1822
"GET /static/js/core/bootstrap.min.js HTTP/1.1" 404 1831
"GET /static/js/plugins/smooth-scrollbar.min.js HTTP/1.1" 404 1861
"GET /static/js/plugins/perfect-scrollbar.min.js HTTP/1.1" 404 1864
"GET /static/js/plugins/chartjs.min.js HTTP/1.1" 404 1834
"GET /static/js/argon-dashboard.min.js HTTP/1.1" 404 1834
"GET / HTTP/1.1" 200 21605
"GET /signup/ HTTP/1.1" 200 12208
"GET /static/img/bgIndex.png HTTP/1.1" 200 7594234
"GET /signup/ HTTP/1.1" 200 12208
"POST /signup/ HTTP/1.1" 302 0
"GET / HTTP/1.1" 200 22107
"GET /static/js/core/bootstrap.min.js HTTP/1.1" 404 1831
"GET /static/js/core/popper.min.js HTTP/1.1" 404 1822
"GET /static/js/plugins/perfect-scrollbar.min.js HTTP/1.1" 404 1864
"GET /static/js/plugins/smooth-scrollbar.min.js HTTP/1.1" 404 1861
"GET /static/js/plugins/chartjs.min.js HTTP/1.1" 404 1834
"GET /static/js/argon-dashboard.min.js HTTP/1.1" 404 1834
"GET / HTTP/1.1" 200 21605
"POST /login/ HTTP/1.1" 302 0
"GET /StudentDashboard/ HTTP/1.1" 200 44594
"GET /static/js/core/popper.min.js HTTP/1.1" 404 1822
"GET /static/js/core/bootstrap.min.js HTTP/1.1" 404 1831
"GET /media/profile_pic/default.png HTTP/1.1" 200 298184
"GET /static/js/plugins/perfect-scrollbar.min.js HTTP/1.1" 404 1864
"GET /static/js/plugins/smooth-scrollbar.min.js HTTP/1.1" 404 1861
"GET /static/js/plugins/chartjs.min.js HTTP/1.1" 404 1834
"GET /static/js/argon-dashboard.min.js HTTP/1.1" 404 1834
"GET /leaderboard/?class_id=3 HTTP/1.1" 200 45669
"GET /static/js/core/bootstrap.min.js HTTP/1.1" 404 1831
"GET /static/js/core/popper.min.js HTTP/1.1" 404 1822
"GET /static/js/plugins/smooth-scrollbar.min.js HTTP/1.1" 404 1861
"GET /static/js/plugins/perfect-scrollbar.min.js HTTP/1.1" 404 1864
"GET /static/js/plugins/chartjs.min.js HTTP/1.1" 404 1834
"GET /static/js/argon-dashboard.min.js HTTP/1.1" 404 1834
"POST /student/join-class/ HTTP/1.1" 302 0
"GET /classes/ HTTP/1.1" 200 41203
"GET /static/img/search.png HTTP/1.1" 200 30429
"GET /static/img/plusIcon.png HTTP/1.1" 200 68669
"GET /static/js/core/popper.min.js HTTP/1.1" 404 1822
"GET /static/js/core/bootstrap.min.js HTTP/1.1" 404 1831
"GET /static/js/plugins/perfect-scrollbar.min.js HTTP/1.1" 404 1864
"GET /static/js/plugins/smooth-scrollbar.min.js HTTP/1.1" 404 1861
"GET /static/js/argon-dashboard.min.js HTTP/1.1" 404 1834
"GET /static/js/plugins/chartjs.min.js HTTP/1.1" 404 1834
"GET /student/class/3/ HTTP/1.1" 200 63300
"GET /static/js/core/popper.min.js HTTP/1.1" 404 1822
"GET /static/js/core/bootstrap.min.js HTTP/1.1" 404 1831
"GET /static/js/plugins/perfect-scrollbar.min.js HTTP/1.1" 404 1864
"GET /static/js/plugins/smooth-scrollbar.min.js HTTP/1.1" 404 1861
"GET /static/js/plugins/chartjs.min.js HTTP/1.1" 404 1834
"GET /static/js/argon-dashboard.min.js HTTP/1.1" 404 1834
"GET /problem/2/details/ HTTP/1.1" 200 243
"GET /problem/2/details/ HTTP/1.1" 200 243
"POST /cybersecurity/submit/2/ HTTP/1.1" 200 119
"GET /student/class/3/ HTTP/1.1" 200 63641
"GET /static/js/core/bootstrap.min.js HTTP/1.1" 404 1831
"GET /static/js/core/popper.min.js HTTP/1.1" 404 1822
"GET /static/js/plugins/smooth-scrollbar.min.js HTTP/1.1" 404 1861
"GET /static/js/plugins/perfect-scrollbar.min.js HTTP/1.1" 404 1864
"GET /static/js/plugins/chartjs.min.js HTTP/1.1" 404 1834
"GET /static/js/argon-dashboard.min.js HTTP/1.1" 404 1834
"GET /leaderboard/?class_id=3 HTTP/1.1" 200 48149
"GET /static/js/core/popper.min.js HTTP/1.1" 404 1822
"GET /static/js/core/bootstrap.min.js HTTP/1.1" 404 1831
"GET /static/js/plugins/perfect-scrollbar.min.js HTTP/1.1" 404 1864
"GET /static/js/plugins/smooth-scrollbar.min.js HTTP/1.1" 404 1861
"GET /static/js/plugins/chartjs.min.js HTTP/1.1" 404 1834
"GET /static/js/argon-dashboard.min.js HTTP/1.1" 404 1834
"GET /code-playground/ HTTP/1.1" 200 81641
"GET /static/js/core/popper.min.js HTTP/1.1" 404 1822
"GET /static/js/core/bootstrap.min.js HTTP/1.1" 404 1831
"GET /static/js/plugins/perfect-scrollbar.min.js HTTP/1.1" 404 1864
"GET /static/js/plugins/smooth-scrollbar.min.js HTTP/1.1" 404 1861
"GET /static/js/plugins/chartjs.min.js HTTP/1.1" 404 1834
"GET /static/js/argon-dashboard.min.js HTTP/1.1" 404 1834
"GET /leaderboard/ HTTP/1.1" 200 47735
"GET /static/js/core/popper.min.js HTTP/1.1" 404 1822
"GET /static/js/core/bootstrap.min.js HTTP/1.1" 404 1831
"GET /static/js/plugins/perfect-scrollbar.min.js HTTP/1.1" 404 1864
"GET /static/js/plugins/smooth-scrollbar.min.js HTTP/1.1" 404 1861
"GET /static/js/plugins/chartjs.min.js HTTP/1.1" 404 1834
"GET /static/js/argon-dashboard.min.js HTTP/1.1" 404 1834
C:\Users\Chenchen\OneDrive\Documents\GitHub\DjangoProject\PauliCode\User\views.py changed, reloading.
Watching for file changes with StatReloader
C:\Users\Chenchen\OneDrive\Documents\GitHub\DjangoProject\PauliCode\User\urls.py changed, reloading.
Watching for file changes with StatReloader
C:\Users\Chenchen\OneDrive\Documents\GitHub\DjangoProject\PauliCode\User\urls.py changed, reloading.
Watching for file changes with StatReloader
"GET /leaderboard/ HTTP/1.1" 200 53220
"GET /static/js/core/popper.min.js HTTP/1.1" 404 1822
"GET /static/js/core/bootstrap.min.js HTTP/1.1" 404 1831
"GET /static/js/plugins/perfect-scrollbar.min.js HTTP/1.1" 404 1864
"GET /static/js/plugins/smooth-scrollbar.min.js HTTP/1.1" 404 1861
"GET /static/js/plugins/chartjs.min.js HTTP/1.1" 404 1834
"GET /static/js/argon-dashboard.min.js HTTP/1.1" 404 1834
"GET /api/leaderboard-data/? HTTP/1.1" 200 339
"GET /leaderboard/?class_id=3 HTTP/1.1" 200 53526
"GET /static/js/core/bootstrap.min.js HTTP/1.1" 404 1831
"GET /static/js/core/popper.min.js HTTP/1.1" 404 1822
"GET /static/js/plugins/perfect-scrollbar.min.js HTTP/1.1" 404 1864
"GET /static/js/plugins/smooth-scrollbar.min.js HTTP/1.1" 404 1861
"GET /static/js/plugins/chartjs.min.js HTTP/1.1" 404 1834
"GET /static/js/argon-dashboard.min.js HTTP/1.1" 404 1834
"GET /api/leaderboard-data/?class_id=3 HTTP/1.1" 200 381
"GET /api/leaderboard-data/? HTTP/1.1" 200 339
"GET /leaderboard/ HTTP/1.1" 200 53527
"GET /static/js/core/bootstrap.min.js HTTP/1.1" 404 1831
"GET /static/js/core/popper.min.js HTTP/1.1" 404 1822
"GET /static/js/plugins/perfect-scrollbar.min.js HTTP/1.1" 404 1864
"GET /static/js/plugins/smooth-scrollbar.min.js HTTP/1.1" 404 1861
"GET /static/js/plugins/chartjs.min.js HTTP/1.1" 404 1834
"GET /static/js/argon-dashboard.min.js HTTP/1.1" 404 1834
"GET /api/leaderboard-data/? HTTP/1.1" 200 339
"GET /api/leaderboard-data/? HTTP/1.1" 200 339
"GET /api/leaderboard-data/? HTTP/1.1" 200 339
"GET /api/leaderboard-data/? HTTP/1.1" 200 339
"GET /api/leaderboard-data/?class_id=3 HTTP/1.1" 200 381
"GET /api/leaderboard-data/?class_id=3 HTTP/1.1" 200 381
"GET /api/leaderboard-data/? HTTP/1.1" 200 339
"GET /api/leaderboard-data/?class_id=3 HTTP/1.1" 200 381
"GET /leaderboard/ HTTP/1.1" 200 53220
"GET /static/js/core/popper.min.js HTTP/1.1" 404 1822
"GET /static/js/core/bootstrap.min.js HTTP/1.1" 404 1831
"GET /static/js/plugins/perfect-scrollbar.min.js HTTP/1.1" 404 1864
"GET /static/js/plugins/smooth-scrollbar.min.js HTTP/1.1" 404 1861
"GET /static/js/argon-dashboard.min.js HTTP/1.1" 404 1834
"GET /static/js/plugins/chartjs.min.js HTTP/1.1" 404 1834
"GET /api/leaderboard-data/? HTTP/1.1" 200 339
"GET /api/leaderboard-data/?class_id=3 HTTP/1.1" 200 381
"GET /classes/ HTTP/1.1" 200 40706
"GET /static/js/core/popper.min.js HTTP/1.1" 404 1822
"GET /static/js/core/bootstrap.min.js HTTP/1.1" 404 1831
"GET /static/js/plugins/smooth-scrollbar.min.js HTTP/1.1" 404 1861
"GET /static/js/plugins/perfect-scrollbar.min.js HTTP/1.1" 404 1864
"GET /static/js/plugins/chartjs.min.js HTTP/1.1" 404 1834
"GET /static/js/argon-dashboard.min.js HTTP/1.1" 404 1834
"GET /student/class/3/ HTTP/1.1" 200 63300
"GET /static/js/core/bootstrap.min.js HTTP/1.1" 404 1831
"GET /static/js/core/popper.min.js HTTP/1.1" 404 1822
"GET /static/js/plugins/perfect-scrollbar.min.js HTTP/1.1" 404 1864
"GET /static/js/plugins/smooth-scrollbar.min.js HTTP/1.1" 404 1861
"GET /static/js/plugins/chartjs.min.js HTTP/1.1" 404 1834
"GET /static/js/argon-dashboard.min.js HTTP/1.1" 404 1834
"GET /problem/2/details/ HTTP/1.1" 200 243
"GET /problem/2/details/ HTTP/1.1" 200 243
"GET /api/leaderboard-data/?class_id=3 HTTP/1.1" 200 381
"POST /cybersecurity/submit/2/ HTTP/1.1" 200 119
"GET /student/class/3/ HTTP/1.1" 200 63614
"GET /static/js/core/popper.min.js HTTP/1.1" 404 1822
"GET /static/js/core/bootstrap.min.js HTTP/1.1" 404 1831
"GET /static/js/plugins/perfect-scrollbar.min.js HTTP/1.1" 404 1864
"GET /api/leaderboard-data/?class_id=3 HTTP/1.1" 200 579
"GET /static/js/plugins/smooth-scrollbar.min.js HTTP/1.1" 404 1861
"GET /static/js/plugins/chartjs.min.js HTTP/1.1" 404 1834
"GET /static/js/argon-dashboard.min.js HTTP/1.1" 404 1834
"GET /api/leaderboard-data/?class_id=3 HTTP/1.1" 200 579
"GET /api/leaderboard-data/?class_id=3 HTTP/1.1" 200 579
"GET /problem/3/details/ HTTP/1.1" 200 279
"GET /api/leaderboard-data/?class_id=3 HTTP/1.1" 200 579
"GET /problem/3/details/ HTTP/1.1" 200 279
"GET /api/leaderboard-data/?class_id=3 HTTP/1.1" 200 579
"GET /api/leaderboard-data/?class_id=3 HTTP/1.1" 200 579
"GET /api/leaderboard-data/?class_id=3 HTTP/1.1" 200 579
"GET /api/leaderboard-data/?class_id=3 HTTP/1.1" 200 579
"GET /problem/3/details/ HTTP/1.1" 200 279
"GET /problem/3/details/ HTTP/1.1" 200 279
"POST /cybersecurity/submit/3/ HTTP/1.1" 200 119
"GET /student/class/3/ HTTP/1.1" 200 63955
"GET /static/js/core/popper.min.js HTTP/1.1" 404 1822
"GET /static/js/core/bootstrap.min.js HTTP/1.1" 404 1831
"GET /static/js/plugins/perfect-scrollbar.min.js HTTP/1.1" 404 1864
"GET /static/js/plugins/smooth-scrollbar.min.js HTTP/1.1" 404 1861
"GET /static/js/plugins/chartjs.min.js HTTP/1.1" 404 1834
"GET /static/js/argon-dashboard.min.js HTTP/1.1" 404 1834
"GET /api/leaderboard-data/?class_id=3 HTTP/1.1" 200 579
"GET /api/leaderboard-data/?class_id=3 HTTP/1.1" 200 579
"GET /api/leaderboard-data/?class_id=3 HTTP/1.1" 200 579
Not Found: /.well-known/appspecific/com.chrome.devtools.json
"GET /.well-known/appspecific/com.chrome.devtools.json HTTP/1.1" 404 9825
"GET /api/leaderboard-data/?class_id=3 HTTP/1.1" 200 579
"GET /api/leaderboard-data/?class_id=3 HTTP/1.1" 200 579
"GET /api/leaderboard-data/?class_id=3 HTTP/1.1" 200 579
"GET /api/leaderboard-data/?class_id=3 HTTP/1.1" 200 579
"GET /api/leaderboard-data/?class_id=3 HTTP/1.1" 200 579
"GET /api/leaderboard-data/?class_id=3 HTTP/1.1" 200 579
"GET /api/leaderboard-data/?class_id=3 HTTP/1.1" 200 579
"GET /api/leaderboard-data/?class_id=3 HTTP/1.1" 200 579
"GET /api/leaderboard-data/?class_id=3 HTTP/1.1" 200 579
"GET /api/leaderboard-data/?class_id=3 HTTP/1.1" 200 579
Not Found: /.well-known/appspecific/com.chrome.devtools.json
"GET /.well-known/appspecific/com.chrome.devtools.json HTTP/1.1" 404 9825
"GET /api/leaderboard-data/?class_id=3 HTTP/1.1" 200 579
"GET /api/leaderboard-data/?class_id=3 HTTP/1.1" 200 579
"GET /api/leaderboard-data/?class_id=3 HTTP/1.1" 200 579
"GET /api/leaderboard-data/?class_id=3 HTTP/1.1" 200 579
"GET /api/leaderboard-data/?class_id=3 HTTP/1.1" 200 579
"GET /api/leaderboard-data/?class_id=3 HTTP/1.1" 200 579
"GET /api/leaderboard-data/?class_id=3 HTTP/1.1" 200 579
"GET /api/leaderboard-data/?class_id=3 HTTP/1.1" 200 579
"GET /api/leaderboard-data/?class_id=3 HTTP/1.1" 200 579
"GET /api/leaderboard-data/?class_id=3 HTTP/1.1" 200 579
"GET /api/leaderboard-data/?class_id=3 HTTP/1.1" 200 579
"GET /api/leaderboard-data/?class_id=3 HTTP/1.1" 200 579
"GET /api/leaderboard-data/?class_id=3 HTTP/1.1" 200 579
"GET /api/leaderboard-data/?class_id=3 HTTP/1.1" 200 579
"GET /api/leaderboard-data/?class_id=3 HTTP/1.1" 200 579
"GET /api/leaderboard-data/?class_id=3 HTTP/1.1" 200 579
"GET /api/leaderboard-data/?class_id=3 HTTP/1.1" 200 579
"GET /api/leaderboard-data/?class_id=3 HTTP/1.1" 200 579
C:\Users\Chenchen\OneDrive\Documents\GitHub\DjangoProject\PauliCode\User\views.py changed, reloading.
Watching for file changes with StatReloader
"GET /api/leaderboard-data/?class_id=3 HTTP/1.1" 200 579
"GET /api/leaderboard-data/?class_id=3 HTTP/1.1" 200 579
"GET /api/leaderboard-data/?class_id=3 HTTP/1.1" 200 579
"GET /api/leaderboard-data/?class_id=3 HTTP/1.1" 200 579
"GET /api/leaderboard-data/?class_id=3 HTTP/1.1" 200 579
"GET /api/leaderboard-data/?class_id=3 HTTP/1.1" 200 579
"GET /api/leaderboard-data/?class_id=3 HTTP/1.1" 200 579
"GET /api/leaderboard-data/?class_id=3 HTTP/1.1" 200 579
"GET /api/leaderboard-data/?class_id=3 HTTP/1.1" 200 579
"GET /api/leaderboard-data/?class_id=3 HTTP/1.1" 200 579
"GET /api/leaderboard-data/?class_id=3 HTTP/1.1" 200 579
"GET /api/leaderboard-data/?class_id=3 HTTP/1.1" 200 579
"GET /leaderboard/?class_id=3 HTTP/1.1" 200 53550
"GET /static/js/core/bootstrap.min.js HTTP/1.1" 404 1831
"GET /static/js/core/popper.min.js HTTP/1.1" 404 1822
"GET /static/js/plugins/perfect-scrollbar.min.js HTTP/1.1" 404 1864
"GET /static/js/plugins/smooth-scrollbar.min.js HTTP/1.1" 404 1861
"GET /static/js/plugins/chartjs.min.js HTTP/1.1" 404 1834
"GET /static/js/argon-dashboard.min.js HTTP/1.1" 404 1834
"GET /api/leaderboard-data/?class_id=3 HTTP/1.1" 200 579
"GET /leaderboard/?class_id=3 HTTP/1.1" 200 53550
"GET /static/js/core/popper.min.js HTTP/1.1" 404 1822
"GET /static/js/core/bootstrap.min.js HTTP/1.1" 404 1831
"GET /static/js/plugins/smooth-scrollbar.min.js HTTP/1.1" 404 1861
"GET /static/js/plugins/perfect-scrollbar.min.js HTTP/1.1" 404 1864
"GET /static/js/plugins/chartjs.min.js HTTP/1.1" 404 1834
"GET /static/js/argon-dashboard.min.js HTTP/1.1" 404 1834
"GET /api/leaderboard-data/?class_id=3 HTTP/1.1" 200 579
"GET /api/leaderboard-data/?class_id=3 HTTP/1.1" 200 579
"GET /api/leaderboard-data/?class_id=3 HTTP/1.1" 200 579
"GET /api/leaderboard-data/?class_id=3 HTTP/1.1" 200 579
"GET /api/leaderboard-data/?class_id=3 HTTP/1.1" 200 579
"GET /api/leaderboard-data/?class_id=3 HTTP/1.1" 200 579
"GET /api/leaderboard-data/?class_id=3 HTTP/1.1" 200 579
Watching for file changes with StatReloader
"GET /student/class/3/ HTTP/1.1" 200 63955
"GET /static/js/core/bootstrap.min.js HTTP/1.1" 404 1831
"GET /static/js/core/popper.min.js HTTP/1.1" 404 1822
"GET /static/js/plugins/smooth-scrollbar.min.js HTTP/1.1" 404 1861
"GET /static/js/plugins/perfect-scrollbar.min.js HTTP/1.1" 404 1864
"GET /static/js/plugins/chartjs.min.js HTTP/1.1" 404 1834
"GET /static/js/argon-dashboard.min.js HTTP/1.1" 404 1834
"GET /api/leaderboard-data/?class_id=3 HTTP/1.1" 200 579
"GET /leaderboard/?class_id=3 HTTP/1.1" 200 53197
"GET /static/js/core/popper.min.js HTTP/1.1" 404 1822
"GET /static/js/core/bootstrap.min.js HTTP/1.1" 404 1831
"GET /static/js/plugins/perfect-scrollbar.min.js HTTP/1.1" 404 1864
"GET /static/js/plugins/smooth-scrollbar.min.js HTTP/1.1" 404 1861
"GET /static/js/plugins/chartjs.min.js HTTP/1.1" 404 1834
"GET /static/js/argon-dashboard.min.js HTTP/1.1" 404 1834
"GET /api/leaderboard-data/?class_id=3 HTTP/1.1" 200 579
"GET /api/leaderboard-data/?class_id=3 HTTP/1.1" 200 579
"GET /api/leaderboard-data/?class_id=3 HTTP/1.1" 200 579
"GET /api/leaderboard-data/?class_id=3 HTTP/1.1" 200 579
"GET /api/leaderboard-data/?class_id=3 HTTP/1.1" 200 579
"GET /api/leaderboard-data/?class_id=3 HTTP/1.1" 200 579
"GET /api/leaderboard-data/?class_id=3 HTTP/1.1" 200 579
"GET /api/leaderboard-data/?class_id=3 HTTP/1.1" 200 579
"GET /leaderboard/?class_id=3 HTTP/1.1" 200 53524
"GET /static/js/core/popper.min.js HTTP/1.1" 404 1822
"GET /static/js/core/bootstrap.min.js HTTP/1.1" 404 1831
"GET /static/js/plugins/perfect-scrollbar.min.js HTTP/1.1" 404 1864
"GET /static/js/plugins/smooth-scrollbar.min.js HTTP/1.1" 404 1861
"GET /static/js/plugins/chartjs.min.js HTTP/1.1" 404 1834
"GET /static/js/argon-dashboard.min.js HTTP/1.1" 404 1834
"GET /api/leaderboard-data/?class_id=3 HTTP/1.1" 200 579
"GET /api/leaderboard-data/?class_id=3 HTTP/1.1" 200 579
"GET /api/leaderboard-data/?class_id=3 HTTP/1.1" 200 579
"GET /leaderboard/?class_id=3 HTTP/1.1" 200 53524
"GET /static/js/core/popper.min.js HTTP/1.1" 404 1822
"GET /static/js/core/bootstrap.min.js HTTP/1.1" 404 1831
"GET /static/js/plugins/smooth-scrollbar.min.js HTTP/1.1" 404 1861
"GET /static/js/plugins/perfect-scrollbar.min.js HTTP/1.1" 404 1864
"GET /static/js/plugins/chartjs.min.js HTTP/1.1" 404 1834
"GET /static/js/argon-dashboard.min.js HTTP/1.1" 404 1834
"GET /api/leaderboard-data/?class_id=3 HTTP/1.1" 200 579
"GET /leaderboard/?class_id=3 HTTP/1.1" 200 53513
"GET /static/js/core/bootstrap.min.js HTTP/1.1" 404 1831
"GET /static/js/core/popper.min.js HTTP/1.1" 404 1822
"GET /static/js/plugins/perfect-scrollbar.min.js HTTP/1.1" 404 1864
"GET /static/js/plugins/smooth-scrollbar.min.js HTTP/1.1" 404 1861
"GET /static/js/plugins/chartjs.min.js HTTP/1.1" 404 1834
"GET /static/js/argon-dashboard.min.js HTTP/1.1" 404 1834
"GET /api/leaderboard-data/?class_id=3 HTTP/1.1" 200 579
"GET /api/leaderboard-data/?class_id=3 HTTP/1.1" 200 579
"GET /api/leaderboard-data/?class_id=3 HTTP/1.1" 200 579
"GET /api/leaderboard-data/?class_id=3 HTTP/1.1" 200 579
"GET /api/leaderboard-data/?class_id=3 HTTP/1.1" 200 579
"GET /api/leaderboard-data/?class_id=3 HTTP/1.1" 200 579
"GET /api/leaderboard-data/?class_id=3 HTTP/1.1" 200 579
"GET /leaderboard/?class_id=3 HTTP/1.1" 200 53517
"GET /static/js/core/popper.min.js HTTP/1.1" 404 1822
"GET /static/js/core/bootstrap.min.js HTTP/1.1" 404 1831
"GET /static/js/plugins/perfect-scrollbar.min.js HTTP/1.1" 404 1864
"GET /static/js/plugins/smooth-scrollbar.min.js HTTP/1.1" 404 1861
"GET /static/js/plugins/chartjs.min.js HTTP/1.1" 404 1834
"GET /static/js/argon-dashboard.min.js HTTP/1.1" 404 1834
"GET /api/leaderboard-data/?class_id=3 HTTP/1.1" 200 579
"GET /api/leaderboard-data/?class_id=3 HTTP/1.1" 200 579
"GET /api/leaderboard-data/?class_id=3 HTTP/1.1" 200 579
"GET /api/leaderboard-data/?class_id=3 HTTP/1.1" 200 579
"GET /api/leaderboard-data/?class_id=3 HTTP/1.1" 200 579
"GET /leaderboard/?class_id=3 HTTP/1.1" 200 53512
"GET /static/js/core/popper.min.js HTTP/1.1" 404 1822
"GET /static/js/core/bootstrap.min.js HTTP/1.1" 404 1831
"GET /static/js/plugins/perfect-scrollbar.min.js HTTP/1.1" 404 1864
"GET /static/js/plugins/smooth-scrollbar.min.js HTTP/1.1" 404 1861
"GET /static/js/argon-dashboard.min.js HTTP/1.1" 404 1834
"GET /static/js/plugins/chartjs.min.js HTTP/1.1" 404 1834
"GET /api/leaderboard-data/?class_id=3 HTTP/1.1" 200 579
"GET /leaderboard/?class_id=3 HTTP/1.1" 200 53517
"GET /static/js/core/popper.min.js HTTP/1.1" 404 1822
"GET /static/js/core/bootstrap.min.js HTTP/1.1" 404 1831
"GET /static/js/plugins/smooth-scrollbar.min.js HTTP/1.1" 404 1861
"GET /static/js/plugins/perfect-scrollbar.min.js HTTP/1.1" 404 1864
"GET /static/js/argon-dashboard.min.js HTTP/1.1" 404 1834
"GET /static/js/plugins/chartjs.min.js HTTP/1.1" 404 1834
"GET /api/leaderboard-data/?class_id=3 HTTP/1.1" 200 579
"GET /api/leaderboard-data/?class_id=3 HTTP/1.1" 200 579
"GET /leaderboard/?class_id=3 HTTP/1.1" 200 53510
"GET /static/js/core/popper.min.js HTTP/1.1" 404 1822
"GET /static/js/core/bootstrap.min.js HTTP/1.1" 404 1831
"GET /static/js/plugins/perfect-scrollbar.min.js HTTP/1.1" 404 1864
"GET /static/js/plugins/smooth-scrollbar.min.js HTTP/1.1" 404 1861
"GET /static/js/plugins/chartjs.min.js HTTP/1.1" 404 1834
"GET /static/js/argon-dashboard.min.js HTTP/1.1" 404 1834
"GET /api/leaderboard-data/?class_id=3 HTTP/1.1" 200 579
"GET /leaderboard/?class_id=3 HTTP/1.1" 200 53517
"GET /static/js/core/popper.min.js HTTP/1.1" 404 1822
"GET /static/js/core/bootstrap.min.js HTTP/1.1" 404 1831
"GET /static/js/plugins/perfect-scrollbar.min.js HTTP/1.1" 404 1864
"GET /static/js/plugins/smooth-scrollbar.min.js HTTP/1.1" 404 1861
"GET /static/js/plugins/chartjs.min.js HTTP/1.1" 404 1834
"GET /static/js/argon-dashboard.min.js HTTP/1.1" 404 1834
"GET /api/leaderboard-data/?class_id=3 HTTP/1.1" 200 579
"GET /api/leaderboard-data/?class_id=3 HTTP/1.1" 200 579
"GET /api/leaderboard-data/?class_id=3 HTTP/1.1" 200 579
"GET /api/leaderboard-data/?class_id=3 HTTP/1.1" 200 579
"GET /api/leaderboard-data/?class_id=3 HTTP/1.1" 200 579
"GET /leaderboard/?class_id=3 HTTP/1.1" 200 53509
"GET /static/js/core/bootstrap.min.js HTTP/1.1" 404 1831
"GET /static/js/core/popper.min.js HTTP/1.1" 404 1822
"GET /static/js/plugins/perfect-scrollbar.min.js HTTP/1.1" 404 1864
"GET /static/js/plugins/smooth-scrollbar.min.js HTTP/1.1" 404 1861
"GET /static/js/plugins/chartjs.min.js HTTP/1.1" 404 1834
"GET /static/js/argon-dashboard.min.js HTTP/1.1" 404 1834
"GET /api/leaderboard-data/?class_id=3 HTTP/1.1" 200 579
"GET /leaderboard/?class_id=3 HTTP/1.1" 200 53508
"GET /static/js/core/bootstrap.min.js HTTP/1.1" 404 1831
"GET /static/js/core/popper.min.js HTTP/1.1" 404 1822
"GET /static/js/plugins/perfect-scrollbar.min.js HTTP/1.1" 404 1864
"GET /static/js/plugins/smooth-scrollbar.min.js HTTP/1.1" 404 1861
"GET /static/js/plugins/chartjs.min.js HTTP/1.1" 404 1834
"GET /static/js/argon-dashboard.min.js HTTP/1.1" 404 1834
"GET /api/leaderboard-data/?class_id=3 HTTP/1.1" 200 579
"GET /api/leaderboard-data/?class_id=3 HTTP/1.1" 200 579
"GET /api/leaderboard-data/?class_id=4 HTTP/1.1" 200 375
"GET /api/leaderboard-data/?class_id=4 HTTP/1.1" 200 375
"GET /api/leaderboard-data/?class_id=3 HTTP/1.1" 200 579
"GET /api/leaderboard-data/?class_id=3 HTTP/1.1" 200 579
"GET /api/leaderboard-data/?class_id=3 HTTP/1.1" 200 579
"GET /api/leaderboard-data/?class_id=3 HTTP/1.1" 200 579
"GET /MyClasses/ HTTP/1.1" 200 72463
"GET /static/js/core/popper.min.js HTTP/1.1" 404 1822
"GET /static/js/core/bootstrap.min.js HTTP/1.1" 404 1831
"GET /static/js/plugins/perfect-scrollbar.min.js HTTP/1.1" 404 1864
"GET /static/js/plugins/smooth-scrollbar.min.js HTTP/1.1" 404 1861
"GET /static/js/plugins/chartjs.min.js HTTP/1.1" 404 1834
"GET /static/js/argon-dashboard.min.js HTTP/1.1" 404 1834
"GET /media/class_icons/unnamed.jpg HTTP/1.1" 304 0
"GET /media/class_icons/Gemini_Generated_Image_tqim57tqim57tqim_FDzubHJ.png HTTP/1.1" 304 0
"GET /MyClasses/ HTTP/1.1" 200 72463
"GET /report/ HTTP/1.1" 200 72276
"GET /static/js/core/popper.min.js HTTP/1.1" 404 1822
"GET /static/js/core/bootstrap.min.js HTTP/1.1" 404 1831
"GET /static/js/plugins/perfect-scrollbar.min.js HTTP/1.1" 404 1864
"GET /static/js/plugins/smooth-scrollbar.min.js HTTP/1.1" 404 1861
"GET /static/js/plugins/chartjs.min.js HTTP/1.1" 404 1834
"GET /static/js/argon-dashboard.min.js HTTP/1.1" 404 1834
"GET /leaderboard/ HTTP/1.1" 200 53509
"GET /static/js/core/popper.min.js HTTP/1.1" 404 1822
"GET /static/js/core/bootstrap.min.js HTTP/1.1" 404 1831
"GET /static/js/plugins/perfect-scrollbar.min.js HTTP/1.1" 404 1864
"GET /static/js/plugins/smooth-scrollbar.min.js HTTP/1.1" 404 1861
"GET /static/js/plugins/chartjs.min.js HTTP/1.1" 404 1834
"GET /static/js/argon-dashboard.min.js HTTP/1.1" 404 1834
"GET /api/leaderboard-data/? HTTP/1.1" 200 537
"GET /api/leaderboard-data/? HTTP/1.1" 200 537
"GET /api/leaderboard-data/? HTTP/1.1" 200 537
"GET /api/leaderboard-data/? HTTP/1.1" 200 537
"GET /api/leaderboard-data/?class_id=3 HTTP/1.1" 200 579
"GET /api/leaderboard-data/?class_id=4 HTTP/1.1" 200 375
"GET /api/leaderboard-data/?class_id=3 HTTP/1.1" 200 579
"GET /api/leaderboard-data/?class_id=4 HTTP/1.1" 200 375
"GET /api/leaderboard-data/?class_id=3 HTTP/1.1" 200 579
"GET /api/leaderboard-data/?class_id=3 HTTP/1.1" 200 579
"GET /api/leaderboard-data/?class_id=3 HTTP/1.1" 200 579
"GET /api/leaderboard-data/?class_id=3 HTTP/1.1" 200 579
"GET /api/leaderboard-data/?class_id=3 HTTP/1.1" 200 579
"GET /api/leaderboard-data/?class_id=3 HTTP/1.1" 200 579
"GET /api/leaderboard-data/?class_id=3 HTTP/1.1" 200 579
"GET /api/leaderboard-data/?class_id=3 HTTP/1.1" 200 579
"GET /api/leaderboard-data/?class_id=3 HTTP/1.1" 200 579
"GET /api/leaderboard-data/?class_id=3 HTTP/1.1" 200 579
"GET /leaderboard/?class_id=3 HTTP/1.1" 200 53508
"GET /static/js/core/popper.min.js HTTP/1.1" 404 1822
"GET /static/js/core/bootstrap.min.js HTTP/1.1" 404 1831
"GET /static/js/plugins/smooth-scrollbar.min.js HTTP/1.1" 404 1861
"GET /static/js/plugins/perfect-scrollbar.min.js HTTP/1.1" 404 1864
"GET /static/js/plugins/chartjs.min.js HTTP/1.1" 404 1834
"GET /static/js/argon-dashboard.min.js HTTP/1.1" 404 1834
"GET /api/leaderboard-data/?class_id=3 HTTP/1.1" 200 579
"GET /api/leaderboard-data/?class_id=3 HTTP/1.1" 200 579
"GET /api/leaderboard-data/?class_id=3 HTTP/1.1" 200 579
"GET /api/leaderboard-data/?class_id=3 HTTP/1.1" 200 579
"GET /api/leaderboard-data/?class_id=3 HTTP/1.1" 200 579
"GET /api/leaderboard-data/?class_id=3 HTTP/1.1" 200 579
"GET /api/leaderboard-data/?class_id=3 HTTP/1.1" 200 579
"GET /api/leaderboard-data/?class_id=3 HTTP/1.1" 200 579
"GET /api/leaderboard-data/?class_id=3 HTTP/1.1" 200 579
"GET /api/leaderboard-data/?class_id=3 HTTP/1.1" 200 579
"GET /api/leaderboard-data/?class_id=3 HTTP/1.1" 200 579
"GET /api/leaderboard-data/?class_id=3 HTTP/1.1" 200 579
"GET /api/leaderboard-data/?class_id=3 HTTP/1.1" 200 579
"GET /api/leaderboard-data/?class_id=3 HTTP/1.1" 200 579
"GET /api/leaderboard-data/?class_id=3 HTTP/1.1" 200 579
"GET /api/leaderboard-data/?class_id=3 HTTP/1.1" 200 579
"GET /api/leaderboard-data/?class_id=3 HTTP/1.1" 200 579
"GET /api/leaderboard-data/?class_id=3 HTTP/1.1" 200 579
"GET /api/leaderboard-data/?class_id=3 HTTP/1.1" 200 579
"GET /api/leaderboard-data/?class_id=3 HTTP/1.1" 200 579
"GET /api/leaderboard-data/?class_id=3 HTTP/1.1" 200 579
"GET /api/leaderboard-data/?class_id=3 HTTP/1.1" 200 579
"GET /api/leaderboard-data/?class_id=3 HTTP/1.1" 200 579
"GET /api/leaderboard-data/?class_id=3 HTTP/1.1" 200 579
"GET /api/leaderboard-data/?class_id=3 HTTP/1.1" 200 579
"GET /api/leaderboard-data/?class_id=3 HTTP/1.1" 200 579
"GET /api/leaderboard-data/?class_id=3 HTTP/1.1" 200 579
"GET /api/leaderboard-data/?class_id=3 HTTP/1.1" 200 579
"GET /api/leaderboard-data/?class_id=3 HTTP/1.1" 200 579
"GET /api/leaderboard-data/?class_id=3 HTTP/1.1" 200 579
"GET /api/leaderboard-data/?class_id=3 HTTP/1.1" 200 579
"GET /api/leaderboard-data/?class_id=3 HTTP/1.1" 200 579
"GET /api/leaderboard-data/?class_id=3 HTTP/1.1" 200 579
"GET /api/leaderboard-data/?class_id=3 HTTP/1.1" 200 579
"GET /api/leaderboard-data/?class_id=3 HTTP/1.1" 200 579
"GET /api/leaderboard-data/?class_id=3 HTTP/1.1" 200 579
"GET /api/leaderboard-data/?class_id=3 HTTP/1.1" 200 579
"GET /api/leaderboard-data/?class_id=3 HTTP/1.1" 200 579
"GET /api/leaderboard-data/?class_id=3 HTTP/1.1" 200 579
"GET /api/leaderboard-data/?class_id=3 HTTP/1.1" 200 579
"GET /api/leaderboard-data/?class_id=3 HTTP/1.1" 200 579
"GET /api/leaderboard-data/?class_id=3 HTTP/1.1" 200 579
"GET /api/leaderboard-data/?class_id=3 HTTP/1.1" 200 579
"GET /api/leaderboard-data/?class_id=3 HTTP/1.1" 200 579
"GET /api/leaderboard-data/?class_id=3 HTTP/1.1" 200 579
"GET /api/leaderboard-data/?class_id=3 HTTP/1.1" 200 579
"GET /api/leaderboard-data/?class_id=3 HTTP/1.1" 200 579
"GET /api/leaderboard-data/?class_id=3 HTTP/1.1" 200 579
"GET /api/leaderboard-data/?class_id=3 HTTP/1.1" 200 579
"GET /api/leaderboard-data/?class_id=3 HTTP/1.1" 200 579
"GET /api/leaderboard-data/?class_id=3 HTTP/1.1" 200 579
"GET /api/leaderboard-data/?class_id=3 HTTP/1.1" 200 579
"GET /api/leaderboard-data/?class_id=3 HTTP/1.1" 200 579
"GET /api/leaderboard-data/?class_id=3 HTTP/1.1" 200 579
"GET /api/leaderboard-data/?class_id=3 HTTP/1.1" 200 579
"GET /api/leaderboard-data/?class_id=3 HTTP/1.1" 200 579
"GET /api/leaderboard-data/?class_id=3 HTTP/1.1" 200 579
"GET /api/leaderboard-data/?class_id=3 HTTP/1.1" 200 579
"GET /api/leaderboard-data/?class_id=3 HTTP/1.1" 200 579
"GET /api/leaderboard-data/?class_id=3 HTTP/1.1" 200 579
"GET /api/leaderboard-data/?class_id=3 HTTP/1.1" 200 579
"GET /api/leaderboard-data/?class_id=3 HTTP/1.1" 200 579
"GET /api/leaderboard-data/?class_id=3 HTTP/1.1" 200 579
"GET /api/leaderboard-data/?class_id=3 HTTP/1.1" 200 579
"GET /api/leaderboard-data/?class_id=3 HTTP/1.1" 200 579
"GET /api/leaderboard-data/?class_id=3 HTTP/1.1" 200 579
"GET /api/leaderboard-data/?class_id=3 HTTP/1.1" 200 579
"GET /api/leaderboard-data/?class_id=3 HTTP/1.1" 200 579
"GET /api/leaderboard-data/?class_id=3 HTTP/1.1" 200 579
"GET /api/leaderboard-data/?class_id=3 HTTP/1.1" 200 579
"GET /api/leaderboard-data/?class_id=3 HTTP/1.1" 200 579
"GET /api/leaderboard-data/?class_id=3 HTTP/1.1" 200 579
"GET /api/leaderboard-data/?class_id=3 HTTP/1.1" 200 579
"GET /api/leaderboard-data/?class_id=3 HTTP/1.1" 200 579
"GET /api/leaderboard-data/?class_id=3 HTTP/1.1" 200 579
"GET /api/leaderboard-data/?class_id=3 HTTP/1.1" 200 579
"GET /api/leaderboard-data/?class_id=3 HTTP/1.1" 200 579
"GET /api/leaderboard-data/?class_id=3 HTTP/1.1" 200 579
"GET /api/leaderboard-data/?class_id=3 HTTP/1.1" 200 579
"GET /api/leaderboard-data/?class_id=3 HTTP/1.1" 200 579
"GET /api/leaderboard-data/?class_id=3 HTTP/1.1" 200 579
"GET /api/leaderboard-data/?class_id=3 HTTP/1.1" 200 579
"GET /api/leaderboard-data/?class_id=3 HTTP/1.1" 200 579
"GET /api/leaderboard-data/?class_id=3 HTTP/1.1" 200 579
"GET /api/leaderboard-data/?class_id=3 HTTP/1.1" 200 579
"GET /api/leaderboard-data/?class_id=3 HTTP/1.1" 200 579
"GET /api/leaderboard-data/?class_id=3 HTTP/1.1" 200 579
"GET /api/leaderboard-data/?class_id=3 HTTP/1.1" 200 579
"GET /api/leaderboard-data/?class_id=3 HTTP/1.1" 200 579
"GET /api/leaderboard-data/?class_id=3 HTTP/1.1" 200 579
"GET /api/leaderboard-data/?class_id=3 HTTP/1.1" 200 579
"GET /api/leaderboard-data/?class_id=3 HTTP/1.1" 200 579
"GET /api/leaderboard-data/?class_id=3 HTTP/1.1" 200 579
"GET /api/leaderboard-data/?class_id=3 HTTP/1.1" 200 579
"GET /api/leaderboard-data/?class_id=3 HTTP/1.1" 200 579
"GET /api/leaderboard-data/?class_id=3 HTTP/1.1" 200 579
"GET /api/leaderboard-data/?class_id=3 HTTP/1.1" 200 579
"GET /api/leaderboard-data/?class_id=3 HTTP/1.1" 200 579
"GET /api/leaderboard-data/?class_id=3 HTTP/1.1" 200 579
"GET /api/leaderboard-data/?class_id=3 HTTP/1.1" 200 579
"GET /api/leaderboard-data/?class_id=3 HTTP/1.1" 200 579
"GET /api/leaderboard-data/?class_id=3 HTTP/1.1" 200 579
"GET /api/leaderboard-data/?class_id=3 HTTP/1.1" 200 579
"GET /api/leaderboard-data/?class_id=3 HTTP/1.1" 200 579
"GET /api/leaderboard-data/?class_id=3 HTTP/1.1" 200 579
"GET /api/leaderboard-data/?class_id=3 HTTP/1.1" 200 579
"GET /api/leaderboard-data/?class_id=3 HTTP/1.1" 200 579
"GET /api/leaderboard-data/?class_id=3 HTTP/1.1" 200 579
"GET /api/leaderboard-data/?class_id=3 HTTP/1.1" 200 579
"GET /api/leaderboard-data/?class_id=3 HTTP/1.1" 200 579
"GET /api/leaderboard-data/?class_id=3 HTTP/1.1" 200 579
"GET /api/leaderboard-data/?class_id=3 HTTP/1.1" 200 579
"GET /api/leaderboard-data/?class_id=3 HTTP/1.1" 200 579
"GET /api/leaderboard-data/?class_id=3 HTTP/1.1" 200 579
"GET /api/leaderboard-data/?class_id=3 HTTP/1.1" 200 579
"GET /api/leaderboard-data/?class_id=3 HTTP/1.1" 200 579
"GET /api/leaderboard-data/?class_id=3 HTTP/1.1" 200 579
"GET /api/leaderboard-data/?class_id=3 HTTP/1.1" 200 579
"GET /api/leaderboard-data/?class_id=3 HTTP/1.1" 200 579
"GET /api/leaderboard-data/?class_id=3 HTTP/1.1" 200 579
"GET /api/leaderboard-data/?class_id=3 HTTP/1.1" 200 579
"GET /api/leaderboard-data/?class_id=3 HTTP/1.1" 200 579
"GET /api/leaderboard-data/?class_id=3 HTTP/1.1" 200 579
"GET /api/leaderboard-data/?class_id=3 HTTP/1.1" 200 579
"GET /api/leaderboard-data/?class_id=3 HTTP/1.1" 200 579
"GET /api/leaderboard-data/?class_id=3 HTTP/1.1" 200 579
"GET /api/leaderboard-data/?class_id=3 HTTP/1.1" 200 579
"GET /api/leaderboard-data/?class_id=3 HTTP/1.1" 200 579
"GET /api/leaderboard-data/?class_id=3 HTTP/1.1" 200 579
"GET /api/leaderboard-data/?class_id=3 HTTP/1.1" 200 579
"GET /api/leaderboard-data/?class_id=3 HTTP/1.1" 200 579
"GET /api/leaderboard-data/?class_id=3 HTTP/1.1" 200 579
"GET /api/leaderboard-data/?class_id=3 HTTP/1.1" 200 579
"GET /api/leaderboard-data/?class_id=3 HTTP/1.1" 200 579
"GET /api/leaderboard-data/?class_id=3 HTTP/1.1" 200 579
"GET /api/leaderboard-data/?class_id=3 HTTP/1.1" 200 579
"GET /api/leaderboard-data/?class_id=3 HTTP/1.1" 200 579
"GET /api/leaderboard-data/?class_id=3 HTTP/1.1" 200 579
"GET /api/leaderboard-data/?class_id=3 HTTP/1.1" 200 579
"GET /api/leaderboard-data/?class_id=3 HTTP/1.1" 200 579
"GET /api/leaderboard-data/?class_id=3 HTTP/1.1" 200 579
"GET /api/leaderboard-data/?class_id=3 HTTP/1.1" 200 579
"GET /api/leaderboard-data/?class_id=3 HTTP/1.1" 200 579
"GET /api/leaderboard-data/?class_id=3 HTTP/1.1" 200 579
"GET /api/leaderboard-data/?class_id=3 HTTP/1.1" 200 579
"GET /api/leaderboard-data/?class_id=3 HTTP/1.1" 200 579
"GET /api/leaderboard-data/?class_id=3 HTTP/1.1" 200 579
"GET /api/leaderboard-data/?class_id=3 HTTP/1.1" 200 579
"GET /api/leaderboard-data/?class_id=3 HTTP/1.1" 200 579
"GET /api/leaderboard-data/?class_id=3 HTTP/1.1" 200 579
"GET /api/leaderboard-data/?class_id=3 HTTP/1.1" 200 579
"GET /api/leaderboard-data/?class_id=3 HTTP/1.1" 200 579
"GET /api/leaderboard-data/?class_id=3 HTTP/1.1" 200 579
"GET /api/leaderboard-data/?class_id=3 HTTP/1.1" 200 579
"GET /api/leaderboard-data/?class_id=3 HTTP/1.1" 200 579
"GET /api/leaderboard-data/?class_id=3 HTTP/1.1" 200 579
"GET /api/leaderboard-data/?class_id=3 HTTP/1.1" 200 579
"GET /api/leaderboard-data/?class_id=3 HTTP/1.1" 200 579
"GET /api/leaderboard-data/?class_id=3 HTTP/1.1" 200 579
"GET /api/leaderboard-data/?class_id=3 HTTP/1.1" 200 579
"GET /api/leaderboard-data/?class_id=3 HTTP/1.1" 200 579
"GET /api/leaderboard-data/?class_id=3 HTTP/1.1" 200 579
"GET /api/leaderboard-data/?class_id=3 HTTP/1.1" 200 579
"GET /api/leaderboard-data/?class_id=3 HTTP/1.1" 200 579
"GET /api/leaderboard-data/?class_id=3 HTTP/1.1" 200 579
"GET /api/leaderboard-data/?class_id=3 HTTP/1.1" 200 579
"GET /api/leaderboard-data/?class_id=3 HTTP/1.1" 200 579
"GET /api/leaderboard-data/?class_id=3 HTTP/1.1" 200 579
"GET /api/leaderboard-data/?class_id=3 HTTP/1.1" 200 579
"GET /api/leaderboard-data/?class_id=3 HTTP/1.1" 200 579
"GET /api/leaderboard-data/?class_id=3 HTTP/1.1" 200 579
"GET /api/leaderboard-data/?class_id=3 HTTP/1.1" 200 579
"GET /api/leaderboard-data/?class_id=3 HTTP/1.1" 200 579
"GET /api/leaderboard-data/?class_id=3 HTTP/1.1" 200 579
"GET /api/leaderboard-data/?class_id=3 HTTP/1.1" 200 579
"GET /api/leaderboard-data/?class_id=3 HTTP/1.1" 200 579
"GET /api/leaderboard-data/?class_id=3 HTTP/1.1" 200 579
"GET /api/leaderboard-data/?class_id=3 HTTP/1.1" 200 579
"GET /api/leaderboard-data/?class_id=3 HTTP/1.1" 200 579
"GET /api/leaderboard-data/?class_id=3 HTTP/1.1" 200 579
"GET /api/leaderboard-data/?class_id=3 HTTP/1.1" 200 579
"GET /api/leaderboard-data/?class_id=3 HTTP/1.1" 200 579
"GET /api/leaderboard-data/?class_id=3 HTTP/1.1" 200 579
"GET /api/leaderboard-data/?class_id=3 HTTP/1.1" 200 579
"GET /api/leaderboard-data/?class_id=3 HTTP/1.1" 200 579
"GET /api/leaderboard-data/?class_id=3 HTTP/1.1" 200 579
"GET /api/leaderboard-data/?class_id=3 HTTP/1.1" 200 579
"GET /api/leaderboard-data/?class_id=3 HTTP/1.1" 200 579
"GET /api/leaderboard-data/?class_id=3 HTTP/1.1" 200 579
"GET /api/leaderboard-data/?class_id=3 HTTP/1.1" 200 579
"GET /api/leaderboard-data/?class_id=3 HTTP/1.1" 200 579
"GET /api/leaderboard-data/?class_id=3 HTTP/1.1" 200 579
"GET /api/leaderboard-data/?class_id=3 HTTP/1.1" 200 579
"GET /api/leaderboard-data/?class_id=3 HTTP/1.1" 200 579
"GET /api/leaderboard-data/?class_id=3 HTTP/1.1" 200 579
"GET /api/leaderboard-data/?class_id=3 HTTP/1.1" 200 579
"GET /api/leaderboard-data/?class_id=3 HTTP/1.1" 200 579
"GET /api/leaderboard-data/?class_id=3 HTTP/1.1" 200 579
"GET /api/leaderboard-data/?class_id=3 HTTP/1.1" 200 579
"GET /leaderboard/?class_id=3 HTTP/1.1" 200 53508
"GET /static/js/core/bootstrap.min.js HTTP/1.1" 404 1831
"GET /static/js/core/popper.min.js HTTP/1.1" 404 1822
"GET /static/js/plugins/perfect-scrollbar.min.js HTTP/1.1" 404 1864
"GET /static/js/plugins/smooth-scrollbar.min.js HTTP/1.1" 404 1861
"GET /static/js/plugins/chartjs.min.js HTTP/1.1" 404 1834
"GET /static/js/argon-dashboard.min.js HTTP/1.1" 404 1834
"GET /api/leaderboard-data/?class_id=3 HTTP/1.1" 200 579
"GET /media/profile_pic/9d19fa5a-b873-469d-8372-7f4957e1f4ec.jpg HTTP/1.1" 304 0
"GET /api/leaderboard-data/?class_id=3 HTTP/1.1" 200 579
"GET /api/leaderboard-data/?class_id=3 HTTP/1.1" 200 579
"GET /login/?next=/ HTTP/1.1" 200 42793
"GET /static/js/plugins/smooth-scrollbar.min.js HTTP/1.1" 404 1865
"GET /static/js/core/popper.min.js HTTP/1.1" 404 1826
"GET /static/js/core/bootstrap.min.js HTTP/1.1" 404 1835
"GET /static/js/plugins/perfect-scrollbar.min.js HTTP/1.1" 404 1868
"GET /static/js/argon-dashboard.min.js HTTP/1.1" 404 1838
"GET /static/js/plugins/chartjs.min.js HTTP/1.1" 404 1838
"GET /static/img/loadingIcon.webp HTTP/1.1" 200 42646
"GET /static/img/PCodeLogo.svg HTTP/1.1" 200 12486
"GET /static/img/image.png HTTP/1.1" 404 1802
"GET /login/?next=/ HTTP/1.1" 200 42793
"GET /static/img/favicon.ico HTTP/1.1" 200 4286
"GET / HTTP/1.1" 200 21605
"GET / HTTP/1.1" 200 21605
"GET /static/js/core/bootstrap.min.js HTTP/1.1" 404 1835
"GET /static/js/argon-dashboard.min.js HTTP/1.1" 404 1838
"GET /static/js/core/popper.min.js HTTP/1.1" 404 1826
"GET /static/js/plugins/perfect-scrollbar.min.js HTTP/1.1" 404 1868
"GET /static/js/plugins/smooth-scrollbar.min.js HTTP/1.1" 404 1865
"GET /static/js/plugins/chartjs.min.js HTTP/1.1" 404 1838
"GET / HTTP/1.1" 200 21605
"POST /login/ HTTP/1.1" 302 0
"GET /StudentDashboard/ HTTP/1.1" 200 53664
"GET /static/img/studenthaticon.png HTTP/1.1" 200 8381
"GET /static/js/core/popper.min.js HTTP/1.1" 404 1826
"GET /static/js/plugins/perfect-scrollbar.min.js HTTP/1.1" 404 1868
"GET /static/js/core/bootstrap.min.js HTTP/1.1" 404 1835
"GET /static/js/plugins/smooth-scrollbar.min.js HTTP/1.1" 404 1865
"GET /media/profile_pic/9d19fa5a-b873-469d-8372-7f4957e1f4ec.jpg HTTP/1.1" 200 282651
"GET /static/js/plugins/chartjs.min.js HTTP/1.1" 404 1838
"GET /static/js/argon-dashboard.min.js HTTP/1.1" 404 1838
"GET /static/img/progressIcon.png HTTP/1.1" 200 181081
"GET /static/img/PendingIC.png HTTP/1.1" 200 293839
"GET /static/img/star.png HTTP/1.1" 200 22289
"GET /static/img/1stCup.svg HTTP/1.1" 200 650077
"GET /media/class_icons/unnamed.jpg HTTP/1.1" 200 66155
"GET /media/class_icons/Gemini_Generated_Image_tqim57tqim57tqim_FDzubHJ.png HTTP/1.1" 200 1261532
"GET /StudentDashboard/ HTTP/1.1" 200 53186
"GET /static/js/core/popper.min.js HTTP/1.1" 404 1826
"GET /static/js/plugins/perfect-scrollbar.min.js HTTP/1.1" 404 1868
"GET /static/js/core/bootstrap.min.js HTTP/1.1" 404 1835
"GET /static/js/plugins/smooth-scrollbar.min.js HTTP/1.1" 404 1865
"GET /static/js/plugins/chartjs.min.js HTTP/1.1" 404 1838
"GET /static/js/argon-dashboard.min.js HTTP/1.1" 404 1838
"GET /leaderboard/ HTTP/1.1" 200 53595
"GET /static/js/core/popper.min.js HTTP/1.1" 404 1826
"GET /static/js/core/bootstrap.min.js HTTP/1.1" 404 1835
"GET /static/js/plugins/smooth-scrollbar.min.js HTTP/1.1" 404 1865
"GET /static/js/plugins/perfect-scrollbar.min.js HTTP/1.1" 404 1868
"GET /static/js/argon-dashboard.min.js HTTP/1.1" 404 1838
"GET /static/js/plugins/chartjs.min.js HTTP/1.1" 404 1838
"GET /api/leaderboard-data/? HTTP/1.1" 200 534
"GET /media/profile_pic/default.png HTTP/1.1" 200 298184
"GET /api/leaderboard-data/? HTTP/1.1" 200 534
"GET /StudentDashboard/ HTTP/1.1" 302 0
"GET /?next=/StudentDashboard/ HTTP/1.1" 200 21605
"GET /static/img/loadingIcon.webp HTTP/1.1" 200 42646
"GET /static/img/PCodeLogo.svg HTTP/1.1" 200 12486
"GET /static/js/core/bootstrap.min.js HTTP/1.1" 404 1835
"GET /static/js/core/popper.min.js HTTP/1.1" 404 1826
"GET /static/js/plugins/perfect-scrollbar.min.js HTTP/1.1" 404 1868
"GET /static/js/plugins/smooth-scrollbar.min.js HTTP/1.1" 404 1865
"GET /static/js/plugins/chartjs.min.js HTTP/1.1" 404 1838
"GET /static/js/argon-dashboard.min.js HTTP/1.1" 404 1838
"GET /?next=/StudentDashboard/ HTTP/1.1" 200 21605
"GET /?next=/StudentDashboard/ HTTP/1.1" 200 21605
"GET /static/img/favicon.ico HTTP/1.1" 200 4286
"POST /login/ HTTP/1.1" 302 0
"GET /StudentDashboard/ HTTP/1.1" 200 53668
"GET /static/js/core/popper.min.js HTTP/1.1" 404 1826
"GET /static/img/studenthaticon.png HTTP/1.1" 200 8381
"GET /static/js/core/bootstrap.min.js HTTP/1.1" 404 1835
"GET /static/js/plugins/perfect-scrollbar.min.js HTTP/1.1" 404 1868
"GET /static/js/plugins/smooth-scrollbar.min.js HTTP/1.1" 404 1865
"GET /static/js/plugins/chartjs.min.js HTTP/1.1" 404 1838
"GET /static/js/argon-dashboard.min.js HTTP/1.1" 404 1838
"GET /media/profile_pic/9d19fa5a-b873-469d-8372-7f4957e1f4ec.jpg HTTP/1.1" 200 282651
"GET /static/img/progressIcon.png HTTP/1.1" 200 181081
"GET /static/img/PendingIC.png HTTP/1.1" 200 293839
"GET /static/img/star.png HTTP/1.1" 200 22289
"GET /static/img/1stCup.svg HTTP/1.1" 200 650077
"GET /media/class_icons/unnamed.jpg HTTP/1.1" 200 66155
"GET /media/class_icons/Gemini_Generated_Image_tqim57tqim57tqim_FDzubHJ.png HTTP/1.1" 200 1261532
"GET /leaderboard/ HTTP/1.1" 200 53595
"GET /static/js/plugins/perfect-scrollbar.min.js HTTP/1.1" 404 1868
"GET /static/js/core/popper.min.js HTTP/1.1" 404 1826
"GET /static/js/plugins/smooth-scrollbar.min.js HTTP/1.1" 404 1865
"GET /static/js/core/bootstrap.min.js HTTP/1.1" 404 1835
"GET /static/js/plugins/chartjs.min.js HTTP/1.1" 404 1838
"GET /static/js/argon-dashboard.min.js HTTP/1.1" 404 1838
"GET /api/leaderboard-data/? HTTP/1.1" 200 534
"GET /media/profile_pic/default.png HTTP/1.1" 200 298184
"GET /api/leaderboard-data/? HTTP/1.1" 200 534
"GET /api/leaderboard-data/? HTTP/1.1" 200 534
"GET /api/leaderboard-data/? HTTP/1.1" 200 534
"GET /api/leaderboard-data/? HTTP/1.1" 200 534
"GET /api/leaderboard-data/? HTTP/1.1" 200 534
"GET /classes/ HTTP/1.1" 200 43233
"GET /static/img/search.png HTTP/1.1" 200 30429
"GET /static/js/core/bootstrap.min.js HTTP/1.1" 404 1835
"GET /static/js/plugins/smooth-scrollbar.min.js HTTP/1.1" 404 1865
"GET /static/js/core/popper.min.js HTTP/1.1" 404 1826
"GET /static/js/plugins/chartjs.min.js HTTP/1.1" 404 1838
"GET /static/js/plugins/perfect-scrollbar.min.js HTTP/1.1" 404 1868
"GET /static/js/argon-dashboard.min.js HTTP/1.1" 404 1838
"GET /static/img/plusIcon.png HTTP/1.1" 200 68669
"GET /student/class/4/ HTTP/1.1" 200 46674
"GET /static/js/core/popper.min.js HTTP/1.1" 404 1826
"GET /static/js/core/bootstrap.min.js HTTP/1.1" 404 1835
"GET /static/js/plugins/smooth-scrollbar.min.js HTTP/1.1" 404 1865
"GET /static/js/plugins/perfect-scrollbar.min.js HTTP/1.1" 404 1868
"GET /static/js/plugins/chartjs.min.js HTTP/1.1" 404 1838
"GET /static/js/argon-dashboard.min.js HTTP/1.1" 404 1838
"GET /problem/4/details/ HTTP/1.1" 200 321
"GET /StudentDashboard/ HTTP/1.1" 200 53186
"GET /static/js/core/popper.min.js HTTP/1.1" 404 1826
"GET /static/js/core/bootstrap.min.js HTTP/1.1" 404 1835
"GET /static/js/plugins/perfect-scrollbar.min.js HTTP/1.1" 404 1868
"GET /static/js/plugins/smooth-scrollbar.min.js HTTP/1.1" 404 1865
"GET /static/js/plugins/chartjs.min.js HTTP/1.1" 404 1838
"GET /static/js/argon-dashboard.min.js HTTP/1.1" 404 1838
"GET /classes/ HTTP/1.1" 200 43233
"GET /static/js/core/popper.min.js HTTP/1.1" 404 1826
"GET /static/js/plugins/smooth-scrollbar.min.js HTTP/1.1" 404 1865
"GET /static/js/plugins/perfect-scrollbar.min.js HTTP/1.1" 404 1868
"GET /static/js/argon-dashboard.min.js HTTP/1.1" 404 1838
"GET /static/js/core/bootstrap.min.js HTTP/1.1" 404 1835
"GET /static/js/plugins/chartjs.min.js HTTP/1.1" 404 1838
"GET /student/class/3/ HTTP/1.1" 200 63959
"GET /static/js/core/popper.min.js HTTP/1.1" 404 1826
"GET /static/js/core/bootstrap.min.js HTTP/1.1" 404 1835
"GET /static/js/plugins/perfect-scrollbar.min.js HTTP/1.1" 404 1868
"GET /static/js/argon-dashboard.min.js HTTP/1.1" 404 1838
"GET /static/js/plugins/smooth-scrollbar.min.js HTTP/1.1" 404 1865
"GET /static/js/plugins/chartjs.min.js HTTP/1.1" 404 1838
"GET /student/class/3/?filter= HTTP/1.1" 200 63959
"GET /static/js/core/popper.min.js HTTP/1.1" 404 1826
"GET /static/js/core/bootstrap.min.js HTTP/1.1" 404 1835
"GET /static/js/argon-dashboard.min.js HTTP/1.1" 404 1838
"GET /static/js/plugins/perfect-scrollbar.min.js HTTP/1.1" 404 1868
"GET /static/js/plugins/smooth-scrollbar.min.js HTTP/1.1" 404 1865
"GET /static/js/plugins/chartjs.min.js HTTP/1.1" 404 1838
"GET /StudentDashboard/ HTTP/1.1" 200 53186
"GET /static/js/core/popper.min.js HTTP/1.1" 404 1826
"GET /static/js/core/bootstrap.min.js HTTP/1.1" 404 1835
"GET /static/js/plugins/perfect-scrollbar.min.js HTTP/1.1" 404 1868
"GET /static/js/plugins/chartjs.min.js HTTP/1.1" 404 1838
"GET /static/js/argon-dashboard.min.js HTTP/1.1" 404 1838
"GET /static/js/plugins/smooth-scrollbar.min.js HTTP/1.1" 404 1865
"GET /classes/ HTTP/1.1" 200 43233
"GET /static/js/core/popper.min.js HTTP/1.1" 404 1826
"GET /static/js/core/bootstrap.min.js HTTP/1.1" 404 1835
"GET /static/js/plugins/perfect-scrollbar.min.js HTTP/1.1" 404 1868
"GET /static/js/plugins/chartjs.min.js HTTP/1.1" 404 1838
"GET /static/js/plugins/smooth-scrollbar.min.js HTTP/1.1" 404 1865
"GET /static/js/argon-dashboard.min.js HTTP/1.1" 404 1838
"GET /code-playground/ HTTP/1.1" 200 81672
"GET /static/js/core/bootstrap.min.js HTTP/1.1" 404 1835
"GET /static/js/core/popper.min.js HTTP/1.1" 404 1826
"GET /static/js/plugins/perfect-scrollbar.min.js HTTP/1.1" 404 1868
"GET /static/js/plugins/smooth-scrollbar.min.js HTTP/1.1" 404 1865
"GET /static/js/plugins/chartjs.min.js HTTP/1.1" 404 1838
"GET /static/js/argon-dashboard.min.js HTTP/1.1" 404 1838
"GET /load-chat-history/ HTTP/1.1" 200 16
"GET /get-usage-stats/ HTTP/1.1" 200 241
"GET /get-usage-stats/ HTTP/1.1" 200 241
AFC is enabled with max remote calls: 10.
"GET /get-usage-stats/ HTTP/1.1" 200 241
HTTP Request: POST https://generativelanguage.googleapis.com/v1beta/models/gemini-2.5-flash-lite:streamGenerateContent?alt=sse "HTTP/1.1 200 OK"
"POST /ai-chat-stream/ HTTP/1.1" 200 123
"GET /get-usage-stats/ HTTP/1.1" 200 241
"GET /StudentDashboard/ HTTP/1.1" 200 53186
"GET /static/js/core/popper.min.js HTTP/1.1" 404 1826
"GET /static/js/argon-dashboard.min.js HTTP/1.1" 404 1838
"GET /static/js/plugins/smooth-scrollbar.min.js HTTP/1.1" 404 1865
"GET /static/js/plugins/perfect-scrollbar.min.js HTTP/1.1" 404 1868
"GET /static/js/core/bootstrap.min.js HTTP/1.1" 404 1835
"GET /static/js/plugins/chartjs.min.js HTTP/1.1" 404 1838
"GET / HTTP/1.1" 302 0
"GET /StudentDashboard/ HTTP/1.1" 200 53186
"GET /media/profile_pic/9d19fa5a-b873-469d-8372-7f4957e1f4ec.jpg HTTP/1.1" 304 0
"GET /static/js/core/popper.min.js HTTP/1.1" 404 1822
"GET /static/js/core/bootstrap.min.js HTTP/1.1" 404 1831
"GET /static/js/plugins/perfect-scrollbar.min.js HTTP/1.1" 404 1864
"GET /static/js/plugins/smooth-scrollbar.min.js HTTP/1.1" 404 1861
"GET /static/js/plugins/chartjs.min.js HTTP/1.1" 404 1834
"GET /static/js/argon-dashboard.min.js HTTP/1.1" 404 1834
"GET /media/class_icons/unnamed.jpg HTTP/1.1" 304 0
"GET /media/class_icons/Gemini_Generated_Image_tqim57tqim57tqim_FDzubHJ.png HTTP/1.1" 304 0
Not Found: /.well-known/appspecific/com.chrome.devtools.json
"GET /.well-known/appspecific/com.chrome.devtools.json HTTP/1.1" 404 9825
"GET /StudentDashboard/ HTTP/1.1" 200 56218
"GET /static/js/core/popper.min.js HTTP/1.1" 404 1822
"GET /static/js/core/bootstrap.min.js HTTP/1.1" 404 1831
"GET /static/js/plugins/perfect-scrollbar.min.js HTTP/1.1" 404 1864
"GET /static/js/plugins/smooth-scrollbar.min.js HTTP/1.1" 404 1861
"GET /static/js/plugins/chartjs.min.js HTTP/1.1" 404 1834
"GET /static/js/argon-dashboard.min.js HTTP/1.1" 404 1834
Not Found: /api/student/total-exp/
"GET /api/student/total-exp/ HTTP/1.1" 404 9747
"GET /leaderboard/ HTTP/1.1" 200 53595
"GET /static/js/core/bootstrap.min.js HTTP/1.1" 404 1831
"GET /static/js/core/popper.min.js HTTP/1.1" 404 1822
"GET /static/js/plugins/perfect-scrollbar.min.js HTTP/1.1" 404 1864
"GET /static/js/plugins/smooth-scrollbar.min.js HTTP/1.1" 404 1861
"GET /static/js/plugins/chartjs.min.js HTTP/1.1" 404 1834
"GET /static/js/argon-dashboard.min.js HTTP/1.1" 404 1834
"GET /api/leaderboard-data/? HTTP/1.1" 200 534
"GET /media/profile_pic/default.png HTTP/1.1" 200 298184
"GET /StudentDashboard/ HTTP/1.1" 200 56218
"GET /static/js/core/popper.min.js HTTP/1.1" 404 1822
"GET /static/js/core/bootstrap.min.js HTTP/1.1" 404 1831
"GET /static/js/plugins/perfect-scrollbar.min.js HTTP/1.1" 404 1864
"GET /static/js/plugins/smooth-scrollbar.min.js HTTP/1.1" 404 1861
"GET /static/js/plugins/chartjs.min.js HTTP/1.1" 404 1834
"GET /static/js/argon-dashboard.min.js HTTP/1.1" 404 1834
Not Found: /api/student/total-exp/
"GET /api/student/total-exp/ HTTP/1.1" 404 9747
Not Found: /.well-known/appspecific/com.chrome.devtools.json
"GET /.well-known/appspecific/com.chrome.devtools.json HTTP/1.1" 404 9825
"GET / HTTP/1.1" 302 0
"GET /StudentDashboard/ HTTP/1.1" 200 56218
"GET /static/img/loadingIcon.webp HTTP/1.1" 200 42646
"GET /static/img/PCodeLogo.svg HTTP/1.1" 200 12486
"GET /media/profile_pic/9d19fa5a-b873-469d-8372-7f4957e1f4ec.jpg HTTP/1.1" 200 282651
"GET /static/img/studenthaticon.png HTTP/1.1" 200 8381
"GET /static/js/core/popper.min.js HTTP/1.1" 404 1822
"GET /static/js/core/bootstrap.min.js HTTP/1.1" 404 1831
"GET /static/js/plugins/perfect-scrollbar.min.js HTTP/1.1" 404 1864
"GET /static/js/plugins/smooth-scrollbar.min.js HTTP/1.1" 404 1861
"GET /static/js/plugins/chartjs.min.js HTTP/1.1" 404 1834
"GET /static/js/argon-dashboard.min.js HTTP/1.1" 404 1834
"GET /static/img/progressIcon.png HTTP/1.1" 200 181081
"GET /static/img/PendingIC.png HTTP/1.1" 200 293839
"GET /static/img/1stCup.svg HTTP/1.1" 200 650077
"GET /static/img/star.png HTTP/1.1" 200 22289
"GET /media/class_icons/unnamed.jpg HTTP/1.1" 200 66155
"GET /media/class_icons/Gemini_Generated_Image_tqim57tqim57tqim_FDzubHJ.png HTTP/1.1" 200 1261532
"GET /static/img/favicon.ico HTTP/1.1" 200 4286
Not Found: /api/student/total-exp/
"GET /api/student/total-exp/ HTTP/1.1" 404 9747
"POST /logout/ HTTP/1.1" 302 0
"GET / HTTP/1.1" 200 22101
"GET /static/js/core/popper.min.js HTTP/1.1" 404 1822
"GET /static/js/core/bootstrap.min.js HTTP/1.1" 404 1831
"GET /static/js/plugins/perfect-scrollbar.min.js HTTP/1.1" 404 1864
"GET /static/js/plugins/smooth-scrollbar.min.js HTTP/1.1" 404 1861
"GET /static/js/plugins/chartjs.min.js HTTP/1.1" 404 1834
"GET /static/js/argon-dashboard.min.js HTTP/1.1" 404 1834
"GET / HTTP/1.1" 200 21605
"POST /login/ HTTP/1.1" 302 0
"GET /dashboard/ HTTP/1.1" 200 57192
"GET /media/profile_pic/default.png HTTP/1.1" 200 298184
"GET /static/js/core/popper.min.js HTTP/1.1" 404 1822
"GET /static/img/teacherwand.png HTTP/1.1" 200 16015
"GET /static/js/core/bootstrap.min.js HTTP/1.1" 404 1831
"GET /static/js/plugins/perfect-scrollbar.min.js HTTP/1.1" 404 1864
"GET /static/js/plugins/smooth-scrollbar.min.js HTTP/1.1" 404 1861
"GET /static/js/plugins/chartjs.min.js HTTP/1.1" 404 1834
"GET /static/js/argon-dashboard.min.js HTTP/1.1" 404 1834
"GET /dashboard/ HTTP/1.1" 200 56707
Not Found: /.well-known/appspecific/com.chrome.devtools.json
"GET /.well-known/appspecific/com.chrome.devtools.json HTTP/1.1" 404 9825
C:\Users\Chenchen\OneDrive\Documents\GitHub\DjangoProject\PauliCode\User\views.py changed, reloading.
Watching for file changes with StatReloader
C:\Users\Chenchen\OneDrive\Documents\GitHub\DjangoProject\PauliCode\User\urls.py changed, reloading.
Watching for file changes with StatReloader
"GET /StudentDashboard/ HTTP/1.1" 200 56218
"GET /static/js/core/popper.min.js HTTP/1.1" 404 1822
"GET /static/js/core/bootstrap.min.js HTTP/1.1" 404 1831
"GET /static/js/plugins/perfect-scrollbar.min.js HTTP/1.1" 404 1864
"GET /static/js/plugins/smooth-scrollbar.min.js HTTP/1.1" 404 1861
"GET /static/js/plugins/chartjs.min.js HTTP/1.1" 404 1834
"GET /static/js/argon-dashboard.min.js HTTP/1.1" 404 1834
"GET /api/student/total-exp/ HTTP/1.1" 200 82
"GET /leaderboard/ HTTP/1.1" 200 53595
"GET /static/js/core/bootstrap.min.js HTTP/1.1" 404 1831
"GET /static/js/core/popper.min.js HTTP/1.1" 404 1822
"GET /static/js/plugins/perfect-scrollbar.min.js HTTP/1.1" 404 1864
"GET /static/js/plugins/smooth-scrollbar.min.js HTTP/1.1" 404 1861
"GET /static/js/plugins/chartjs.min.js HTTP/1.1" 404 1834
"GET /static/js/argon-dashboard.min.js HTTP/1.1" 404 1834
"GET /api/leaderboard-data/? HTTP/1.1" 200 534
"GET /api/leaderboard-data/? HTTP/1.1" 200 534
"GET /api/leaderboard-data/? HTTP/1.1" 200 534
"GET /api/leaderboard-data/? HTTP/1.1" 200 534
"GET /api/leaderboard-data/? HTTP/1.1" 200 534
"GET /api/leaderboard-data/? HTTP/1.1" 200 534
"GET /leaderboard/ HTTP/1.1" 200 53595
"GET /static/js/core/popper.min.js HTTP/1.1" 404 1822
"GET /static/js/core/bootstrap.min.js HTTP/1.1" 404 1831
"GET /static/js/plugins/perfect-scrollbar.min.js HTTP/1.1" 404 1864
"GET /static/js/plugins/smooth-scrollbar.min.js HTTP/1.1" 404 1861
"GET /static/js/plugins/chartjs.min.js HTTP/1.1" 404 1834
"GET /static/js/argon-dashboard.min.js HTTP/1.1" 404 1834
"GET /api/leaderboard-data/? HTTP/1.1" 200 534
"GET /StudentDashboard/ HTTP/1.1" 200 56565
"GET /static/js/core/popper.min.js HTTP/1.1" 404 1822
"GET /static/js/core/bootstrap.min.js HTTP/1.1" 404 1831
"GET /static/js/plugins/perfect-scrollbar.min.js HTTP/1.1" 404 1864
"GET /static/js/plugins/smooth-scrollbar.min.js HTTP/1.1" 404 1861
"GET /static/js/plugins/chartjs.min.js HTTP/1.1" 404 1834
"GET /static/js/argon-dashboard.min.js HTTP/1.1" 404 1834
"GET /api/student/total-exp/ HTTP/1.1" 200 82
"GET /StudentDashboard/ HTTP/1.1" 200 58477
"GET /static/js/core/popper.min.js HTTP/1.1" 404 1822
"GET /static/js/core/bootstrap.min.js HTTP/1.1" 404 1831
"GET /static/js/plugins/perfect-scrollbar.min.js HTTP/1.1" 404 1864
"GET /static/js/plugins/smooth-scrollbar.min.js HTTP/1.1" 404 1861
"GET /static/js/plugins/chartjs.min.js HTTP/1.1" 404 1834
"GET /static/js/argon-dashboard.min.js HTTP/1.1" 404 1834
"GET /api/student/total-exp/ HTTP/1.1" 200 82
"GET /api/leaderboard-data/ HTTP/1.1" 200 534
"GET /StudentDashboard/ HTTP/1.1" 200 59149
"GET /static/js/core/popper.min.js HTTP/1.1" 404 1822
"GET /static/js/core/bootstrap.min.js HTTP/1.1" 404 1831
"GET /static/js/plugins/perfect-scrollbar.min.js HTTP/1.1" 404 1864
"GET /static/js/plugins/smooth-scrollbar.min.js HTTP/1.1" 404 1861
"GET /static/js/argon-dashboard.min.js HTTP/1.1" 404 1834
"GET /static/js/plugins/chartjs.min.js HTTP/1.1" 404 1834
"GET /api/student/total-exp/ HTTP/1.1" 200 82
"GET /api/leaderboard-data/ HTTP/1.1" 200 534
"GET /StudentDashboard/ HTTP/1.1" 200 59095
"GET /static/js/core/bootstrap.min.js HTTP/1.1" 404 1831
"GET /static/js/core/popper.min.js HTTP/1.1" 404 1822
"GET /static/js/plugins/perfect-scrollbar.min.js HTTP/1.1" 404 1864
"GET /static/js/plugins/smooth-scrollbar.min.js HTTP/1.1" 404 1861
"GET /static/js/argon-dashboard.min.js HTTP/1.1" 404 1834
"GET /static/js/plugins/chartjs.min.js HTTP/1.1" 404 1834
"GET /api/student/total-exp/ HTTP/1.1" 200 82
"GET /api/leaderboard-data/ HTTP/1.1" 200 534
"GET /code-playground/ HTTP/1.1" 200 81672
"GET /static/js/core/popper.min.js HTTP/1.1" 404 1822
"GET /static/js/core/bootstrap.min.js HTTP/1.1" 404 1831
"GET /static/js/plugins/perfect-scrollbar.min.js HTTP/1.1" 404 1864
"GET /static/js/plugins/smooth-scrollbar.min.js HTTP/1.1" 404 1861
"GET /static/js/plugins/chartjs.min.js HTTP/1.1" 404 1834
"GET /static/js/argon-dashboard.min.js HTTP/1.1" 404 1834
"GET /StudentDashboard/ HTTP/1.1" 200 59095
"GET /static/js/core/bootstrap.min.js HTTP/1.1" 404 1831
"GET /static/js/core/popper.min.js HTTP/1.1" 404 1822
"GET /static/js/plugins/smooth-scrollbar.min.js HTTP/1.1" 404 1861
"GET /static/js/plugins/perfect-scrollbar.min.js HTTP/1.1" 404 1864
"GET /static/js/plugins/chartjs.min.js HTTP/1.1" 404 1834
"GET /static/js/argon-dashboard.min.js HTTP/1.1" 404 1834
"GET /api/student/total-exp/ HTTP/1.1" 200 82
"GET /api/leaderboard-data/ HTTP/1.1" 200 534
"GET /StudentDashboard/ HTTP/1.1" 200 59265
"GET /static/js/core/popper.min.js HTTP/1.1" 404 1822
"GET /static/js/core/bootstrap.min.js HTTP/1.1" 404 1831
"GET /static/js/plugins/perfect-scrollbar.min.js HTTP/1.1" 404 1864
"GET /static/js/plugins/smooth-scrollbar.min.js HTTP/1.1" 404 1861
"GET /static/js/plugins/chartjs.min.js HTTP/1.1" 404 1834
"GET /static/js/argon-dashboard.min.js HTTP/1.1" 404 1834
"GET /api/student/total-exp/ HTTP/1.1" 200 82
"GET /api/leaderboard-data/ HTTP/1.1" 200 534
"GET /dashboard/ HTTP/1.1" 200 56843
"GET /static/js/core/popper.min.js HTTP/1.1" 404 1822
"GET /static/js/core/bootstrap.min.js HTTP/1.1" 404 1831
"GET /static/js/plugins/perfect-scrollbar.min.js HTTP/1.1" 404 1864
"GET /static/js/plugins/smooth-scrollbar.min.js HTTP/1.1" 404 1861
"GET /static/js/plugins/chartjs.min.js HTTP/1.1" 404 1834
"GET /static/js/argon-dashboard.min.js HTTP/1.1" 404 1834
"GET /dashboard/ HTTP/1.1" 200 56843
"GET /StudentDashboard/ HTTP/1.1" 200 59265
"GET /static/js/core/popper.min.js HTTP/1.1" 404 1822
"GET /static/js/core/bootstrap.min.js HTTP/1.1" 404 1831
"GET /static/js/plugins/perfect-scrollbar.min.js HTTP/1.1" 404 1864
"GET /static/js/plugins/smooth-scrollbar.min.js HTTP/1.1" 404 1861
"GET /static/js/argon-dashboard.min.js HTTP/1.1" 404 1834
"GET /static/js/plugins/chartjs.min.js HTTP/1.1" 404 1834
"GET /api/student/total-exp/ HTTP/1.1" 200 82
"GET /api/leaderboard-data/ HTTP/1.1" 200 534
"GET /code-playground/ HTTP/1.1" 200 81672
"GET /static/js/core/bootstrap.min.js HTTP/1.1" 404 1831
"GET /static/js/core/popper.min.js HTTP/1.1" 404 1822
"GET /static/js/plugins/perfect-scrollbar.min.js HTTP/1.1" 404 1864
"GET /static/js/plugins/smooth-scrollbar.min.js HTTP/1.1" 404 1861
"GET /static/js/plugins/chartjs.min.js HTTP/1.1" 404 1834
"GET /static/js/argon-dashboard.min.js HTTP/1.1" 404 1834
Not Found: /.well-known/appspecific/com.chrome.devtools.json
"GET /.well-known/appspecific/com.chrome.devtools.json HTTP/1.1" 404 10024
"GET /StudentDashboard/ HTTP/1.1" 200 59265
"GET /static/js/core/popper.min.js HTTP/1.1" 404 1822
Not Found: /.well-known/appspecific/com.chrome.devtools.json
"GET /static/js/core/bootstrap.min.js HTTP/1.1" 404 1831
"GET /.well-known/appspecific/com.chrome.devtools.json HTTP/1.1" 404 10024
"GET /static/js/plugins/perfect-scrollbar.min.js HTTP/1.1" 404 1864
"GET /static/js/plugins/smooth-scrollbar.min.js HTTP/1.1" 404 1861
"GET /static/js/plugins/chartjs.min.js HTTP/1.1" 404 1834
"GET /static/js/argon-dashboard.min.js HTTP/1.1" 404 1834
"GET /api/student/total-exp/ HTTP/1.1" 200 82
"GET /api/leaderboard-data/ HTTP/1.1" 200 534
"GET /StudentDashboard/ HTTP/1.1" 200 59265
"GET /static/js/core/popper.min.js HTTP/1.1" 404 1822
"GET /static/js/core/bootstrap.min.js HTTP/1.1" 404 1831
Not Found: /.well-known/appspecific/com.chrome.devtools.json
"GET /.well-known/appspecific/com.chrome.devtools.json HTTP/1.1" 404 10024
"GET /static/js/plugins/perfect-scrollbar.min.js HTTP/1.1" 404 1864
"GET /static/js/plugins/smooth-scrollbar.min.js HTTP/1.1" 404 1861
"GET /static/js/plugins/chartjs.min.js HTTP/1.1" 404 1834
"GET /static/js/argon-dashboard.min.js HTTP/1.1" 404 1834
"GET /api/student/total-exp/ HTTP/1.1" 200 82
"GET /api/leaderboard-data/ HTTP/1.1" 200 534
"GET /StudentDashboard/ HTTP/1.1" 200 59265
"GET /static/js/core/popper.min.js HTTP/1.1" 404 1822
"GET /static/js/core/bootstrap.min.js HTTP/1.1" 404 1831
"GET /static/js/plugins/perfect-scrollbar.min.js HTTP/1.1" 404 1864
"GET /static/js/plugins/smooth-scrollbar.min.js HTTP/1.1" 404 1861
Not Found: /.well-known/appspecific/com.chrome.devtools.json
"GET /.well-known/appspecific/com.chrome.devtools.json HTTP/1.1" 404 10024
"GET /static/js/plugins/chartjs.min.js HTTP/1.1" 404 1834
"GET /static/js/argon-dashboard.min.js HTTP/1.1" 404 1834
"GET /api/student/total-exp/ HTTP/1.1" 200 82
"GET /api/leaderboard-data/ HTTP/1.1" 200 534
"GET /StudentDashboard/ HTTP/1.1" 200 59265
"GET /static/js/core/popper.min.js HTTP/1.1" 404 1822
"GET /static/js/core/bootstrap.min.js HTTP/1.1" 404 1831
"GET /static/js/plugins/perfect-scrollbar.min.js HTTP/1.1" 404 1864
"GET /static/js/plugins/smooth-scrollbar.min.js HTTP/1.1" 404 1861
"GET /static/js/plugins/chartjs.min.js HTTP/1.1" 404 1834
"GET /static/js/argon-dashboard.min.js HTTP/1.1" 404 1834
"GET /api/student/total-exp/ HTTP/1.1" 200 82
"GET /api/leaderboard-data/ HTTP/1.1" 200 534
"GET /StudentDashboard/ HTTP/1.1" 200 59265
"GET /static/js/core/bootstrap.min.js HTTP/1.1" 404 1831
"GET /static/js/core/popper.min.js HTTP/1.1" 404 1822
"GET /static/js/plugins/perfect-scrollbar.min.js HTTP/1.1" 404 1864
"GET /static/js/plugins/smooth-scrollbar.min.js HTTP/1.1" 404 1861
"GET /static/js/plugins/chartjs.min.js HTTP/1.1" 404 1834
"GET /static/js/argon-dashboard.min.js HTTP/1.1" 404 1834
"GET /api/student/total-exp/ HTTP/1.1" 200 82
"GET /api/leaderboard-data/ HTTP/1.1" 200 534
Not Found: /.well-known/appspecific/com.chrome.devtools.json
"GET /.well-known/appspecific/com.chrome.devtools.json HTTP/1.1" 404 10024
Not Found: /.well-known/appspecific/com.chrome.devtools.json
"GET /.well-known/appspecific/com.chrome.devtools.json HTTP/1.1" 404 10024
"GET /StudentDashboard/ HTTP/1.1" 200 59003
"GET /static/js/plugins/chartjs.min.js HTTP/1.1" 404 1834
"GET /static/js/argon-dashboard.min.js HTTP/1.1" 404 1834
Not Found: /.well-known/appspecific/com.chrome.devtools.json
"GET /.well-known/appspecific/com.chrome.devtools.json HTTP/1.1" 404 10024
"GET /api/student/total-exp/ HTTP/1.1" 200 82
"GET /api/leaderboard-data/ HTTP/1.1" 200 534
"GET /StudentDashboard/ HTTP/1.1" 200 59003
"GET /static/js/argon-dashboard.min.js HTTP/1.1" 404 1834
"GET /static/js/plugins/chartjs.min.js HTTP/1.1" 404 1834
Not Found: /.well-known/appspecific/com.chrome.devtools.json
"GET /.well-known/appspecific/com.chrome.devtools.json HTTP/1.1" 404 10024
"GET /api/student/total-exp/ HTTP/1.1" 200 82
"GET /api/leaderboard-data/ HTTP/1.1" 200 534
"GET /StudentDashboard/ HTTP/1.1" 200 58829
Not Found: /.well-known/appspecific/com.chrome.devtools.json
"GET /.well-known/appspecific/com.chrome.devtools.json HTTP/1.1" 404 10024
"GET /api/student/total-exp/ HTTP/1.1" 200 82
"GET /api/leaderboard-data/ HTTP/1.1" 200 534
Not Found: /.well-known/appspecific/com.chrome.devtools.json
"GET /.well-known/appspecific/com.chrome.devtools.json HTTP/1.1" 404 10024
"GET /dashboard/ HTTP/1.1" 200 56407
Not Found: /.well-known/appspecific/com.chrome.devtools.json
"GET /.well-known/appspecific/com.chrome.devtools.json HTTP/1.1" 404 10024
"GET /dashboard/ HTTP/1.1" 200 56407
"GET /StudentDashboard/ HTTP/1.1" 200 58737
Not Found: /.well-known/appspecific/com.chrome.devtools.json
"GET /.well-known/appspecific/com.chrome.devtools.json HTTP/1.1" 404 10024
"GET /api/student/total-exp/ HTTP/1.1" 200 82
"GET /api/leaderboard-data/ HTTP/1.1" 200 534
"GET /classes/ HTTP/1.1" 200 42705
"GET /classes/ HTTP/1.1" 200 30739
"GET /classes/ HTTP/1.1" 200 42705
"GET /dashboard/ HTTP/1.1" 200 56315
Not Found: /.well-known/appspecific/com.chrome.devtools.json
"GET /.well-known/appspecific/com.chrome.devtools.json HTTP/1.1" 404 10024
"GET /dashboard/ HTTP/1.1" 200 56315
"GET /MyClasses/ HTTP/1.1" 200 71943
"GET /MyClasses/ HTTP/1.1" 200 71943
"GET /static/img/plusIcon.png HTTP/1.1" 200 68669
"GET /classes/ HTTP/1.1" 200 42705
"GET /StudentDashboard/ HTTP/1.1" 200 58737
"GET /api/student/total-exp/ HTTP/1.1" 200 82
"GET /api/leaderboard-data/ HTTP/1.1" 200 534
"GET /classes/ HTTP/1.1" 200 42705
"GET /student/class/4/ HTTP/1.1" 200 46146
"GET /report/ HTTP/1.1" 200 71752
"GET /delete_submission/11/ HTTP/1.1" 302 0
"GET /report/ HTTP/1.1" 200 70235
"GET /student/class/4/ HTTP/1.1" 200 45858
"GET /problem/4/details/ HTTP/1.1" 200 322
"GET /playground/4/ HTTP/1.1" 200 73034
Submission attempt for problem 4
Content-Type: application/json
Request body preview: {"problem_id":"4","code":"# Write your code here","language":"python","auto_submit":true,"reason":"Window lost focus"}
Parsed - Auto-submit: True, Reason: Window lost focus, Code length: 22
"POST /submit_problem/4/ HTTP/1.1" 200 235
"GET /student/class/4/ HTTP/1.1" 200 46146
"GET /report/ HTTP/1.1" 200 71764
"GET /delete_submission/16/ HTTP/1.1" 302 0
"GET /report/ HTTP/1.1" 200 70235
"GET /problem/4/details/ HTTP/1.1" 200 322
"GET /student/class/4/ HTTP/1.1" 200 45858
"GET /problem/4/details/ HTTP/1.1" 200 322
"GET /playground/4/ HTTP/1.1" 200 63737
Submission attempt for problem 4
Content-Type: application/json
Request body preview: {"problem_id":"4","code":"# Write your code here","language":"python","auto_submit":true,"reason":"Window lost focus"}
Parsed - Auto-submit: True, Reason: Window lost focus, Code length: 22
"GET /student/class/4/ HTTP/1.1" 200 45858
"POST /submit_problem/4/ HTTP/1.1" 200 235
"GET /student/class/4/ HTTP/1.1" 200 46146
"GET /problem/4/details/ HTTP/1.1" 200 321
"GET /student/class/4/ HTTP/1.1" 200 46146
"GET /report/ HTTP/1.1" 200 71764
"GET /delete_submission/17/ HTTP/1.1" 302 0
"GET /report/ HTTP/1.1" 200 70235
"GET /student/class/4/ HTTP/1.1" 200 45858
"GET /problem/4/details/ HTTP/1.1" 200 322
"GET /playground/4/ HTTP/1.1" 200 74271
Submission attempt for problem 4
Content-Type: application/json
Request body preview: {"problem_id":"4","code":"# Write your code here\ndef main():\n    # Your solution\n    pass\n\nif __name__ == \"__main__\":\n    main()","language":"python","auto_submit":true,"reason":"Window lost f
Parsed - Auto-submit: True, Reason: Window lost focus, Code length: 102
"POST /submit_problem/4/ HTTP/1.1" 200 235
"GET /student/class/4/ HTTP/1.1" 200 46146
"GET /report/ HTTP/1.1" 200 71914
"GET /delete_submission/18/ HTTP/1.1" 302 0
"GET /report/ HTTP/1.1" 200 70235
"GET /student/class/4/ HTTP/1.1" 200 45858
"GET /problem/4/details/ HTTP/1.1" 200 322
"GET /playground/4/ HTTP/1.1" 200 72039
Submission attempt for problem 4
Content-Type: application/json
Request body preview: {"problem_id":"4","code":"# Write your code here\ndef main():\n    # Your solution\n    pass\n\nif __name__ == \"__main__\":\n    main()","language":"python","auto_submit":true,"reason":"Time limit ex
Parsed - Auto-submit: True, Reason: Time limit exceeded, Code length: 102
"GET /student/class/4/ HTTP/1.1" 200 45858
"GET /report/ HTTP/1.1" 200 69737
"POST /submit_problem/4/ HTTP/1.1" 200 235
"GET /problem/4/details/ HTTP/1.1" 200 321
"GET /student/class/4/ HTTP/1.1" 200 46146
"GET /problem/4/details/ HTTP/1.1" 200 321
"GET /report/ HTTP/1.1" 200 71914
"GET /delete_submission/19/ HTTP/1.1" 302 0
"GET /report/ HTTP/1.1" 200 70235
"GET /student/class/4/ HTTP/1.1" 200 45858
"GET /problem/4/details/ HTTP/1.1" 200 322
"GET /playground/4/ HTTP/1.1" 200 72039
Submission attempt for problem 4
Content-Type: application/json
Request body preview: {"problem_id":"4","code":"# Write your code here\ndef main():\n    # Your solution\n    pass\n\nif __name__ == \"__main__\":\n    main()","language":"python","auto_submit":true,"reason":"Window lost f
Parsed - Auto-submit: True, Reason: Window lost focus, Code length: 102
"GET /student/class/4/ HTTP/1.1" 200 45858
"POST /submit_problem/4/ HTTP/1.1" 200 235
"GET /student/class/4/ HTTP/1.1" 200 46146
"GET /report/ HTTP/1.1" 200 71914
"GET /delete_submission/20/ HTTP/1.1" 302 0
"GET /report/ HTTP/1.1" 200 70235
"GET /student/class/4/ HTTP/1.1" 200 45858
"GET /problem/4/details/ HTTP/1.1" 200 322
"GET /playground/4/ HTTP/1.1" 200 70395
Submission attempt for problem 4
Content-Type: application/json
Request body preview: {"problem_id":"4","code":"# Write your code here\ndef main():\n    print(\"Bro\")\n    pass\n\nif __name__ == \"__main__\":\n    main()","language":"python","auto_submit":true,"reason":"Time limit exc
Parsed - Auto-submit: True, Reason: Time limit exceeded, Code length: 99
"GET /student/class/4/ HTTP/1.1" 200 45858
"POST /submit_problem/4/ HTTP/1.1" 200 235
"GET /report/ HTTP/1.1" 200 71913
"GET /delete_submission/21/ HTTP/1.1" 302 0
"GET /report/ HTTP/1.1" 200 70235
"GET /student/class/4/ HTTP/1.1" 200 45858
"GET /problem/4/details/ HTTP/1.1" 200 322
"GET /playground/4/ HTTP/1.1" 200 70395
Submission attempt for problem 4
Content-Type: application/json
Request body preview: {"problem_id":"4","code":"# Write your code here\ndef main():\n    print(\"Hello World\")\n    pass\n\nif __name__ == \"__main__\":\n    main()","language":"python","auto_submit":true,"reason":"Window
Parsed - Auto-submit: True, Reason: Window lost focus, Code length: 107
"POST /submit_problem/4/ HTTP/1.1" 200 235
"GET /playground/4/ HTTP/1.1" 302 0
"GET /student/class/4/ HTTP/1.1" 200 46639
"GET /report/ HTTP/1.1" 200 71923
"GET /delete_submission/22/ HTTP/1.1" 302 0
"GET /report/ HTTP/1.1" 200 70235
"GET /student/class/4/ HTTP/1.1" 200 45858
"GET /problem/4/details/ HTTP/1.1" 200 322
"GET /playground/4/ HTTP/1.1" 200 70373
Submission attempt for problem 4
Content-Type: application/json
Request body preview: {"problem_id":"4","code":"# Write your code here\ndef main():\n    # Your solution\n    pass\n\nif __name__ == \"__main__\":\n    main()","language":"python","auto_submit":true,"reason":"Window lost f
Parsed - Auto-submit: True, Reason: Window lost focus, Code length: 102
"GET /student/class/4/ HTTP/1.1" 200 45858
"POST /submit_problem/4/ HTTP/1.1" 200 235
"GET /report/ HTTP/1.1" 200 71914
Not Found: /.well-known/appspecific/com.chrome.devtools.json
"GET /.well-known/appspecific/com.chrome.devtools.json HTTP/1.1" 404 10024
"GET /MyClasses/ HTTP/1.1" 200 71943
Not Found: /.well-known/appspecific/com.chrome.devtools.json
"GET /.well-known/appspecific/com.chrome.devtools.json HTTP/1.1" 404 10024
"GET /MyClasses/ HTTP/1.1" 200 71943
C:\Users\Chenchen\OneDrive\Documents\GitHub\DjangoProject\PauliCode\User\views.py changed, reloading.
Watching for file changes with StatReloader
"GET /MyClasses/ HTTP/1.1" 200 71943
Not Found: /.well-known/appspecific/com.chrome.devtools.json
"GET /.well-known/appspecific/com.chrome.devtools.json HTTP/1.1" 404 10024
"GET /MyClasses/ HTTP/1.1" 200 71943
C:\Users\Chenchen\OneDrive\Documents\GitHub\DjangoProject\PauliCode\User\views.py changed, reloading.
Watching for file changes with StatReloader
"GET /MyClasses/ HTTP/1.1" 200 49899
Not Found: /.well-known/appspecific/com.chrome.devtools.json
"GET /.well-known/appspecific/com.chrome.devtools.json HTTP/1.1" 404 10024
"GET /MyClasses/ HTTP/1.1" 200 49899
"GET /report/ HTTP/1.1" 200 71914
Not Found: /.well-known/appspecific/com.chrome.devtools.json
"GET /.well-known/appspecific/com.chrome.devtools.json HTTP/1.1" 404 10024
"GET /leaderboard/ HTTP/1.1" 200 52985
Not Found: /.well-known/appspecific/com.chrome.devtools.json
"GET /.well-known/appspecific/com.chrome.devtools.json HTTP/1.1" 404 10024
"GET /api/leaderboard-data/? HTTP/1.1" 200 537
"GET /code-playground/ HTTP/1.1" 200 81152
Not Found: /.well-known/appspecific/com.chrome.devtools.json
"GET /.well-known/appspecific/com.chrome.devtools.json HTTP/1.1" 404 10024
"GET /dashboard/ HTTP/1.1" 200 56315
Not Found: /.well-known/appspecific/com.chrome.devtools.json
"GET /.well-known/appspecific/com.chrome.devtools.json HTTP/1.1" 404 10024
"GET /dashboard/ HTTP/1.1" 200 56315
"GET /dashboard/ HTTP/1.1" 200 56315
Not Found: /.well-known/appspecific/com.chrome.devtools.json
"GET /.well-known/appspecific/com.chrome.devtools.json HTTP/1.1" 404 10024
"GET /dashboard/ HTTP/1.1" 200 56315
"GET /leaderboard/ HTTP/1.1" 200 52985
Not Found: /.well-known/appspecific/com.chrome.devtools.json
"GET /.well-known/appspecific/com.chrome.devtools.json HTTP/1.1" 404 10024
"GET /api/leaderboard-data/? HTTP/1.1" 200 537
"GET /StudentDashboard/ HTTP/1.1" 200 58737
"GET /media/class_icons/unnamed.jpg HTTP/1.1" 304 0
"GET /api/student/total-exp/ HTTP/1.1" 200 82
"GET /api/leaderboard-data/ HTTP/1.1" 200 534
"GET /api/leaderboard-data/? HTTP/1.1" 200 537
"GET /leaderboard/ HTTP/1.1" 200 53067
"GET /api/leaderboard-data/? HTTP/1.1" 200 534
"GET /api/leaderboard-data/? HTTP/1.1" 200 537
"GET /api/leaderboard-data/? HTTP/1.1" 200 534
"GET /api/leaderboard-data/? HTTP/1.1" 200 537
"GET /api/leaderboard-data/? HTTP/1.1" 200 534
"GET /api/leaderboard-data/? HTTP/1.1" 200 537
"GET /StudentDashboard/ HTTP/1.1" 200 58737
"GET /media/profile_pic/9d19fa5a-b873-469d-8372-7f4957e1f4ec.jpg HTTP/1.1" 304 0
"GET /media/class_icons/Gemini_Generated_Image_tqim57tqim57tqim_FDzubHJ.png HTTP/1.1" 304 0
"GET /media/class_icons/unnamed.jpg HTTP/1.1" 304 0
"GET /api/student/total-exp/ HTTP/1.1" 200 82
"GET /api/leaderboard-data/ HTTP/1.1" 200 534
"GET /static/img/favicon.ico HTTP/1.1" 200 4286
"GET /api/leaderboard-data/? HTTP/1.1" 200 534
"GET /api/leaderboard-data/? HTTP/1.1" 200 537
"GET /api/leaderboard-data/? HTTP/1.1" 200 534
"GET /api/leaderboard-data/? HTTP/1.1" 200 537
"GET /leaderboard/ HTTP/1.1" 200 53067
"GET /api/leaderboard-data/? HTTP/1.1" 200 534
"GET /media/profile_pic/default.png HTTP/1.1" 200 298184
"GET /api/leaderboard-data/? HTTP/1.1" 200 534
"GET /api/leaderboard-data/? HTTP/1.1" 200 537
"GET /code-playground/ HTTP/1.1" 200 81144
"GET /api/leaderboard-data/? HTTP/1.1" 200 534
"GET /api/leaderboard-data/? HTTP/1.1" 200 537
"GET /api/leaderboard-data/? HTTP/1.1" 200 534
"GET /api/leaderboard-data/? HTTP/1.1" 200 537
"GET /api/leaderboard-data/? HTTP/1.1" 200 534
"GET /api/leaderboard-data/? HTTP/1.1" 200 537
"GET /api/leaderboard-data/? HTTP/1.1" 200 534
"GET /api/leaderboard-data/? HTTP/1.1" 200 537
"GET /api/leaderboard-data/? HTTP/1.1" 200 534
"GET /api/leaderboard-data/? HTTP/1.1" 200 537
"GET /api/leaderboard-data/? HTTP/1.1" 200 534
"GET /api/leaderboard-data/? HTTP/1.1" 200 537
"GET /api/leaderboard-data/? HTTP/1.1" 200 534
"GET /api/leaderboard-data/? HTTP/1.1" 200 537
"GET /api/leaderboard-data/? HTTP/1.1" 200 534
"GET /api/leaderboard-data/? HTTP/1.1" 200 537
"GET /api/leaderboard-data/? HTTP/1.1" 200 534
"GET /api/leaderboard-data/? HTTP/1.1" 200 537
"GET /api/leaderboard-data/? HTTP/1.1" 200 534
"GET /api/leaderboard-data/? HTTP/1.1" 200 537
"GET /api/leaderboard-data/? HTTP/1.1" 200 534
"GET /api/leaderboard-data/? HTTP/1.1" 200 537
"GET /api/leaderboard-data/? HTTP/1.1" 200 534
"GET /api/leaderboard-data/? HTTP/1.1" 200 537
"GET /api/leaderboard-data/? HTTP/1.1" 200 534
"GET /api/leaderboard-data/? HTTP/1.1" 200 537
"GET /api/leaderboard-data/? HTTP/1.1" 200 534
"GET /StudentDashboard/ HTTP/1.1" 200 58737
"GET /static/img/studenthaticon.png HTTP/1.1" 200 8381
"GET /api/student/total-exp/ HTTP/1.1" 200 82
"GET /static/img/1stCup.svg HTTP/1.1" 200 650077
"GET /api/leaderboard-data/ HTTP/1.1" 200 534
"GET /static/img/star.png HTTP/1.1" 200 22289
"GET /media/class_icons/unnamed.jpg HTTP/1.1" 200 66155
"GET /media/class_icons/Gemini_Generated_Image_tqim57tqim57tqim_FDzubHJ.png HTTP/1.1" 200 1261532
"GET /api/leaderboard-data/? HTTP/1.1" 200 537
"GET /api/leaderboard-data/? HTTP/1.1" 200 534
"GET /api/leaderboard-data/? HTTP/1.1" 200 537
"GET /api/leaderboard-data/? HTTP/1.1" 200 534
"GET /api/leaderboard-data/? HTTP/1.1" 200 537
"GET /api/leaderboard-data/? HTTP/1.1" 200 534
"GET /api/leaderboard-data/? HTTP/1.1" 200 537
"POST /logout/ HTTP/1.1" 302 0
"GET / HTTP/1.1" 200 21573
"GET / HTTP/1.1" 200 21077
"GET /api/leaderboard-data/? HTTP/1.1" 200 534
"GET /api/leaderboard-data/? HTTP/1.1" 200 537
"GET /api/leaderboard-data/? HTTP/1.1" 200 534
"GET /api/leaderboard-data/? HTTP/1.1" 200 537
"POST /login/ HTTP/1.1" 302 0
"GET /StudentDashboard/ HTTP/1.1" 200 54550
"GET /media/profile_pic/default.png HTTP/1.1" 200 298184
"GET /api/student/total-exp/ HTTP/1.1" 200 84
"GET /api/leaderboard-data/ HTTP/1.1" 200 534
"GET /api/leaderboard-data/? HTTP/1.1" 200 534
"GET /api/leaderboard-data/? HTTP/1.1" 200 537
"GET /api/leaderboard-data/? HTTP/1.1" 200 534
"GET /api/leaderboard-data/? HTTP/1.1" 200 537
"GET /api/leaderboard-data/? HTTP/1.1" 200 534
"GET /api/leaderboard-data/? HTTP/1.1" 200 537
- Broken pipe from ('192.168.8.103', 53370)
- Broken pipe from ('192.168.8.103', 53369)
- Broken pipe from ('192.168.8.103', 53368)
"GET /api/leaderboard-data/? HTTP/1.1" 200 534
"GET /api/leaderboard-data/? HTTP/1.1" 200 537
"GET /api/leaderboard-data/? HTTP/1.1" 200 534
"GET /api/leaderboard-data/? HTTP/1.1" 200 537
"GET /api/leaderboard-data/? HTTP/1.1" 200 534
"GET /api/leaderboard-data/? HTTP/1.1" 200 537
"GET /api/leaderboard-data/? HTTP/1.1" 200 534
"GET /api/leaderboard-data/? HTTP/1.1" 200 537
"GET /api/leaderboard-data/? HTTP/1.1" 200 534
"GET /api/leaderboard-data/? HTTP/1.1" 200 537
"GET /api/leaderboard-data/? HTTP/1.1" 200 534
"GET /api/leaderboard-data/? HTTP/1.1" 200 537
"GET /api/leaderboard-data/? HTTP/1.1" 200 534
"GET /api/leaderboard-data/? HTTP/1.1" 200 537
"GET /api/leaderboard-data/? HTTP/1.1" 200 534
"GET /api/leaderboard-data/? HTTP/1.1" 200 537
"GET /api/leaderboard-data/? HTTP/1.1" 200 534
"GET /api/leaderboard-data/? HTTP/1.1" 200 537
"GET /api/leaderboard-data/? HTTP/1.1" 200 534
"GET /api/leaderboard-data/? HTTP/1.1" 200 537
"GET /api/leaderboard-data/? HTTP/1.1" 200 534
"GET /api/leaderboard-data/? HTTP/1.1" 200 537
"GET /api/leaderboard-data/? HTTP/1.1" 200 534
"GET /api/leaderboard-data/? HTTP/1.1" 200 537
"GET /api/leaderboard-data/? HTTP/1.1" 200 534
"GET /api/leaderboard-data/? HTTP/1.1" 200 537
"GET /api/leaderboard-data/? HTTP/1.1" 200 534
"GET /api/leaderboard-data/? HTTP/1.1" 200 537
"GET /api/leaderboard-data/? HTTP/1.1" 200 534
"GET /api/leaderboard-data/? HTTP/1.1" 200 537
"GET /api/leaderboard-data/? HTTP/1.1" 200 534
"GET /api/leaderboard-data/? HTTP/1.1" 200 537
"GET /api/leaderboard-data/? HTTP/1.1" 200 534
"GET /api/leaderboard-data/? HTTP/1.1" 200 537
"GET /api/leaderboard-data/? HTTP/1.1" 200 534
"GET /api/leaderboard-data/? HTTP/1.1" 200 537
"GET /api/leaderboard-data/? HTTP/1.1" 200 534
"GET /api/leaderboard-data/? HTTP/1.1" 200 537
"GET /api/leaderboard-data/? HTTP/1.1" 200 534
"GET /api/leaderboard-data/? HTTP/1.1" 200 537
"GET /api/leaderboard-data/? HTTP/1.1" 200 534
"GET /api/leaderboard-data/? HTTP/1.1" 200 537
"GET /api/leaderboard-data/? HTTP/1.1" 200 534
"GET /api/leaderboard-data/? HTTP/1.1" 200 537
"GET /api/leaderboard-data/? HTTP/1.1" 200 534
"GET /api/leaderboard-data/? HTTP/1.1" 200 537
"GET /api/leaderboard-data/? HTTP/1.1" 200 534
"GET /api/leaderboard-data/? HTTP/1.1" 200 537
"GET /api/leaderboard-data/? HTTP/1.1" 200 534
"GET /api/leaderboard-data/? HTTP/1.1" 200 537
"GET /api/leaderboard-data/? HTTP/1.1" 200 534
"GET /api/leaderboard-data/? HTTP/1.1" 200 537
"GET /api/leaderboard-data/? HTTP/1.1" 200 534
"GET /api/leaderboard-data/? HTTP/1.1" 200 537
"GET /api/leaderboard-data/? HTTP/1.1" 200 534
"GET /api/leaderboard-data/? HTTP/1.1" 200 537
"GET /api/leaderboard-data/? HTTP/1.1" 200 534
"GET /api/leaderboard-data/? HTTP/1.1" 200 537
"GET /api/leaderboard-data/? HTTP/1.1" 200 534
"GET /api/leaderboard-data/? HTTP/1.1" 200 537
"GET /api/leaderboard-data/? HTTP/1.1" 200 534
"GET /api/leaderboard-data/? HTTP/1.1" 200 537
"GET /api/leaderboard-data/? HTTP/1.1" 200 534
"GET /api/leaderboard-data/? HTTP/1.1" 200 537
"GET /api/leaderboard-data/? HTTP/1.1" 200 534
"GET /api/leaderboard-data/? HTTP/1.1" 200 537
"GET /api/leaderboard-data/? HTTP/1.1" 200 534
"GET /api/leaderboard-data/? HTTP/1.1" 200 537
"GET /api/leaderboard-data/? HTTP/1.1" 200 534
"GET /api/leaderboard-data/? HTTP/1.1" 200 537
"GET /api/leaderboard-data/? HTTP/1.1" 200 534
"GET /api/leaderboard-data/? HTTP/1.1" 200 537
"GET /api/leaderboard-data/? HTTP/1.1" 200 534
"GET /api/leaderboard-data/? HTTP/1.1" 200 537
"GET /api/leaderboard-data/? HTTP/1.1" 200 534
"GET /api/leaderboard-data/? HTTP/1.1" 200 537
"GET /api/leaderboard-data/? HTTP/1.1" 200 534
"GET /api/leaderboard-data/? HTTP/1.1" 200 537
"GET /api/leaderboard-data/? HTTP/1.1" 200 534
"GET /api/leaderboard-data/? HTTP/1.1" 200 537
"GET /api/leaderboard-data/? HTTP/1.1" 200 534
"GET /api/leaderboard-data/? HTTP/1.1" 200 537
"GET /api/leaderboard-data/? HTTP/1.1" 200 534
"GET /api/leaderboard-data/? HTTP/1.1" 200 537
"GET /api/leaderboard-data/? HTTP/1.1" 200 534
"GET /api/leaderboard-data/? HTTP/1.1" 200 537
"GET /api/leaderboard-data/? HTTP/1.1" 200 534
"GET /api/leaderboard-data/? HTTP/1.1" 200 537
"GET /api/leaderboard-data/? HTTP/1.1" 200 534
"GET /api/leaderboard-data/? HTTP/1.1" 200 537
"GET /api/leaderboard-data/? HTTP/1.1" 200 534
"GET /api/leaderboard-data/? HTTP/1.1" 200 537
"GET /api/leaderboard-data/? HTTP/1.1" 200 534
"GET /api/leaderboard-data/? HTTP/1.1" 200 537
"GET /api/leaderboard-data/? HTTP/1.1" 200 534
"GET /api/leaderboard-data/? HTTP/1.1" 200 537
"GET /api/leaderboard-data/? HTTP/1.1" 200 534
"GET /api/leaderboard-data/? HTTP/1.1" 200 537
"GET /api/leaderboard-data/? HTTP/1.1" 200 534
"GET /api/leaderboard-data/? HTTP/1.1" 200 537
"GET /api/leaderboard-data/? HTTP/1.1" 200 534
"GET /api/leaderboard-data/? HTTP/1.1" 200 537
"GET /api/leaderboard-data/? HTTP/1.1" 200 534
"GET /api/leaderboard-data/? HTTP/1.1" 200 537
"GET /api/leaderboard-data/? HTTP/1.1" 200 534
"GET /api/leaderboard-data/? HTTP/1.1" 200 537
"GET /api/leaderboard-data/? HTTP/1.1" 200 534
"GET /api/leaderboard-data/? HTTP/1.1" 200 537
"GET /api/leaderboard-data/? HTTP/1.1" 200 534
"GET /api/leaderboard-data/? HTTP/1.1" 200 537
"GET /api/leaderboard-data/? HTTP/1.1" 200 534
"GET /api/leaderboard-data/? HTTP/1.1" 200 537
"GET /api/leaderboard-data/? HTTP/1.1" 200 534
"GET /api/leaderboard-data/? HTTP/1.1" 200 537
"GET /api/leaderboard-data/? HTTP/1.1" 200 534
"GET /api/leaderboard-data/? HTTP/1.1" 200 537
"GET /api/leaderboard-data/? HTTP/1.1" 200 534
"GET /api/leaderboard-data/? HTTP/1.1" 200 537
"GET /api/leaderboard-data/? HTTP/1.1" 200 534
"GET /api/leaderboard-data/? HTTP/1.1" 200 537
"GET /api/leaderboard-data/? HTTP/1.1" 200 534
"GET /api/leaderboard-data/? HTTP/1.1" 200 537
"GET /api/leaderboard-data/? HTTP/1.1" 200 534
"GET /api/leaderboard-data/? HTTP/1.1" 200 537
"GET /api/leaderboard-data/? HTTP/1.1" 200 534
"GET /api/leaderboard-data/? HTTP/1.1" 200 537
"GET /api/leaderboard-data/? HTTP/1.1" 200 534
"GET /api/leaderboard-data/? HTTP/1.1" 200 537
"GET /api/leaderboard-data/? HTTP/1.1" 200 534
"GET /api/leaderboard-data/? HTTP/1.1" 200 537
"GET /api/leaderboard-data/? HTTP/1.1" 200 534
"GET /api/leaderboard-data/? HTTP/1.1" 200 537
"GET /api/leaderboard-data/? HTTP/1.1" 200 534
"GET /api/leaderboard-data/? HTTP/1.1" 200 537
"GET /api/leaderboard-data/? HTTP/1.1" 200 534
"GET /api/leaderboard-data/? HTTP/1.1" 200 537
"GET /api/leaderboard-data/? HTTP/1.1" 200 534
"GET /api/leaderboard-data/? HTTP/1.1" 200 537
"GET /api/leaderboard-data/? HTTP/1.1" 200 534
"GET /api/leaderboard-data/? HTTP/1.1" 200 537
"GET /api/leaderboard-data/? HTTP/1.1" 200 534
"GET /api/leaderboard-data/? HTTP/1.1" 200 537
"GET /api/leaderboard-data/? HTTP/1.1" 200 534
"GET /api/leaderboard-data/? HTTP/1.1" 200 537
"GET /api/leaderboard-data/? HTTP/1.1" 200 534
"GET /api/leaderboard-data/? HTTP/1.1" 200 537
"GET /api/leaderboard-data/? HTTP/1.1" 200 534
"GET /api/leaderboard-data/? HTTP/1.1" 200 537
"GET /api/leaderboard-data/? HTTP/1.1" 200 534
"GET /api/leaderboard-data/? HTTP/1.1" 200 537
"GET /api/leaderboard-data/? HTTP/1.1" 200 534
"GET /api/leaderboard-data/? HTTP/1.1" 200 537
"GET /api/leaderboard-data/? HTTP/1.1" 200 534
"GET /api/leaderboard-data/? HTTP/1.1" 200 537
"GET /api/leaderboard-data/? HTTP/1.1" 200 534
"GET /api/leaderboard-data/? HTTP/1.1" 200 537
"GET /api/leaderboard-data/? HTTP/1.1" 200 534
"GET /api/leaderboard-data/? HTTP/1.1" 200 537
"GET /api/leaderboard-data/? HTTP/1.1" 200 534
"GET /api/leaderboard-data/? HTTP/1.1" 200 537
"GET /api/leaderboard-data/? HTTP/1.1" 200 534
"GET /api/leaderboard-data/? HTTP/1.1" 200 537
"GET /api/leaderboard-data/? HTTP/1.1" 200 534
"GET /api/leaderboard-data/? HTTP/1.1" 200 537
"GET /api/leaderboard-data/? HTTP/1.1" 200 534
"GET /api/leaderboard-data/? HTTP/1.1" 200 537
"GET /api/leaderboard-data/? HTTP/1.1" 200 534
"GET /api/leaderboard-data/? HTTP/1.1" 200 537
"GET /api/leaderboard-data/? HTTP/1.1" 200 534
"GET /api/leaderboard-data/? HTTP/1.1" 200 537
"GET /api/leaderboard-data/? HTTP/1.1" 200 534
"GET /api/leaderboard-data/? HTTP/1.1" 200 537
"GET /api/leaderboard-data/? HTTP/1.1" 200 534
"GET /api/leaderboard-data/? HTTP/1.1" 200 537
"GET /api/leaderboard-data/? HTTP/1.1" 200 534
"GET /api/leaderboard-data/? HTTP/1.1" 200 537
"GET /api/leaderboard-data/? HTTP/1.1" 200 534
"GET /api/leaderboard-data/? HTTP/1.1" 200 537
"GET /api/leaderboard-data/? HTTP/1.1" 200 534
"GET /api/leaderboard-data/? HTTP/1.1" 200 537
"GET /api/leaderboard-data/? HTTP/1.1" 200 534
"GET /api/leaderboard-data/? HTTP/1.1" 200 537
"GET /api/leaderboard-data/? HTTP/1.1" 200 534
"GET /api/leaderboard-data/? HTTP/1.1" 200 537
"GET /api/leaderboard-data/? HTTP/1.1" 200 534
"GET /api/leaderboard-data/? HTTP/1.1" 200 537
"GET /api/leaderboard-data/? HTTP/1.1" 200 534
"GET /api/leaderboard-data/? HTTP/1.1" 200 537
"GET /api/leaderboard-data/? HTTP/1.1" 200 534
"GET /api/leaderboard-data/? HTTP/1.1" 200 537
"GET /api/leaderboard-data/? HTTP/1.1" 200 534
"GET /api/leaderboard-data/? HTTP/1.1" 200 537
"GET /api/leaderboard-data/? HTTP/1.1" 200 534
"GET /api/leaderboard-data/? HTTP/1.1" 200 537
"GET /api/leaderboard-data/? HTTP/1.1" 200 534
"GET /api/leaderboard-data/? HTTP/1.1" 200 537
"GET /api/leaderboard-data/? HTTP/1.1" 200 534
"GET /api/leaderboard-data/? HTTP/1.1" 200 537
"GET /api/leaderboard-data/? HTTP/1.1" 200 534
"GET /api/leaderboard-data/? HTTP/1.1" 200 537
"GET /api/leaderboard-data/? HTTP/1.1" 200 534
"GET /api/leaderboard-data/? HTTP/1.1" 200 537
"GET /api/leaderboard-data/? HTTP/1.1" 200 534
"GET /api/leaderboard-data/? HTTP/1.1" 200 537
"GET /api/leaderboard-data/? HTTP/1.1" 200 534
"GET /api/leaderboard-data/? HTTP/1.1" 200 537
"GET /api/leaderboard-data/? HTTP/1.1" 200 534
"GET /api/leaderboard-data/? HTTP/1.1" 200 537
"GET /api/leaderboard-data/? HTTP/1.1" 200 534
"GET /api/leaderboard-data/? HTTP/1.1" 200 537
"GET /api/leaderboard-data/? HTTP/1.1" 200 534
"GET /api/leaderboard-data/? HTTP/1.1" 200 537
"GET /api/leaderboard-data/? HTTP/1.1" 200 534
"GET /api/leaderboard-data/? HTTP/1.1" 200 537
"GET /api/leaderboard-data/? HTTP/1.1" 200 534
"GET /api/leaderboard-data/? HTTP/1.1" 200 537
"GET /api/leaderboard-data/? HTTP/1.1" 200 534
"GET /api/leaderboard-data/? HTTP/1.1" 200 537
"GET /api/leaderboard-data/? HTTP/1.1" 200 534
"GET /api/leaderboard-data/? HTTP/1.1" 200 537
"GET /api/leaderboard-data/? HTTP/1.1" 200 534
"GET /api/leaderboard-data/? HTTP/1.1" 200 537
"GET /api/leaderboard-data/? HTTP/1.1" 200 534
"GET /api/leaderboard-data/? HTTP/1.1" 200 537
"GET /api/leaderboard-data/? HTTP/1.1" 200 534
"GET /api/leaderboard-data/? HTTP/1.1" 200 537
"GET /api/leaderboard-data/? HTTP/1.1" 200 534
"GET /api/leaderboard-data/? HTTP/1.1" 200 537
"GET /api/leaderboard-data/? HTTP/1.1" 200 534
"GET /api/leaderboard-data/? HTTP/1.1" 200 537
"GET /api/leaderboard-data/? HTTP/1.1" 200 534
"GET /api/leaderboard-data/? HTTP/1.1" 200 537
"GET /api/leaderboard-data/? HTTP/1.1" 200 534
"GET /api/leaderboard-data/? HTTP/1.1" 200 537
"GET /api/leaderboard-data/? HTTP/1.1" 200 534
"GET /api/leaderboard-data/? HTTP/1.1" 200 537
"GET /api/leaderboard-data/? HTTP/1.1" 200 534
"GET /api/leaderboard-data/? HTTP/1.1" 200 537
"GET /api/leaderboard-data/? HTTP/1.1" 200 534
"GET /api/leaderboard-data/? HTTP/1.1" 200 537
"GET /api/leaderboard-data/? HTTP/1.1" 200 534
"GET /api/leaderboard-data/? HTTP/1.1" 200 537
"GET /api/leaderboard-data/? HTTP/1.1" 200 534
"GET /api/leaderboard-data/? HTTP/1.1" 200 537
"GET /api/leaderboard-data/? HTTP/1.1" 200 534
"GET /api/leaderboard-data/? HTTP/1.1" 200 537
"GET /api/leaderboard-data/? HTTP/1.1" 200 534
"GET /api/leaderboard-data/? HTTP/1.1" 200 537
"GET /api/leaderboard-data/? HTTP/1.1" 200 534
"GET /api/leaderboard-data/? HTTP/1.1" 200 537
"GET /api/leaderboard-data/? HTTP/1.1" 200 534
"GET /api/leaderboard-data/? HTTP/1.1" 200 537
"GET /api/leaderboard-data/? HTTP/1.1" 200 534
"GET /api/leaderboard-data/? HTTP/1.1" 200 537
"GET /api/leaderboard-data/? HTTP/1.1" 200 534
"GET /api/leaderboard-data/? HTTP/1.1" 200 537
"GET /api/leaderboard-data/? HTTP/1.1" 200 534
"GET /api/leaderboard-data/? HTTP/1.1" 200 537
"GET /api/leaderboard-data/? HTTP/1.1" 200 534
"GET /api/leaderboard-data/? HTTP/1.1" 200 537
"GET /api/leaderboard-data/? HTTP/1.1" 200 534
"GET /api/leaderboard-data/? HTTP/1.1" 200 537
"GET /api/leaderboard-data/? HTTP/1.1" 200 534
"GET /api/leaderboard-data/? HTTP/1.1" 200 537
"GET /api/leaderboard-data/? HTTP/1.1" 200 534
"GET /api/leaderboard-data/? HTTP/1.1" 200 537
"GET /api/leaderboard-data/? HTTP/1.1" 200 534
"GET /api/leaderboard-data/? HTTP/1.1" 200 537
"GET /api/leaderboard-data/? HTTP/1.1" 200 534
"GET /api/leaderboard-data/? HTTP/1.1" 200 537
"GET /api/leaderboard-data/? HTTP/1.1" 200 534
"GET /api/leaderboard-data/? HTTP/1.1" 200 537
"GET /api/leaderboard-data/? HTTP/1.1" 200 534
"GET /api/leaderboard-data/? HTTP/1.1" 200 537
"GET /api/leaderboard-data/? HTTP/1.1" 200 534
"GET /api/leaderboard-data/? HTTP/1.1" 200 537
"GET /api/leaderboard-data/? HTTP/1.1" 200 534
"GET /api/leaderboard-data/? HTTP/1.1" 200 537
"GET /api/leaderboard-data/? HTTP/1.1" 200 534
"GET /api/leaderboard-data/? HTTP/1.1" 200 537
"GET /api/leaderboard-data/? HTTP/1.1" 200 534
"GET /api/leaderboard-data/? HTTP/1.1" 200 537
"GET /api/leaderboard-data/? HTTP/1.1" 200 534
"GET /api/leaderboard-data/? HTTP/1.1" 200 537
"GET /api/leaderboard-data/? HTTP/1.1" 200 534
"GET /api/leaderboard-data/? HTTP/1.1" 200 537
"GET /api/leaderboard-data/? HTTP/1.1" 200 534
"GET /api/leaderboard-data/? HTTP/1.1" 200 537
"GET /api/leaderboard-data/? HTTP/1.1" 200 534
"GET /api/leaderboard-data/? HTTP/1.1" 200 537
"GET /api/leaderboard-data/? HTTP/1.1" 200 534
"GET /api/leaderboard-data/? HTTP/1.1" 200 537
"GET /api/leaderboard-data/? HTTP/1.1" 200 534
"GET /api/leaderboard-data/? HTTP/1.1" 200 537
"GET /api/leaderboard-data/? HTTP/1.1" 200 534
"GET /api/leaderboard-data/? HTTP/1.1" 200 537
"GET /api/leaderboard-data/? HTTP/1.1" 200 534
"GET /api/leaderboard-data/? HTTP/1.1" 200 537
"GET /api/leaderboard-data/? HTTP/1.1" 200 534
"GET /api/leaderboard-data/? HTTP/1.1" 200 537
"GET /api/leaderboard-data/? HTTP/1.1" 200 534
"GET /api/leaderboard-data/? HTTP/1.1" 200 537
"GET /api/leaderboard-data/? HTTP/1.1" 200 534
"GET /api/leaderboard-data/? HTTP/1.1" 200 537
"GET /api/leaderboard-data/? HTTP/1.1" 200 534
"GET /api/leaderboard-data/? HTTP/1.1" 200 537
"GET /api/leaderboard-data/? HTTP/1.1" 200 534
"GET /api/leaderboard-data/? HTTP/1.1" 200 537
"GET /api/leaderboard-data/? HTTP/1.1" 200 534
"GET /api/leaderboard-data/? HTTP/1.1" 200 537
"GET /api/leaderboard-data/? HTTP/1.1" 200 534
"GET /api/leaderboard-data/? HTTP/1.1" 200 537
"GET /api/leaderboard-data/? HTTP/1.1" 200 534
"GET /api/leaderboard-data/? HTTP/1.1" 200 537
"GET /api/leaderboard-data/? HTTP/1.1" 200 534
"GET /api/leaderboard-data/? HTTP/1.1" 200 537
"GET /api/leaderboard-data/? HTTP/1.1" 200 534
"GET /api/leaderboard-data/? HTTP/1.1" 200 537
"GET /api/leaderboard-data/? HTTP/1.1" 200 534
"GET /api/leaderboard-data/? HTTP/1.1" 200 537
"GET /api/leaderboard-data/? HTTP/1.1" 200 534
"GET /api/leaderboard-data/? HTTP/1.1" 200 537
"GET /api/leaderboard-data/? HTTP/1.1" 200 534
"GET /api/leaderboard-data/? HTTP/1.1" 200 537
"GET /api/leaderboard-data/? HTTP/1.1" 200 534
"GET /api/leaderboard-data/? HTTP/1.1" 200 537
"GET /api/leaderboard-data/? HTTP/1.1" 200 534
"GET /api/leaderboard-data/? HTTP/1.1" 200 537
"GET /api/leaderboard-data/? HTTP/1.1" 200 534
"GET /api/leaderboard-data/? HTTP/1.1" 200 537
"GET /api/leaderboard-data/? HTTP/1.1" 200 534
"GET /api/leaderboard-data/? HTTP/1.1" 200 537
"GET /api/leaderboard-data/? HTTP/1.1" 200 534
"GET /api/leaderboard-data/? HTTP/1.1" 200 537
"GET /api/leaderboard-data/? HTTP/1.1" 200 534
"GET /api/leaderboard-data/? HTTP/1.1" 200 537
"GET /api/leaderboard-data/? HTTP/1.1" 200 534
"GET /api/leaderboard-data/? HTTP/1.1" 200 537
"GET /api/leaderboard-data/? HTTP/1.1" 200 534
"GET /api/leaderboard-data/? HTTP/1.1" 200 537
"GET /api/leaderboard-data/? HTTP/1.1" 200 534
"GET /api/leaderboard-data/? HTTP/1.1" 200 537
"GET /api/leaderboard-data/? HTTP/1.1" 200 534
"GET /api/leaderboard-data/? HTTP/1.1" 200 537
"GET /api/leaderboard-data/? HTTP/1.1" 200 534
"GET /api/leaderboard-data/? HTTP/1.1" 200 537
"GET /api/leaderboard-data/? HTTP/1.1" 200 534
"GET /api/leaderboard-data/? HTTP/1.1" 200 537
"GET /api/leaderboard-data/? HTTP/1.1" 200 534
"GET /api/leaderboard-data/? HTTP/1.1" 200 537
"GET /api/leaderboard-data/? HTTP/1.1" 200 534
"GET /api/leaderboard-data/? HTTP/1.1" 200 537
"GET /api/leaderboard-data/? HTTP/1.1" 200 534
"GET /api/leaderboard-data/? HTTP/1.1" 200 537
"GET /api/leaderboard-data/? HTTP/1.1" 200 534
"GET /api/leaderboard-data/? HTTP/1.1" 200 537
"GET /api/leaderboard-data/? HTTP/1.1" 200 534
"GET /api/leaderboard-data/? HTTP/1.1" 200 537
"GET /api/leaderboard-data/? HTTP/1.1" 200 534
"GET /api/leaderboard-data/? HTTP/1.1" 200 537
"GET /api/leaderboard-data/? HTTP/1.1" 200 534
"GET /api/leaderboard-data/? HTTP/1.1" 200 537
"GET /api/leaderboard-data/? HTTP/1.1" 200 534
"GET /api/leaderboard-data/? HTTP/1.1" 200 537
"GET /api/leaderboard-data/? HTTP/1.1" 200 534
"GET /api/leaderboard-data/? HTTP/1.1" 200 537
"GET /api/leaderboard-data/? HTTP/1.1" 200 534
"GET /api/leaderboard-data/? HTTP/1.1" 200 537
"GET /api/leaderboard-data/? HTTP/1.1" 200 534
"GET /api/leaderboard-data/? HTTP/1.1" 200 537
"GET /api/leaderboard-data/? HTTP/1.1" 200 534
"GET /api/leaderboard-data/? HTTP/1.1" 200 537
"GET /api/leaderboard-data/? HTTP/1.1" 200 534
"GET /api/leaderboard-data/? HTTP/1.1" 200 537
"GET /api/leaderboard-data/? HTTP/1.1" 200 534
"GET /api/leaderboard-data/? HTTP/1.1" 200 537
"GET /api/leaderboard-data/? HTTP/1.1" 200 534
"GET /api/leaderboard-data/? HTTP/1.1" 200 537
"GET /api/leaderboard-data/? HTTP/1.1" 200 534
"GET /api/leaderboard-data/? HTTP/1.1" 200 537
"GET /api/leaderboard-data/? HTTP/1.1" 200 534
"GET /api/leaderboard-data/? HTTP/1.1" 200 537
"GET /api/leaderboard-data/? HTTP/1.1" 200 534
"GET /api/leaderboard-data/? HTTP/1.1" 200 537
"GET /api/leaderboard-data/? HTTP/1.1" 200 534
"GET /api/leaderboard-data/? HTTP/1.1" 200 537
"GET /api/leaderboard-data/? HTTP/1.1" 200 534
"GET /api/leaderboard-data/? HTTP/1.1" 200 537
"GET /api/leaderboard-data/? HTTP/1.1" 200 534
"GET /api/leaderboard-data/? HTTP/1.1" 200 537
"GET /api/leaderboard-data/? HTTP/1.1" 200 534
"GET /api/leaderboard-data/? HTTP/1.1" 200 537
"GET /api/leaderboard-data/? HTTP/1.1" 200 534
"GET /api/leaderboard-data/? HTTP/1.1" 200 537
"GET /api/leaderboard-data/? HTTP/1.1" 200 534
"GET /api/leaderboard-data/? HTTP/1.1" 200 537
"GET /api/leaderboard-data/? HTTP/1.1" 200 534
"GET /api/leaderboard-data/? HTTP/1.1" 200 537
"GET /api/leaderboard-data/? HTTP/1.1" 200 534
"GET /api/leaderboard-data/? HTTP/1.1" 200 537
"GET /api/leaderboard-data/? HTTP/1.1" 200 534
"GET /api/leaderboard-data/? HTTP/1.1" 200 537
"GET /api/leaderboard-data/? HTTP/1.1" 200 534
"GET /api/leaderboard-data/? HTTP/1.1" 200 537
"GET /api/leaderboard-data/? HTTP/1.1" 200 534
"GET /api/leaderboard-data/? HTTP/1.1" 200 537
"GET /api/leaderboard-data/? HTTP/1.1" 200 534
"GET /api/leaderboard-data/? HTTP/1.1" 200 537
"GET /api/leaderboard-data/? HTTP/1.1" 200 534
"GET /api/leaderboard-data/? HTTP/1.1" 200 537
"GET /api/leaderboard-data/? HTTP/1.1" 200 534
"GET /api/leaderboard-data/? HTTP/1.1" 200 537
"GET /api/leaderboard-data/? HTTP/1.1" 200 534
"GET /api/leaderboard-data/? HTTP/1.1" 200 537
"GET /api/leaderboard-data/? HTTP/1.1" 200 534
"GET /api/leaderboard-data/? HTTP/1.1" 200 537
"GET /api/leaderboard-data/? HTTP/1.1" 200 534
"GET /api/leaderboard-data/? HTTP/1.1" 200 537
"GET /api/leaderboard-data/? HTTP/1.1" 200 534
"GET /api/leaderboard-data/? HTTP/1.1" 200 537
"GET /api/leaderboard-data/? HTTP/1.1" 200 534
"GET /api/leaderboard-data/? HTTP/1.1" 200 537
"GET /api/leaderboard-data/? HTTP/1.1" 200 534
"GET /api/leaderboard-data/? HTTP/1.1" 200 537
"GET /api/leaderboard-data/? HTTP/1.1" 200 534
"GET /api/leaderboard-data/? HTTP/1.1" 200 537
"GET /api/leaderboard-data/? HTTP/1.1" 200 534
"GET /api/leaderboard-data/? HTTP/1.1" 200 537
"GET /api/leaderboard-data/? HTTP/1.1" 200 534
"GET /api/leaderboard-data/? HTTP/1.1" 200 537
"GET /api/leaderboard-data/? HTTP/1.1" 200 534
"GET /api/leaderboard-data/? HTTP/1.1" 200 537
"GET /api/leaderboard-data/? HTTP/1.1" 200 534
"GET /api/leaderboard-data/? HTTP/1.1" 200 537
"GET /api/leaderboard-data/? HTTP/1.1" 200 534
"GET /api/leaderboard-data/? HTTP/1.1" 200 537
"GET /api/leaderboard-data/? HTTP/1.1" 200 534
"GET /api/leaderboard-data/? HTTP/1.1" 200 537
"GET /api/leaderboard-data/? HTTP/1.1" 200 534
"GET /api/leaderboard-data/? HTTP/1.1" 200 537
"GET /api/leaderboard-data/? HTTP/1.1" 200 534
"GET /api/leaderboard-data/? HTTP/1.1" 200 537
"GET /api/leaderboard-data/? HTTP/1.1" 200 534
"GET /api/leaderboard-data/? HTTP/1.1" 200 537
"GET /api/leaderboard-data/? HTTP/1.1" 200 534
"GET /api/leaderboard-data/? HTTP/1.1" 200 537
"GET /api/leaderboard-data/? HTTP/1.1" 200 534
"GET /api/leaderboard-data/? HTTP/1.1" 200 537
"GET /api/leaderboard-data/? HTTP/1.1" 200 534
"GET /api/leaderboard-data/? HTTP/1.1" 200 537
"GET /api/leaderboard-data/? HTTP/1.1" 200 534
"GET /api/leaderboard-data/? HTTP/1.1" 200 537
"GET /api/leaderboard-data/? HTTP/1.1" 200 534
"GET /api/leaderboard-data/? HTTP/1.1" 200 537
"GET /api/leaderboard-data/? HTTP/1.1" 200 534
"GET /api/leaderboard-data/? HTTP/1.1" 200 537
"GET /api/leaderboard-data/? HTTP/1.1" 200 534
"GET /api/leaderboard-data/? HTTP/1.1" 200 537
"GET /api/leaderboard-data/? HTTP/1.1" 200 534
"GET /api/leaderboard-data/? HTTP/1.1" 200 537
"GET /api/leaderboard-data/? HTTP/1.1" 200 534
"GET /api/leaderboard-data/? HTTP/1.1" 200 537
"GET /api/leaderboard-data/? HTTP/1.1" 200 534
"GET /api/leaderboard-data/? HTTP/1.1" 200 537
"GET /api/leaderboard-data/? HTTP/1.1" 200 534
"GET /api/leaderboard-data/? HTTP/1.1" 200 537
"GET /api/leaderboard-data/? HTTP/1.1" 200 534
"GET /api/leaderboard-data/? HTTP/1.1" 200 537
"GET /api/leaderboard-data/? HTTP/1.1" 200 534
"GET /api/leaderboard-data/? HTTP/1.1" 200 537
"GET /api/leaderboard-data/? HTTP/1.1" 200 534
"GET /api/leaderboard-data/? HTTP/1.1" 200 537
"GET /api/leaderboard-data/? HTTP/1.1" 200 534
"GET /api/leaderboard-data/? HTTP/1.1" 200 537
"GET /api/leaderboard-data/? HTTP/1.1" 200 534
"GET /api/leaderboard-data/? HTTP/1.1" 200 537
"GET /api/leaderboard-data/? HTTP/1.1" 200 534
"GET /api/leaderboard-data/? HTTP/1.1" 200 537
"GET /api/leaderboard-data/? HTTP/1.1" 200 534
"GET /api/leaderboard-data/? HTTP/1.1" 200 537
"GET /api/leaderboard-data/? HTTP/1.1" 200 534
"GET /api/leaderboard-data/? HTTP/1.1" 200 537
"GET /api/leaderboard-data/? HTTP/1.1" 200 534
"GET /api/leaderboard-data/? HTTP/1.1" 200 537
"GET /api/leaderboard-data/? HTTP/1.1" 200 534
"GET /api/leaderboard-data/? HTTP/1.1" 200 537
"GET /api/leaderboard-data/? HTTP/1.1" 200 534
"GET /api/leaderboard-data/? HTTP/1.1" 200 537
"GET /api/leaderboard-data/? HTTP/1.1" 200 534
"GET /api/leaderboard-data/? HTTP/1.1" 200 537
"GET /api/leaderboard-data/? HTTP/1.1" 200 534
"GET /api/leaderboard-data/? HTTP/1.1" 200 537
"GET /api/leaderboard-data/? HTTP/1.1" 200 534
"GET /api/leaderboard-data/? HTTP/1.1" 200 537
"GET /api/leaderboard-data/? HTTP/1.1" 200 534
"GET /api/leaderboard-data/? HTTP/1.1" 200 537
"GET /api/leaderboard-data/? HTTP/1.1" 200 534
"GET /api/leaderboard-data/? HTTP/1.1" 200 537
"GET /api/leaderboard-data/? HTTP/1.1" 200 534
"GET /api/leaderboard-data/? HTTP/1.1" 200 537
"GET /api/leaderboard-data/? HTTP/1.1" 200 534
"GET /api/leaderboard-data/? HTTP/1.1" 200 537
"GET /api/leaderboard-data/? HTTP/1.1" 200 534
"GET /api/leaderboard-data/? HTTP/1.1" 200 537
"GET /api/leaderboard-data/? HTTP/1.1" 200 534
"GET /api/leaderboard-data/? HTTP/1.1" 200 537
"GET /api/leaderboard-data/? HTTP/1.1" 200 534
"GET /api/leaderboard-data/? HTTP/1.1" 200 537
"GET /api/leaderboard-data/? HTTP/1.1" 200 534
"GET /api/leaderboard-data/? HTTP/1.1" 200 537
"GET /api/leaderboard-data/? HTTP/1.1" 200 534
"GET /api/leaderboard-data/? HTTP/1.1" 200 537
"GET /api/leaderboard-data/? HTTP/1.1" 200 534
"GET /api/leaderboard-data/? HTTP/1.1" 200 537
"GET /api/leaderboard-data/? HTTP/1.1" 200 534
"GET /api/leaderboard-data/? HTTP/1.1" 200 537
"GET /api/leaderboard-data/? HTTP/1.1" 200 534
"GET /api/leaderboard-data/? HTTP/1.1" 200 537
"GET /api/leaderboard-data/? HTTP/1.1" 200 534
"GET /api/leaderboard-data/? HTTP/1.1" 200 537
"GET /api/leaderboard-data/? HTTP/1.1" 200 534
"GET /api/leaderboard-data/? HTTP/1.1" 200 537
"GET /api/leaderboard-data/? HTTP/1.1" 200 534
"GET /api/leaderboard-data/? HTTP/1.1" 200 537
"GET /api/leaderboard-data/? HTTP/1.1" 200 534
"GET /api/leaderboard-data/? HTTP/1.1" 200 537
"GET /api/leaderboard-data/? HTTP/1.1" 200 534
"GET /api/leaderboard-data/? HTTP/1.1" 200 537
"GET /api/leaderboard-data/? HTTP/1.1" 200 534
"GET /api/leaderboard-data/? HTTP/1.1" 200 537
"GET /api/leaderboard-data/? HTTP/1.1" 200 534
"GET /api/leaderboard-data/? HTTP/1.1" 200 537
"GET /api/leaderboard-data/? HTTP/1.1" 200 534
"GET /api/leaderboard-data/? HTTP/1.1" 200 537
"GET /api/leaderboard-data/? HTTP/1.1" 200 534
"GET /api/leaderboard-data/? HTTP/1.1" 200 537
"GET /api/leaderboard-data/? HTTP/1.1" 200 534
"GET /api/leaderboard-data/? HTTP/1.1" 200 537
"GET /api/leaderboard-data/? HTTP/1.1" 200 534
"GET /api/leaderboard-data/? HTTP/1.1" 200 537
"GET /api/leaderboard-data/? HTTP/1.1" 200 534
"GET /api/leaderboard-data/? HTTP/1.1" 200 537
"GET /api/leaderboard-data/? HTTP/1.1" 200 534
"GET /api/leaderboard-data/? HTTP/1.1" 200 537
"GET /api/leaderboard-data/? HTTP/1.1" 200 534
"GET /api/leaderboard-data/? HTTP/1.1" 200 537
"GET /api/leaderboard-data/? HTTP/1.1" 200 534
"GET /api/leaderboard-data/? HTTP/1.1" 200 537
"GET /api/leaderboard-data/? HTTP/1.1" 200 534
"GET /api/leaderboard-data/? HTTP/1.1" 200 537
"GET /api/leaderboard-data/? HTTP/1.1" 200 534
"GET /api/leaderboard-data/? HTTP/1.1" 200 537
"GET /api/leaderboard-data/? HTTP/1.1" 200 534
"GET /api/leaderboard-data/? HTTP/1.1" 200 537
"GET /api/leaderboard-data/? HTTP/1.1" 200 534
"GET /api/leaderboard-data/? HTTP/1.1" 200 537
"GET /api/leaderboard-data/? HTTP/1.1" 200 534
"GET /api/leaderboard-data/? HTTP/1.1" 200 537
"GET /api/leaderboard-data/? HTTP/1.1" 200 534
"GET /api/leaderboard-data/? HTTP/1.1" 200 537
"GET /api/leaderboard-data/? HTTP/1.1" 200 534
"GET /api/leaderboard-data/? HTTP/1.1" 200 537
"GET /api/leaderboard-data/? HTTP/1.1" 200 534
"GET /api/leaderboard-data/? HTTP/1.1" 200 537
"GET /api/leaderboard-data/? HTTP/1.1" 200 534
"GET /api/leaderboard-data/? HTTP/1.1" 200 537
"GET /api/leaderboard-data/? HTTP/1.1" 200 534
"GET /api/leaderboard-data/? HTTP/1.1" 200 537
"GET /api/leaderboard-data/? HTTP/1.1" 200 534
"GET /api/leaderboard-data/? HTTP/1.1" 200 537
"GET /api/leaderboard-data/? HTTP/1.1" 200 534
"GET /api/leaderboard-data/? HTTP/1.1" 200 537
"GET /api/leaderboard-data/? HTTP/1.1" 200 534
"GET /api/leaderboard-data/? HTTP/1.1" 200 537
"GET /api/leaderboard-data/? HTTP/1.1" 200 534
"GET /api/leaderboard-data/? HTTP/1.1" 200 537
"GET /api/leaderboard-data/? HTTP/1.1" 200 534
"GET /api/leaderboard-data/? HTTP/1.1" 200 537
"GET /api/leaderboard-data/? HTTP/1.1" 200 534
"GET /api/leaderboard-data/? HTTP/1.1" 200 537
"GET /api/leaderboard-data/? HTTP/1.1" 200 534
"GET /api/leaderboard-data/? HTTP/1.1" 200 537
"GET /api/leaderboard-data/? HTTP/1.1" 200 534
"GET /api/leaderboard-data/? HTTP/1.1" 200 537
"GET /api/leaderboard-data/? HTTP/1.1" 200 534
"GET /api/leaderboard-data/? HTTP/1.1" 200 537
"GET /api/leaderboard-data/? HTTP/1.1" 200 534
"GET /api/leaderboard-data/? HTTP/1.1" 200 537
"GET /api/leaderboard-data/? HTTP/1.1" 200 534
"GET /api/leaderboard-data/? HTTP/1.1" 200 537
"GET /api/leaderboard-data/? HTTP/1.1" 200 534
"GET /api/leaderboard-data/? HTTP/1.1" 200 537
"GET /api/leaderboard-data/? HTTP/1.1" 200 534
"GET /api/leaderboard-data/? HTTP/1.1" 200 537
"GET /api/leaderboard-data/? HTTP/1.1" 200 534
"GET /api/leaderboard-data/? HTTP/1.1" 200 537
"GET /api/leaderboard-data/? HTTP/1.1" 200 534
"GET /api/leaderboard-data/? HTTP/1.1" 200 537
"GET /api/leaderboard-data/? HTTP/1.1" 200 534
"GET /api/leaderboard-data/? HTTP/1.1" 200 537
"GET /api/leaderboard-data/? HTTP/1.1" 200 534
"GET /api/leaderboard-data/? HTTP/1.1" 200 537
"GET /api/leaderboard-data/? HTTP/1.1" 200 534
"GET /api/leaderboard-data/? HTTP/1.1" 200 537
"GET /api/leaderboard-data/? HTTP/1.1" 200 534
"GET /api/leaderboard-data/? HTTP/1.1" 200 537
"GET /api/leaderboard-data/? HTTP/1.1" 200 534
"GET /api/leaderboard-data/? HTTP/1.1" 200 537
"GET /api/leaderboard-data/? HTTP/1.1" 200 534
"GET /api/leaderboard-data/? HTTP/1.1" 200 537
"GET /api/leaderboard-data/? HTTP/1.1" 200 534
"GET /api/leaderboard-data/? HTTP/1.1" 200 537
"GET /api/leaderboard-data/? HTTP/1.1" 200 534
"GET /api/leaderboard-data/? HTTP/1.1" 200 537
"GET /api/leaderboard-data/? HTTP/1.1" 200 534
"GET /api/leaderboard-data/? HTTP/1.1" 200 537
"GET /api/leaderboard-data/? HTTP/1.1" 200 534
"GET /api/leaderboard-data/? HTTP/1.1" 200 537
"GET /api/leaderboard-data/? HTTP/1.1" 200 534
"GET /api/leaderboard-data/? HTTP/1.1" 200 537
"GET /api/leaderboard-data/? HTTP/1.1" 200 534
"GET /api/leaderboard-data/? HTTP/1.1" 200 537
"GET /api/leaderboard-data/? HTTP/1.1" 200 534
"GET /api/leaderboard-data/? HTTP/1.1" 200 537
"GET /api/leaderboard-data/? HTTP/1.1" 200 534
"GET /api/leaderboard-data/? HTTP/1.1" 200 537
"GET /api/leaderboard-data/? HTTP/1.1" 200 534
"GET /api/leaderboard-data/? HTTP/1.1" 200 537
"GET /api/leaderboard-data/? HTTP/1.1" 200 534
"GET /api/leaderboard-data/? HTTP/1.1" 200 537
"GET /api/leaderboard-data/? HTTP/1.1" 200 534
"GET /api/leaderboard-data/? HTTP/1.1" 200 537
"GET /api/leaderboard-data/? HTTP/1.1" 200 534
"GET /api/leaderboard-data/? HTTP/1.1" 200 537
"GET /api/leaderboard-data/? HTTP/1.1" 200 534
"GET /api/leaderboard-data/? HTTP/1.1" 200 537
"GET /api/leaderboard-data/? HTTP/1.1" 200 534
"GET /api/leaderboard-data/? HTTP/1.1" 200 537
"GET /api/leaderboard-data/? HTTP/1.1" 200 534
"GET /api/leaderboard-data/? HTTP/1.1" 200 537
"GET /api/leaderboard-data/? HTTP/1.1" 200 534
"GET /api/leaderboard-data/? HTTP/1.1" 200 537
"GET /api/leaderboard-data/? HTTP/1.1" 200 534
"GET /api/leaderboard-data/? HTTP/1.1" 200 537
"GET /api/leaderboard-data/? HTTP/1.1" 200 534
"GET /api/leaderboard-data/? HTTP/1.1" 200 537
"GET /api/leaderboard-data/? HTTP/1.1" 200 534
"GET /api/leaderboard-data/? HTTP/1.1" 200 537
"GET /api/leaderboard-data/? HTTP/1.1" 200 534
"GET /api/leaderboard-data/? HTTP/1.1" 200 537
"GET /api/leaderboard-data/? HTTP/1.1" 200 534
"GET /api/leaderboard-data/? HTTP/1.1" 200 537
"GET /api/leaderboard-data/? HTTP/1.1" 200 534
"GET /api/leaderboard-data/? HTTP/1.1" 200 537
"GET /api/leaderboard-data/? HTTP/1.1" 200 534
"GET /api/leaderboard-data/? HTTP/1.1" 200 537
"GET /api/leaderboard-data/? HTTP/1.1" 200 534
"GET /api/leaderboard-data/? HTTP/1.1" 200 537
"GET /api/leaderboard-data/? HTTP/1.1" 200 534
"GET /api/leaderboard-data/? HTTP/1.1" 200 537
"GET /api/leaderboard-data/? HTTP/1.1" 200 534
"GET /api/leaderboard-data/? HTTP/1.1" 200 537
"GET /api/leaderboard-data/? HTTP/1.1" 200 534
"GET /api/leaderboard-data/? HTTP/1.1" 200 537
"GET /api/leaderboard-data/? HTTP/1.1" 200 534
"GET /api/leaderboard-data/? HTTP/1.1" 200 537
"GET /api/leaderboard-data/? HTTP/1.1" 200 534
"GET /api/leaderboard-data/? HTTP/1.1" 200 537
"GET /api/leaderboard-data/? HTTP/1.1" 200 534
"GET /api/leaderboard-data/? HTTP/1.1" 200 537
"GET /api/leaderboard-data/? HTTP/1.1" 200 534
"GET /api/leaderboard-data/? HTTP/1.1" 200 537
"GET /api/leaderboard-data/? HTTP/1.1" 200 534
"GET /api/leaderboard-data/? HTTP/1.1" 200 537
"GET /api/leaderboard-data/? HTTP/1.1" 200 534
"GET /api/leaderboard-data/? HTTP/1.1" 200 537
"GET /api/leaderboard-data/? HTTP/1.1" 200 534
"GET /api/leaderboard-data/? HTTP/1.1" 200 537
"GET /api/leaderboard-data/? HTTP/1.1" 200 534
"GET /api/leaderboard-data/? HTTP/1.1" 200 537
"GET /api/leaderboard-data/? HTTP/1.1" 200 534
"GET /api/leaderboard-data/? HTTP/1.1" 200 537
"GET /api/leaderboard-data/? HTTP/1.1" 200 534
"GET /api/leaderboard-data/? HTTP/1.1" 200 537
"GET /api/leaderboard-data/? HTTP/1.1" 200 534
"GET /api/leaderboard-data/? HTTP/1.1" 200 537
"GET /api/leaderboard-data/? HTTP/1.1" 200 534
"GET /api/leaderboard-data/? HTTP/1.1" 200 537
"GET /api/leaderboard-data/? HTTP/1.1" 200 534
"GET /api/leaderboard-data/? HTTP/1.1" 200 537
"GET /api/leaderboard-data/? HTTP/1.1" 200 534
"GET /api/leaderboard-data/? HTTP/1.1" 200 537
"GET /api/leaderboard-data/? HTTP/1.1" 200 534
"GET /api/leaderboard-data/? HTTP/1.1" 200 537
"GET /api/leaderboard-data/? HTTP/1.1" 200 534
"GET /api/leaderboard-data/? HTTP/1.1" 200 537
"GET /api/leaderboard-data/? HTTP/1.1" 200 534
"GET /api/leaderboard-data/? HTTP/1.1" 200 537
"GET /api/leaderboard-data/? HTTP/1.1" 200 534
"GET /api/leaderboard-data/? HTTP/1.1" 200 537
"GET /api/leaderboard-data/? HTTP/1.1" 200 534
"GET /api/leaderboard-data/? HTTP/1.1" 200 537
"GET /api/leaderboard-data/? HTTP/1.1" 200 534
"GET /api/leaderboard-data/? HTTP/1.1" 200 537
"GET /api/leaderboard-data/? HTTP/1.1" 200 534
"GET /api/leaderboard-data/? HTTP/1.1" 200 537
"GET /api/leaderboard-data/? HTTP/1.1" 200 534
"GET /api/leaderboard-data/? HTTP/1.1" 200 537
"GET /api/leaderboard-data/? HTTP/1.1" 200 534
"GET /api/leaderboard-data/? HTTP/1.1" 200 537
"GET /api/leaderboard-data/? HTTP/1.1" 200 534
"GET /api/leaderboard-data/? HTTP/1.1" 200 537
"GET /api/leaderboard-data/? HTTP/1.1" 200 534
"GET /api/leaderboard-data/? HTTP/1.1" 200 537
"GET /api/leaderboard-data/? HTTP/1.1" 200 534
"GET /api/leaderboard-data/? HTTP/1.1" 200 537
"GET /api/leaderboard-data/? HTTP/1.1" 200 534
"GET /api/leaderboard-data/? HTTP/1.1" 200 537
"GET /api/leaderboard-data/? HTTP/1.1" 200 534
"GET /api/leaderboard-data/? HTTP/1.1" 200 537
"GET /api/leaderboard-data/? HTTP/1.1" 200 534
"GET /api/leaderboard-data/? HTTP/1.1" 200 537
"GET /api/leaderboard-data/? HTTP/1.1" 200 534
"GET /api/leaderboard-data/? HTTP/1.1" 200 537
"GET /api/leaderboard-data/? HTTP/1.1" 200 534
"GET /api/leaderboard-data/? HTTP/1.1" 200 537
"GET /api/leaderboard-data/? HTTP/1.1" 200 534
"GET /api/leaderboard-data/? HTTP/1.1" 200 537
"GET /api/leaderboard-data/? HTTP/1.1" 200 534
"GET /api/leaderboard-data/? HTTP/1.1" 200 537
"GET /api/leaderboard-data/? HTTP/1.1" 200 534
"GET /api/leaderboard-data/? HTTP/1.1" 200 537
"GET /api/leaderboard-data/? HTTP/1.1" 200 534
"GET /api/leaderboard-data/? HTTP/1.1" 200 537
"GET /api/leaderboard-data/? HTTP/1.1" 200 534
"GET /api/leaderboard-data/? HTTP/1.1" 200 537
"GET /api/leaderboard-data/? HTTP/1.1" 200 534
"GET /api/leaderboard-data/? HTTP/1.1" 200 537
"GET /api/leaderboard-data/? HTTP/1.1" 200 534
"GET /api/leaderboard-data/? HTTP/1.1" 200 537
"GET /api/leaderboard-data/? HTTP/1.1" 200 534
"GET /api/leaderboard-data/? HTTP/1.1" 200 537
"GET /api/leaderboard-data/? HTTP/1.1" 200 534
"GET /api/leaderboard-data/? HTTP/1.1" 200 537
"GET /api/leaderboard-data/? HTTP/1.1" 200 534
"GET /api/leaderboard-data/? HTTP/1.1" 200 537
"GET /api/leaderboard-data/? HTTP/1.1" 200 534
"GET /api/leaderboard-data/? HTTP/1.1" 200 537
"GET /api/leaderboard-data/? HTTP/1.1" 200 534
"GET /api/leaderboard-data/? HTTP/1.1" 200 537
"GET /api/leaderboard-data/? HTTP/1.1" 200 534
"GET /api/leaderboard-data/? HTTP/1.1" 200 537
"GET /api/leaderboard-data/? HTTP/1.1" 200 534
"GET /api/leaderboard-data/? HTTP/1.1" 200 537
"GET /api/leaderboard-data/? HTTP/1.1" 200 534
"GET /api/leaderboard-data/? HTTP/1.1" 200 537
"GET /api/leaderboard-data/? HTTP/1.1" 200 534
"GET /api/leaderboard-data/? HTTP/1.1" 200 537
"GET /api/leaderboard-data/? HTTP/1.1" 200 534
"GET /api/leaderboard-data/? HTTP/1.1" 200 537
"GET /api/leaderboard-data/? HTTP/1.1" 200 534
"GET /api/leaderboard-data/? HTTP/1.1" 200 537
"GET /api/leaderboard-data/? HTTP/1.1" 200 534
"GET /api/leaderboard-data/? HTTP/1.1" 200 537
"GET /api/leaderboard-data/? HTTP/1.1" 200 534
"GET /api/leaderboard-data/? HTTP/1.1" 200 537
"GET /api/leaderboard-data/? HTTP/1.1" 200 534
"GET /api/leaderboard-data/? HTTP/1.1" 200 537
"GET /api/leaderboard-data/? HTTP/1.1" 200 534
"GET /api/leaderboard-data/? HTTP/1.1" 200 537
"GET /api/leaderboard-data/? HTTP/1.1" 200 534
"GET /api/leaderboard-data/? HTTP/1.1" 200 537
"GET /api/leaderboard-data/? HTTP/1.1" 200 534
"GET /api/leaderboard-data/? HTTP/1.1" 200 537
"GET /api/leaderboard-data/? HTTP/1.1" 200 534
"GET /api/leaderboard-data/? HTTP/1.1" 200 537
"GET /api/leaderboard-data/? HTTP/1.1" 200 534
"GET /api/leaderboard-data/? HTTP/1.1" 200 537
"GET /api/leaderboard-data/? HTTP/1.1" 200 534
"GET /api/leaderboard-data/? HTTP/1.1" 200 537
"GET /api/leaderboard-data/? HTTP/1.1" 200 534
"GET /api/leaderboard-data/? HTTP/1.1" 200 537
"GET /api/leaderboard-data/? HTTP/1.1" 200 534
"GET /api/leaderboard-data/? HTTP/1.1" 200 537
"GET /api/leaderboard-data/? HTTP/1.1" 200 534
"GET /api/leaderboard-data/? HTTP/1.1" 200 537
"GET /api/leaderboard-data/? HTTP/1.1" 200 534
"GET /api/leaderboard-data/? HTTP/1.1" 200 537
"GET /api/leaderboard-data/? HTTP/1.1" 200 534
"GET /api/leaderboard-data/? HTTP/1.1" 200 537
"GET /api/leaderboard-data/? HTTP/1.1" 200 534
"GET /api/leaderboard-data/? HTTP/1.1" 200 537
"GET /api/leaderboard-data/? HTTP/1.1" 200 534
"GET /api/leaderboard-data/? HTTP/1.1" 200 537
"GET /api/leaderboard-data/? HTTP/1.1" 200 534
"GET /api/leaderboard-data/? HTTP/1.1" 200 537
"GET /api/leaderboard-data/? HTTP/1.1" 200 534
"GET /api/leaderboard-data/? HTTP/1.1" 200 537
"GET /api/leaderboard-data/? HTTP/1.1" 200 534
"GET /api/leaderboard-data/? HTTP/1.1" 200 537
"GET /api/leaderboard-data/? HTTP/1.1" 200 534
"GET /api/leaderboard-data/? HTTP/1.1" 200 537
"GET /api/leaderboard-data/? HTTP/1.1" 200 534
"GET /api/leaderboard-data/? HTTP/1.1" 200 537
"GET /api/leaderboard-data/? HTTP/1.1" 200 534
"GET /api/leaderboard-data/? HTTP/1.1" 200 537
"GET /api/leaderboard-data/? HTTP/1.1" 200 534
"GET /api/leaderboard-data/? HTTP/1.1" 200 537
"GET /api/leaderboard-data/? HTTP/1.1" 200 534
"GET /api/leaderboard-data/? HTTP/1.1" 200 537
"GET /api/leaderboard-data/? HTTP/1.1" 200 534
"GET /api/leaderboard-data/? HTTP/1.1" 200 537
"GET /api/leaderboard-data/? HTTP/1.1" 200 534
"GET /api/leaderboard-data/? HTTP/1.1" 200 537
"GET /api/leaderboard-data/? HTTP/1.1" 200 534
"GET /api/leaderboard-data/? HTTP/1.1" 200 537
"GET /api/leaderboard-data/? HTTP/1.1" 200 534
"GET /api/leaderboard-data/? HTTP/1.1" 200 537
"GET /api/leaderboard-data/? HTTP/1.1" 200 534
"GET /api/leaderboard-data/? HTTP/1.1" 200 537
"GET /api/leaderboard-data/? HTTP/1.1" 200 534
"GET /api/leaderboard-data/? HTTP/1.1" 200 537
"GET /api/leaderboard-data/? HTTP/1.1" 200 534
"GET /api/leaderboard-data/? HTTP/1.1" 200 537
"GET /api/leaderboard-data/? HTTP/1.1" 200 534
"GET /api/leaderboard-data/? HTTP/1.1" 200 537
"GET /api/leaderboard-data/? HTTP/1.1" 200 534
"GET /api/leaderboard-data/? HTTP/1.1" 200 537
"GET /api/leaderboard-data/? HTTP/1.1" 200 534
"GET /api/leaderboard-data/? HTTP/1.1" 200 537
"GET /api/leaderboard-data/? HTTP/1.1" 200 534
"GET /api/leaderboard-data/? HTTP/1.1" 200 537
"GET /api/leaderboard-data/? HTTP/1.1" 200 534
"GET /api/leaderboard-data/? HTTP/1.1" 200 537
"GET /api/leaderboard-data/? HTTP/1.1" 200 534
"GET /api/leaderboard-data/? HTTP/1.1" 200 537
"GET /api/leaderboard-data/? HTTP/1.1" 200 534
"GET /api/leaderboard-data/? HTTP/1.1" 200 537
"GET /api/leaderboard-data/? HTTP/1.1" 200 534
"GET /api/leaderboard-data/? HTTP/1.1" 200 537
"GET /api/leaderboard-data/? HTTP/1.1" 200 534
"GET /api/leaderboard-data/? HTTP/1.1" 200 537
"GET /api/leaderboard-data/? HTTP/1.1" 200 534
"GET /api/leaderboard-data/? HTTP/1.1" 200 537
"GET /api/leaderboard-data/? HTTP/1.1" 200 534
"GET /api/leaderboard-data/? HTTP/1.1" 200 537
"GET /api/leaderboard-data/? HTTP/1.1" 200 534
"GET /api/leaderboard-data/? HTTP/1.1" 200 537
"GET /api/leaderboard-data/? HTTP/1.1" 200 534
"GET /api/leaderboard-data/? HTTP/1.1" 200 537
"GET /api/leaderboard-data/? HTTP/1.1" 200 534
"GET /api/leaderboard-data/? HTTP/1.1" 200 537
"GET /api/leaderboard-data/? HTTP/1.1" 200 534
"GET /api/leaderboard-data/? HTTP/1.1" 200 537
"GET /api/leaderboard-data/? HTTP/1.1" 200 534
"GET /api/leaderboard-data/? HTTP/1.1" 200 537
"GET /api/leaderboard-data/? HTTP/1.1" 200 534
"GET /api/leaderboard-data/? HTTP/1.1" 200 537
"GET /api/leaderboard-data/? HTTP/1.1" 200 534
"GET /api/leaderboard-data/? HTTP/1.1" 200 537
"GET /api/leaderboard-data/? HTTP/1.1" 200 534
"GET /api/leaderboard-data/? HTTP/1.1" 200 537
"GET /api/leaderboard-data/? HTTP/1.1" 200 534
"GET /api/leaderboard-data/? HTTP/1.1" 200 537
"GET /api/leaderboard-data/? HTTP/1.1" 200 534
"GET /api/leaderboard-data/? HTTP/1.1" 200 537
"GET /api/leaderboard-data/? HTTP/1.1" 200 534
"GET /api/leaderboard-data/? HTTP/1.1" 200 537
"GET /api/leaderboard-data/? HTTP/1.1" 200 534
"GET /api/leaderboard-data/? HTTP/1.1" 200 537
"GET /api/leaderboard-data/? HTTP/1.1" 200 534
"GET /api/leaderboard-data/? HTTP/1.1" 200 537
"GET /api/leaderboard-data/? HTTP/1.1" 200 534
"GET /api/leaderboard-data/? HTTP/1.1" 200 537
"GET /api/leaderboard-data/? HTTP/1.1" 200 534
"GET /api/leaderboard-data/? HTTP/1.1" 200 537
"GET /api/leaderboard-data/? HTTP/1.1" 200 534
"GET /api/leaderboard-data/? HTTP/1.1" 200 537
"GET /api/leaderboard-data/? HTTP/1.1" 200 534
"GET /api/leaderboard-data/? HTTP/1.1" 200 537
"GET /api/leaderboard-data/? HTTP/1.1" 200 534
"GET /api/leaderboard-data/? HTTP/1.1" 200 537
"GET /api/leaderboard-data/? HTTP/1.1" 200 534
"GET /api/leaderboard-data/? HTTP/1.1" 200 537
"GET /api/leaderboard-data/? HTTP/1.1" 200 534
"GET /api/leaderboard-data/? HTTP/1.1" 200 537
"GET /api/leaderboard-data/? HTTP/1.1" 200 534
"GET /api/leaderboard-data/? HTTP/1.1" 200 537
"GET /api/leaderboard-data/? HTTP/1.1" 200 534
"GET /api/leaderboard-data/? HTTP/1.1" 200 537
"GET /api/leaderboard-data/? HTTP/1.1" 200 534
"GET /api/leaderboard-data/? HTTP/1.1" 200 537
"GET /api/leaderboard-data/? HTTP/1.1" 200 534
"GET /api/leaderboard-data/? HTTP/1.1" 200 537
"GET /api/leaderboard-data/? HTTP/1.1" 200 534
"GET /api/leaderboard-data/? HTTP/1.1" 200 537
"GET /api/leaderboard-data/? HTTP/1.1" 200 534
"GET /api/leaderboard-data/? HTTP/1.1" 200 537
"GET /api/leaderboard-data/? HTTP/1.1" 200 534
"GET /api/leaderboard-data/? HTTP/1.1" 200 537
"GET /api/leaderboard-data/? HTTP/1.1" 200 534
"GET /api/leaderboard-data/? HTTP/1.1" 200 537
"GET /api/leaderboard-data/? HTTP/1.1" 200 534
"GET /api/leaderboard-data/? HTTP/1.1" 200 537
"GET /api/leaderboard-data/? HTTP/1.1" 200 534
"GET /api/leaderboard-data/? HTTP/1.1" 200 537
"GET /api/leaderboard-data/? HTTP/1.1" 200 534
"GET /api/leaderboard-data/? HTTP/1.1" 200 537
"GET /api/leaderboard-data/? HTTP/1.1" 200 534
"GET /api/leaderboard-data/? HTTP/1.1" 200 537
"GET /api/leaderboard-data/? HTTP/1.1" 200 534
"GET /api/leaderboard-data/? HTTP/1.1" 200 537
"GET /api/leaderboard-data/? HTTP/1.1" 200 534
"GET /api/leaderboard-data/? HTTP/1.1" 200 537
"GET /api/leaderboard-data/? HTTP/1.1" 200 534
"GET /api/leaderboard-data/? HTTP/1.1" 200 537
"GET /api/leaderboard-data/? HTTP/1.1" 200 534
"GET /api/leaderboard-data/? HTTP/1.1" 200 537
"GET /api/leaderboard-data/? HTTP/1.1" 200 534
"GET /api/leaderboard-data/? HTTP/1.1" 200 537
"GET /api/leaderboard-data/? HTTP/1.1" 200 534
"GET /api/leaderboard-data/? HTTP/1.1" 200 537
"GET /api/leaderboard-data/? HTTP/1.1" 200 534
"GET /api/leaderboard-data/? HTTP/1.1" 200 537
"GET /api/leaderboard-data/? HTTP/1.1" 200 534
"GET /api/leaderboard-data/? HTTP/1.1" 200 537
"GET /api/leaderboard-data/? HTTP/1.1" 200 534
"GET /api/leaderboard-data/? HTTP/1.1" 200 537
"GET /api/leaderboard-data/? HTTP/1.1" 200 534
"GET /api/leaderboard-data/? HTTP/1.1" 200 537
"GET /api/leaderboard-data/? HTTP/1.1" 200 534
"GET /api/leaderboard-data/? HTTP/1.1" 200 537
"GET /api/leaderboard-data/? HTTP/1.1" 200 534
"GET /api/leaderboard-data/? HTTP/1.1" 200 537
"GET /api/leaderboard-data/? HTTP/1.1" 200 534
"GET /api/leaderboard-data/? HTTP/1.1" 200 537
"GET /api/leaderboard-data/? HTTP/1.1" 200 534
"GET /api/leaderboard-data/? HTTP/1.1" 200 537
"GET /api/leaderboard-data/? HTTP/1.1" 200 534
"GET /api/leaderboard-data/? HTTP/1.1" 200 537
"GET /api/leaderboard-data/? HTTP/1.1" 200 534
"GET /api/leaderboard-data/? HTTP/1.1" 200 537
"GET /api/leaderboard-data/? HTTP/1.1" 200 534
"GET /api/leaderboard-data/? HTTP/1.1" 200 537
"GET /api/leaderboard-data/? HTTP/1.1" 200 534
"GET /api/leaderboard-data/? HTTP/1.1" 200 537
"GET /api/leaderboard-data/? HTTP/1.1" 200 534
"GET /api/leaderboard-data/? HTTP/1.1" 200 537
"GET /api/leaderboard-data/? HTTP/1.1" 200 534
"GET /api/leaderboard-data/? HTTP/1.1" 200 537
"GET /api/leaderboard-data/? HTTP/1.1" 200 534
"GET /api/leaderboard-data/? HTTP/1.1" 200 537
"GET /api/leaderboard-data/? HTTP/1.1" 200 534
"GET /api/leaderboard-data/? HTTP/1.1" 200 537
"GET /api/leaderboard-data/? HTTP/1.1" 200 534
"GET /api/leaderboard-data/? HTTP/1.1" 200 537
"GET /api/leaderboard-data/? HTTP/1.1" 200 534
"GET /api/leaderboard-data/? HTTP/1.1" 200 537
"GET /api/leaderboard-data/? HTTP/1.1" 200 534
"GET /api/leaderboard-data/? HTTP/1.1" 200 537
"GET /api/leaderboard-data/? HTTP/1.1" 200 534
"GET /api/leaderboard-data/? HTTP/1.1" 200 537
"GET /api/leaderboard-data/? HTTP/1.1" 200 534
"GET /api/leaderboard-data/? HTTP/1.1" 200 537
"GET /api/leaderboard-data/? HTTP/1.1" 200 534
"GET /api/leaderboard-data/? HTTP/1.1" 200 537
"GET /api/leaderboard-data/? HTTP/1.1" 200 534
"GET /api/leaderboard-data/? HTTP/1.1" 200 537
"GET /api/leaderboard-data/? HTTP/1.1" 200 534
"GET /api/leaderboard-data/? HTTP/1.1" 200 537
"GET /api/leaderboard-data/? HTTP/1.1" 200 534
"GET /api/leaderboard-data/? HTTP/1.1" 200 537
"GET /api/leaderboard-data/? HTTP/1.1" 200 534
"GET /api/leaderboard-data/? HTTP/1.1" 200 537
"GET /api/leaderboard-data/? HTTP/1.1" 200 534
"GET /api/leaderboard-data/? HTTP/1.1" 200 537
"GET /api/leaderboard-data/? HTTP/1.1" 200 534
"GET /api/leaderboard-data/? HTTP/1.1" 200 537
"GET /api/leaderboard-data/? HTTP/1.1" 200 534
"GET /api/leaderboard-data/? HTTP/1.1" 200 537
"GET /api/leaderboard-data/? HTTP/1.1" 200 534
"GET /api/leaderboard-data/? HTTP/1.1" 200 537
"GET /api/leaderboard-data/? HTTP/1.1" 200 534
"GET /api/leaderboard-data/? HTTP/1.1" 200 537
"GET /api/leaderboard-data/? HTTP/1.1" 200 534
"GET /api/leaderboard-data/? HTTP/1.1" 200 537
"GET /api/leaderboard-data/? HTTP/1.1" 200 534
"GET /api/leaderboard-data/? HTTP/1.1" 200 537
"GET /api/leaderboard-data/? HTTP/1.1" 200 534
"GET /api/leaderboard-data/? HTTP/1.1" 200 537
"GET /api/leaderboard-data/? HTTP/1.1" 200 534
"GET /api/leaderboard-data/? HTTP/1.1" 200 537
"GET /api/leaderboard-data/? HTTP/1.1" 200 534
"GET /api/leaderboard-data/? HTTP/1.1" 200 537
"GET /api/leaderboard-data/? HTTP/1.1" 200 534
"GET /api/leaderboard-data/? HTTP/1.1" 200 537
"GET /api/leaderboard-data/? HTTP/1.1" 200 534
"GET /api/leaderboard-data/? HTTP/1.1" 200 537
"GET /api/leaderboard-data/? HTTP/1.1" 200 534
"GET /api/leaderboard-data/? HTTP/1.1" 200 537
"GET /api/leaderboard-data/? HTTP/1.1" 200 534
"GET /api/leaderboard-data/? HTTP/1.1" 200 537
"GET /api/leaderboard-data/? HTTP/1.1" 200 534
"GET /api/leaderboard-data/? HTTP/1.1" 200 537
"GET /api/leaderboard-data/? HTTP/1.1" 200 534
"GET /api/leaderboard-data/? HTTP/1.1" 200 537
"GET /api/leaderboard-data/? HTTP/1.1" 200 534
"GET /api/leaderboard-data/? HTTP/1.1" 200 537
"GET /api/leaderboard-data/? HTTP/1.1" 200 534
"GET /api/leaderboard-data/? HTTP/1.1" 200 537
"GET /api/leaderboard-data/? HTTP/1.1" 200 534
"GET /api/leaderboard-data/? HTTP/1.1" 200 537
"GET /api/leaderboard-data/? HTTP/1.1" 200 534
"GET /api/leaderboard-data/? HTTP/1.1" 200 537
"GET /api/leaderboard-data/? HTTP/1.1" 200 534
"GET /api/leaderboard-data/? HTTP/1.1" 200 537
"GET /api/leaderboard-data/? HTTP/1.1" 200 534
"GET /api/leaderboard-data/? HTTP/1.1" 200 537
"GET /api/leaderboard-data/? HTTP/1.1" 200 534
"GET /api/leaderboard-data/? HTTP/1.1" 200 537
"GET /api/leaderboard-data/? HTTP/1.1" 200 534
"GET /api/leaderboard-data/? HTTP/1.1" 200 537
"GET /api/leaderboard-data/? HTTP/1.1" 200 534
"GET /api/leaderboard-data/? HTTP/1.1" 200 537
"GET /api/leaderboard-data/? HTTP/1.1" 200 534
"GET /api/leaderboard-data/? HTTP/1.1" 200 537
"GET /api/leaderboard-data/? HTTP/1.1" 200 534
"GET /api/leaderboard-data/? HTTP/1.1" 200 537
"GET /api/leaderboard-data/? HTTP/1.1" 200 534
"GET /api/leaderboard-data/? HTTP/1.1" 200 537
"GET /api/leaderboard-data/? HTTP/1.1" 200 534
"GET /api/leaderboard-data/? HTTP/1.1" 200 537
"GET /api/leaderboard-data/? HTTP/1.1" 200 534
"GET /api/leaderboard-data/? HTTP/1.1" 200 537
"GET /api/leaderboard-data/? HTTP/1.1" 200 534
"GET /api/leaderboard-data/? HTTP/1.1" 200 537
"GET /api/leaderboard-data/? HTTP/1.1" 200 534
"GET /api/leaderboard-data/? HTTP/1.1" 200 537
"GET /api/leaderboard-data/? HTTP/1.1" 200 534
"GET /api/leaderboard-data/? HTTP/1.1" 200 537
"GET /api/leaderboard-data/? HTTP/1.1" 200 534
"GET /api/leaderboard-data/? HTTP/1.1" 200 537
"GET /api/leaderboard-data/? HTTP/1.1" 200 534
"GET /api/leaderboard-data/? HTTP/1.1" 200 537
"GET /api/leaderboard-data/? HTTP/1.1" 200 534
"GET /api/leaderboard-data/? HTTP/1.1" 200 537
"GET /api/leaderboard-data/? HTTP/1.1" 200 534
"GET /api/leaderboard-data/? HTTP/1.1" 200 537
"GET /api/leaderboard-data/? HTTP/1.1" 200 534
"GET /api/leaderboard-data/? HTTP/1.1" 200 537
"GET /api/leaderboard-data/? HTTP/1.1" 200 534
"GET /api/leaderboard-data/? HTTP/1.1" 200 537
"GET /api/leaderboard-data/? HTTP/1.1" 200 534
"GET /api/leaderboard-data/? HTTP/1.1" 200 537
"GET /api/leaderboard-data/? HTTP/1.1" 200 534
"GET /api/leaderboard-data/? HTTP/1.1" 200 537
"GET /api/leaderboard-data/? HTTP/1.1" 200 534
"GET /api/leaderboard-data/? HTTP/1.1" 200 537
"GET /api/leaderboard-data/? HTTP/1.1" 200 534
"GET /api/leaderboard-data/? HTTP/1.1" 200 537
"GET /api/leaderboard-data/? HTTP/1.1" 200 534
"GET /api/leaderboard-data/? HTTP/1.1" 200 537
"GET /api/leaderboard-data/? HTTP/1.1" 200 534
"GET /api/leaderboard-data/? HTTP/1.1" 200 537
"GET /api/leaderboard-data/? HTTP/1.1" 200 534
"GET /api/leaderboard-data/? HTTP/1.1" 200 537
"GET /api/leaderboard-data/? HTTP/1.1" 200 534
"GET /api/leaderboard-data/? HTTP/1.1" 200 537
"GET /api/leaderboard-data/? HTTP/1.1" 200 534
"GET /api/leaderboard-data/? HTTP/1.1" 200 537
"GET /api/leaderboard-data/? HTTP/1.1" 200 534
"GET /api/leaderboard-data/? HTTP/1.1" 200 537
"GET /api/leaderboard-data/? HTTP/1.1" 200 534
"GET /api/leaderboard-data/? HTTP/1.1" 200 537
"GET /api/leaderboard-data/? HTTP/1.1" 200 534
"GET /api/leaderboard-data/? HTTP/1.1" 200 537
"GET /api/leaderboard-data/? HTTP/1.1" 200 534
"GET /api/leaderboard-data/? HTTP/1.1" 200 537
"GET /api/leaderboard-data/? HTTP/1.1" 200 534
"GET /api/leaderboard-data/? HTTP/1.1" 200 537
"GET /api/leaderboard-data/? HTTP/1.1" 200 534
"GET /api/leaderboard-data/? HTTP/1.1" 200 537
"GET /api/leaderboard-data/? HTTP/1.1" 200 534
"GET /api/leaderboard-data/? HTTP/1.1" 200 537
"GET /api/leaderboard-data/? HTTP/1.1" 200 534
"GET /api/leaderboard-data/? HTTP/1.1" 200 537
"GET /api/leaderboard-data/? HTTP/1.1" 200 534
"GET /api/leaderboard-data/? HTTP/1.1" 200 537
"GET /api/leaderboard-data/? HTTP/1.1" 200 534
"GET /api/leaderboard-data/? HTTP/1.1" 200 537
"GET /api/leaderboard-data/? HTTP/1.1" 200 534
"GET /api/leaderboard-data/? HTTP/1.1" 200 537
"GET /api/leaderboard-data/? HTTP/1.1" 200 534
"GET /api/leaderboard-data/? HTTP/1.1" 200 537
"GET /api/leaderboard-data/? HTTP/1.1" 200 534
"GET /api/leaderboard-data/? HTTP/1.1" 200 537
"GET /api/leaderboard-data/? HTTP/1.1" 200 534
"GET /api/leaderboard-data/? HTTP/1.1" 200 537
"GET /api/leaderboard-data/? HTTP/1.1" 200 534
"GET /api/leaderboard-data/? HTTP/1.1" 200 537
"GET /api/leaderboard-data/? HTTP/1.1" 200 534
"GET /api/leaderboard-data/? HTTP/1.1" 200 537
"GET /api/leaderboard-data/? HTTP/1.1" 200 534
"GET /api/leaderboard-data/? HTTP/1.1" 200 537
"GET /api/leaderboard-data/? HTTP/1.1" 200 534
"GET /api/leaderboard-data/? HTTP/1.1" 200 537
"GET /api/leaderboard-data/? HTTP/1.1" 200 534
"GET /api/leaderboard-data/? HTTP/1.1" 200 537
"GET /api/leaderboard-data/? HTTP/1.1" 200 534
"GET /api/leaderboard-data/? HTTP/1.1" 200 537
"GET /api/leaderboard-data/? HTTP/1.1" 200 534
"GET /api/leaderboard-data/? HTTP/1.1" 200 537
"GET /api/leaderboard-data/? HTTP/1.1" 200 534
"GET /api/leaderboard-data/? HTTP/1.1" 200 537
"GET /api/leaderboard-data/? HTTP/1.1" 200 534
"GET /api/leaderboard-data/? HTTP/1.1" 200 537
"GET /api/leaderboard-data/? HTTP/1.1" 200 534
"GET /api/leaderboard-data/? HTTP/1.1" 200 537
"GET /api/leaderboard-data/? HTTP/1.1" 200 534
"GET /api/leaderboard-data/? HTTP/1.1" 200 537
"GET /api/leaderboard-data/? HTTP/1.1" 200 534
"GET /api/leaderboard-data/? HTTP/1.1" 200 537
"GET /api/leaderboard-data/? HTTP/1.1" 200 534
"GET /api/leaderboard-data/? HTTP/1.1" 200 537
"GET /api/leaderboard-data/? HTTP/1.1" 200 534
"GET /api/leaderboard-data/? HTTP/1.1" 200 537
"GET /api/leaderboard-data/? HTTP/1.1" 200 534
"GET /api/leaderboard-data/? HTTP/1.1" 200 537
"GET /api/leaderboard-data/? HTTP/1.1" 200 534
"GET /api/leaderboard-data/? HTTP/1.1" 200 537
"GET /api/leaderboard-data/? HTTP/1.1" 200 534
"GET /api/leaderboard-data/? HTTP/1.1" 200 537
"GET /api/leaderboard-data/? HTTP/1.1" 200 534
"GET /api/leaderboard-data/? HTTP/1.1" 200 537
"GET /api/leaderboard-data/? HTTP/1.1" 200 534
"GET /api/leaderboard-data/? HTTP/1.1" 200 537
"GET /api/leaderboard-data/? HTTP/1.1" 200 534
"GET /api/leaderboard-data/? HTTP/1.1" 200 537
"GET /api/leaderboard-data/? HTTP/1.1" 200 534
"GET /api/leaderboard-data/? HTTP/1.1" 200 537
"GET /api/leaderboard-data/? HTTP/1.1" 200 534
"GET /api/leaderboard-data/? HTTP/1.1" 200 537
"GET /api/leaderboard-data/? HTTP/1.1" 200 534
"GET /api/leaderboard-data/? HTTP/1.1" 200 537
"GET /api/leaderboard-data/? HTTP/1.1" 200 534
"GET /api/leaderboard-data/? HTTP/1.1" 200 537
"GET /api/leaderboard-data/? HTTP/1.1" 200 534
"GET /api/leaderboard-data/? HTTP/1.1" 200 537
"GET /api/leaderboard-data/? HTTP/1.1" 200 534
"GET /api/leaderboard-data/? HTTP/1.1" 200 537
"GET /api/leaderboard-data/? HTTP/1.1" 200 534
"GET /api/leaderboard-data/? HTTP/1.1" 200 537
"GET /api/leaderboard-data/? HTTP/1.1" 200 534
"GET /api/leaderboard-data/? HTTP/1.1" 200 537
"GET /api/leaderboard-data/? HTTP/1.1" 200 534
"GET /api/leaderboard-data/? HTTP/1.1" 200 537
"GET /api/leaderboard-data/? HTTP/1.1" 200 534
"GET /api/leaderboard-data/? HTTP/1.1" 200 537
"GET /api/leaderboard-data/? HTTP/1.1" 200 534
"GET /api/leaderboard-data/? HTTP/1.1" 200 537
"GET /api/leaderboard-data/? HTTP/1.1" 200 534
"GET /api/leaderboard-data/? HTTP/1.1" 200 537
"GET /api/leaderboard-data/? HTTP/1.1" 200 534
"GET /api/leaderboard-data/? HTTP/1.1" 200 537
"GET /api/leaderboard-data/? HTTP/1.1" 200 534
"GET /api/leaderboard-data/? HTTP/1.1" 200 537
"GET /api/leaderboard-data/? HTTP/1.1" 200 534
"GET /api/leaderboard-data/? HTTP/1.1" 200 537
"GET /api/leaderboard-data/? HTTP/1.1" 200 534
"GET /api/leaderboard-data/? HTTP/1.1" 200 537
"GET /api/leaderboard-data/? HTTP/1.1" 200 534
"GET /api/leaderboard-data/? HTTP/1.1" 200 537
"GET /api/leaderboard-data/? HTTP/1.1" 200 534
"GET /api/leaderboard-data/? HTTP/1.1" 200 537
"GET /api/leaderboard-data/? HTTP/1.1" 200 534
"GET /api/leaderboard-data/? HTTP/1.1" 200 537
"GET /api/leaderboard-data/? HTTP/1.1" 200 534
"GET /api/leaderboard-data/? HTTP/1.1" 200 537
"GET /api/leaderboard-data/? HTTP/1.1" 200 534
"GET /api/leaderboard-data/? HTTP/1.1" 200 537
"GET /api/leaderboard-data/? HTTP/1.1" 200 534
"GET /api/leaderboard-data/? HTTP/1.1" 200 537
"GET /api/leaderboard-data/? HTTP/1.1" 200 534
"GET /api/leaderboard-data/? HTTP/1.1" 200 537
"GET /api/leaderboard-data/? HTTP/1.1" 200 534
"GET /api/leaderboard-data/? HTTP/1.1" 200 537
"GET /api/leaderboard-data/? HTTP/1.1" 200 534
"GET /api/leaderboard-data/? HTTP/1.1" 200 537
"GET /api/leaderboard-data/? HTTP/1.1" 200 534
"GET /api/leaderboard-data/? HTTP/1.1" 200 537
"GET /api/leaderboard-data/? HTTP/1.1" 200 534
"GET /api/leaderboard-data/? HTTP/1.1" 200 537
"GET /api/leaderboard-data/? HTTP/1.1" 200 534
"GET /api/leaderboard-data/? HTTP/1.1" 200 537
"GET /api/leaderboard-data/? HTTP/1.1" 200 534
"GET /api/leaderboard-data/? HTTP/1.1" 200 537
"GET /api/leaderboard-data/? HTTP/1.1" 200 534
"GET /api/leaderboard-data/? HTTP/1.1" 200 537
"GET /api/leaderboard-data/? HTTP/1.1" 200 534
"GET /api/leaderboard-data/? HTTP/1.1" 200 537
"GET /api/leaderboard-data/? HTTP/1.1" 200 534
"GET /api/leaderboard-data/? HTTP/1.1" 200 537
"GET /api/leaderboard-data/? HTTP/1.1" 200 534
"GET /api/leaderboard-data/? HTTP/1.1" 200 537
"GET /api/leaderboard-data/? HTTP/1.1" 200 534
"GET /api/leaderboard-data/? HTTP/1.1" 200 537
"GET /api/leaderboard-data/? HTTP/1.1" 200 534
"GET /api/leaderboard-data/? HTTP/1.1" 200 537
"GET /api/leaderboard-data/? HTTP/1.1" 200 534
"GET /api/leaderboard-data/? HTTP/1.1" 200 537
"GET /api/leaderboard-data/? HTTP/1.1" 200 534
"GET /api/leaderboard-data/? HTTP/1.1" 200 537
"GET /api/leaderboard-data/? HTTP/1.1" 200 534
"GET /api/leaderboard-data/? HTTP/1.1" 200 537
"GET /api/leaderboard-data/? HTTP/1.1" 200 534
"GET /api/leaderboard-data/? HTTP/1.1" 200 537
"GET /api/leaderboard-data/? HTTP/1.1" 200 534
"GET /api/leaderboard-data/? HTTP/1.1" 200 537
"GET /api/leaderboard-data/? HTTP/1.1" 200 534
"GET /api/leaderboard-data/? HTTP/1.1" 200 537
"GET /api/leaderboard-data/? HTTP/1.1" 200 534
"GET /api/leaderboard-data/? HTTP/1.1" 200 537
"GET /api/leaderboard-data/? HTTP/1.1" 200 534
"GET /api/leaderboard-data/? HTTP/1.1" 200 537
"GET /api/leaderboard-data/? HTTP/1.1" 200 534
"GET /api/leaderboard-data/? HTTP/1.1" 200 537
"GET /api/leaderboard-data/? HTTP/1.1" 200 534
"GET /api/leaderboard-data/? HTTP/1.1" 200 537
"GET /api/leaderboard-data/? HTTP/1.1" 200 534
"GET /api/leaderboard-data/? HTTP/1.1" 200 537
"GET /api/leaderboard-data/? HTTP/1.1" 200 534
"GET /api/leaderboard-data/? HTTP/1.1" 200 537
"GET /api/leaderboard-data/? HTTP/1.1" 200 534
"GET /api/leaderboard-data/? HTTP/1.1" 200 537
"GET /api/leaderboard-data/? HTTP/1.1" 200 534
"GET /api/leaderboard-data/? HTTP/1.1" 200 537
"GET /api/leaderboard-data/? HTTP/1.1" 200 534
"GET /api/leaderboard-data/? HTTP/1.1" 200 537
"GET /api/leaderboard-data/? HTTP/1.1" 200 534
"GET /api/leaderboard-data/? HTTP/1.1" 200 537
"GET /api/leaderboard-data/? HTTP/1.1" 200 534
"GET /api/leaderboard-data/? HTTP/1.1" 200 537
"GET /api/leaderboard-data/? HTTP/1.1" 200 534
"GET /api/leaderboard-data/? HTTP/1.1" 200 537
"GET /api/leaderboard-data/? HTTP/1.1" 200 534
"GET /api/leaderboard-data/? HTTP/1.1" 200 537
"GET /api/leaderboard-data/? HTTP/1.1" 200 534
"GET /api/leaderboard-data/? HTTP/1.1" 200 537
"GET /api/leaderboard-data/? HTTP/1.1" 200 534
"GET /api/leaderboard-data/? HTTP/1.1" 200 537
"GET /api/leaderboard-data/? HTTP/1.1" 200 534
"GET /api/leaderboard-data/? HTTP/1.1" 200 537
"GET /api/leaderboard-data/? HTTP/1.1" 200 534
"GET /api/leaderboard-data/? HTTP/1.1" 200 537
"GET /api/leaderboard-data/? HTTP/1.1" 200 534
"GET /api/leaderboard-data/? HTTP/1.1" 200 537
"GET /api/leaderboard-data/? HTTP/1.1" 200 534
"GET /api/leaderboard-data/? HTTP/1.1" 200 537
"GET /api/leaderboard-data/? HTTP/1.1" 200 534
"GET /api/leaderboard-data/? HTTP/1.1" 200 537
"GET /api/leaderboard-data/? HTTP/1.1" 200 534
"GET /api/leaderboard-data/? HTTP/1.1" 200 537
"GET /api/leaderboard-data/? HTTP/1.1" 200 534
"GET /api/leaderboard-data/? HTTP/1.1" 200 537
"GET /api/leaderboard-data/? HTTP/1.1" 200 534
"GET /api/leaderboard-data/? HTTP/1.1" 200 537
"GET /api/leaderboard-data/? HTTP/1.1" 200 534
"GET /api/leaderboard-data/? HTTP/1.1" 200 537
"GET /api/leaderboard-data/? HTTP/1.1" 200 534
"GET /api/leaderboard-data/? HTTP/1.1" 200 537
"GET /api/leaderboard-data/? HTTP/1.1" 200 534
"GET /api/leaderboard-data/? HTTP/1.1" 200 537
"GET /api/leaderboard-data/? HTTP/1.1" 200 534
"GET /api/leaderboard-data/? HTTP/1.1" 200 537
"GET /api/leaderboard-data/? HTTP/1.1" 200 534
"GET /api/leaderboard-data/? HTTP/1.1" 200 537
"GET /api/leaderboard-data/? HTTP/1.1" 200 534
"GET /api/leaderboard-data/? HTTP/1.1" 200 537
"GET /api/leaderboard-data/? HTTP/1.1" 200 534
"GET /api/leaderboard-data/? HTTP/1.1" 200 537
"GET /api/leaderboard-data/? HTTP/1.1" 200 534
"GET /api/leaderboard-data/? HTTP/1.1" 200 537
"GET /api/leaderboard-data/? HTTP/1.1" 200 534
"GET /api/leaderboard-data/? HTTP/1.1" 200 537
"GET /api/leaderboard-data/? HTTP/1.1" 200 534
"GET /api/leaderboard-data/? HTTP/1.1" 200 537
"GET /api/leaderboard-data/? HTTP/1.1" 200 534
"GET /api/leaderboard-data/? HTTP/1.1" 200 537
"GET /api/leaderboard-data/? HTTP/1.1" 200 534
"GET /api/leaderboard-data/? HTTP/1.1" 200 537
"GET /api/leaderboard-data/? HTTP/1.1" 200 534
"GET /api/leaderboard-data/? HTTP/1.1" 200 537
"GET /api/leaderboard-data/? HTTP/1.1" 200 534
"GET /api/leaderboard-data/? HTTP/1.1" 200 537
"GET /api/leaderboard-data/? HTTP/1.1" 200 534
"GET /api/leaderboard-data/? HTTP/1.1" 200 537
"GET /api/leaderboard-data/? HTTP/1.1" 200 534
"GET /api/leaderboard-data/? HTTP/1.1" 200 537
"GET /api/leaderboard-data/? HTTP/1.1" 200 534
"GET /api/leaderboard-data/? HTTP/1.1" 200 537
"GET /api/leaderboard-data/? HTTP/1.1" 200 534
"GET /api/leaderboard-data/? HTTP/1.1" 200 537
"GET /api/leaderboard-data/? HTTP/1.1" 200 534
"GET /api/leaderboard-data/? HTTP/1.1" 200 537
"GET /api/leaderboard-data/? HTTP/1.1" 200 534
"GET /api/leaderboard-data/? HTTP/1.1" 200 537
"GET /api/leaderboard-data/? HTTP/1.1" 200 534
"GET /api/leaderboard-data/? HTTP/1.1" 200 537
"GET /api/leaderboard-data/? HTTP/1.1" 200 534
"GET /api/leaderboard-data/? HTTP/1.1" 200 537
"GET /api/leaderboard-data/? HTTP/1.1" 200 534
"GET /api/leaderboard-data/? HTTP/1.1" 200 537
"GET /api/leaderboard-data/? HTTP/1.1" 200 534
"GET /api/leaderboard-data/? HTTP/1.1" 200 537
"GET /api/leaderboard-data/? HTTP/1.1" 200 534
"GET /api/leaderboard-data/? HTTP/1.1" 200 537
"GET /api/leaderboard-data/? HTTP/1.1" 200 534
"GET /api/leaderboard-data/? HTTP/1.1" 200 537
"GET /api/leaderboard-data/? HTTP/1.1" 200 534
"GET /api/leaderboard-data/? HTTP/1.1" 200 537
"GET /api/leaderboard-data/? HTTP/1.1" 200 534
"GET /api/leaderboard-data/? HTTP/1.1" 200 537
"GET /api/leaderboard-data/? HTTP/1.1" 200 534
"GET /api/leaderboard-data/? HTTP/1.1" 200 537
"GET /api/leaderboard-data/? HTTP/1.1" 200 534
"GET /api/leaderboard-data/? HTTP/1.1" 200 537
"GET /api/leaderboard-data/? HTTP/1.1" 200 534
"GET /api/leaderboard-data/? HTTP/1.1" 200 537
"GET /api/leaderboard-data/? HTTP/1.1" 200 534
"GET /api/leaderboard-data/? HTTP/1.1" 200 537
"GET /api/leaderboard-data/? HTTP/1.1" 200 534
"GET /api/leaderboard-data/? HTTP/1.1" 200 537
"GET /api/leaderboard-data/? HTTP/1.1" 200 534
"GET /api/leaderboard-data/? HTTP/1.1" 200 537
"GET /api/leaderboard-data/? HTTP/1.1" 200 534
"GET /api/leaderboard-data/? HTTP/1.1" 200 537
"GET /api/leaderboard-data/? HTTP/1.1" 200 534
"GET /api/leaderboard-data/? HTTP/1.1" 200 537
"GET /api/leaderboard-data/? HTTP/1.1" 200 534
"GET /api/leaderboard-data/? HTTP/1.1" 200 537
"GET /api/leaderboard-data/? HTTP/1.1" 200 534
"GET /api/leaderboard-data/? HTTP/1.1" 200 537
"GET /api/leaderboard-data/? HTTP/1.1" 200 534
"GET /api/leaderboard-data/? HTTP/1.1" 200 537
"GET /api/leaderboard-data/? HTTP/1.1" 200 534
"GET /api/leaderboard-data/? HTTP/1.1" 200 537
"GET /api/leaderboard-data/? HTTP/1.1" 200 534
"GET /api/leaderboard-data/? HTTP/1.1" 200 537
"GET /api/leaderboard-data/? HTTP/1.1" 200 534
"GET /api/leaderboard-data/? HTTP/1.1" 200 537
"GET /api/leaderboard-data/? HTTP/1.1" 200 534
"GET /api/leaderboard-data/? HTTP/1.1" 200 537
"GET /api/leaderboard-data/? HTTP/1.1" 200 534
"GET /api/leaderboard-data/? HTTP/1.1" 200 537
"GET /api/leaderboard-data/? HTTP/1.1" 200 534
"GET /api/leaderboard-data/? HTTP/1.1" 200 537
"GET /api/leaderboard-data/? HTTP/1.1" 200 534
"GET /api/leaderboard-data/? HTTP/1.1" 200 537
"GET /api/leaderboard-data/? HTTP/1.1" 200 534
"GET /api/leaderboard-data/? HTTP/1.1" 200 537
"GET /api/leaderboard-data/? HTTP/1.1" 200 534
"GET /api/leaderboard-data/? HTTP/1.1" 200 537
"GET /api/leaderboard-data/? HTTP/1.1" 200 534
"GET /api/leaderboard-data/? HTTP/1.1" 200 537
"GET /api/leaderboard-data/? HTTP/1.1" 200 534
"GET /api/leaderboard-data/? HTTP/1.1" 200 537
"GET /api/leaderboard-data/? HTTP/1.1" 200 534
"GET /api/leaderboard-data/? HTTP/1.1" 200 537
"GET /api/leaderboard-data/? HTTP/1.1" 200 534
"GET /api/leaderboard-data/? HTTP/1.1" 200 537
"GET /api/leaderboard-data/? HTTP/1.1" 200 534
"GET /api/leaderboard-data/? HTTP/1.1" 200 537
"GET /api/leaderboard-data/? HTTP/1.1" 200 534
"GET /api/leaderboard-data/? HTTP/1.1" 200 537
"GET /api/leaderboard-data/? HTTP/1.1" 200 534
"GET /api/leaderboard-data/? HTTP/1.1" 200 537
"GET /api/leaderboard-data/? HTTP/1.1" 200 534
"GET /api/leaderboard-data/? HTTP/1.1" 200 537
"GET /api/leaderboard-data/? HTTP/1.1" 200 534
"GET /api/leaderboard-data/? HTTP/1.1" 200 537
"GET /api/leaderboard-data/? HTTP/1.1" 200 534
"GET /api/leaderboard-data/? HTTP/1.1" 200 537
"GET /api/leaderboard-data/? HTTP/1.1" 200 534
"GET /api/leaderboard-data/? HTTP/1.1" 200 537
"GET /api/leaderboard-data/? HTTP/1.1" 200 534
"GET /api/leaderboard-data/? HTTP/1.1" 200 537
"GET /api/leaderboard-data/? HTTP/1.1" 200 534
"GET /api/leaderboard-data/? HTTP/1.1" 200 537
"GET /api/leaderboard-data/? HTTP/1.1" 200 534
"GET /api/leaderboard-data/? HTTP/1.1" 200 537
"GET /api/leaderboard-data/? HTTP/1.1" 200 534
"GET /api/leaderboard-data/? HTTP/1.1" 200 537
"GET /api/leaderboard-data/? HTTP/1.1" 200 534
"GET /api/leaderboard-data/? HTTP/1.1" 200 537
"GET /api/leaderboard-data/? HTTP/1.1" 200 534
"GET /api/leaderboard-data/? HTTP/1.1" 200 537
"GET /api/leaderboard-data/? HTTP/1.1" 200 534
"GET /api/leaderboard-data/? HTTP/1.1" 200 537
"GET /api/leaderboard-data/? HTTP/1.1" 200 534
"GET /api/leaderboard-data/? HTTP/1.1" 200 537
"GET /api/leaderboard-data/? HTTP/1.1" 200 534
"GET /api/leaderboard-data/? HTTP/1.1" 200 537
"GET /api/leaderboard-data/? HTTP/1.1" 200 534
"GET /api/leaderboard-data/? HTTP/1.1" 200 537
"GET /api/leaderboard-data/? HTTP/1.1" 200 534
"GET /api/leaderboard-data/? HTTP/1.1" 200 537
"GET /api/leaderboard-data/? HTTP/1.1" 200 534
"GET /api/leaderboard-data/? HTTP/1.1" 200 537
"GET /api/leaderboard-data/? HTTP/1.1" 200 534
"GET /api/leaderboard-data/? HTTP/1.1" 200 537
"GET /api/leaderboard-data/? HTTP/1.1" 200 534
"GET /api/leaderboard-data/? HTTP/1.1" 200 537
"GET /api/leaderboard-data/? HTTP/1.1" 200 534
"GET /api/leaderboard-data/? HTTP/1.1" 200 537
"GET /api/leaderboard-data/? HTTP/1.1" 200 534
"GET /api/leaderboard-data/? HTTP/1.1" 200 537
"GET /api/leaderboard-data/? HTTP/1.1" 200 534
"GET /api/leaderboard-data/? HTTP/1.1" 200 537
"GET /api/leaderboard-data/? HTTP/1.1" 200 534
"GET /api/leaderboard-data/? HTTP/1.1" 200 537
"GET /api/leaderboard-data/? HTTP/1.1" 200 534
"GET /api/leaderboard-data/? HTTP/1.1" 200 537
"GET /api/leaderboard-data/? HTTP/1.1" 200 534
"GET /api/leaderboard-data/? HTTP/1.1" 200 537
"GET /api/leaderboard-data/? HTTP/1.1" 200 534
"GET /api/leaderboard-data/? HTTP/1.1" 200 537
"GET /api/leaderboard-data/? HTTP/1.1" 200 534
"GET /api/leaderboard-data/? HTTP/1.1" 200 537
"GET /api/leaderboard-data/? HTTP/1.1" 200 534
"GET /api/leaderboard-data/? HTTP/1.1" 200 537
"GET /api/leaderboard-data/? HTTP/1.1" 200 534
"GET /api/leaderboard-data/? HTTP/1.1" 200 537
"GET /api/leaderboard-data/? HTTP/1.1" 200 534
"GET /api/leaderboard-data/? HTTP/1.1" 200 537
"GET /api/leaderboard-data/? HTTP/1.1" 200 534
"GET /api/leaderboard-data/? HTTP/1.1" 200 537
"GET /api/leaderboard-data/? HTTP/1.1" 200 534
"GET /api/leaderboard-data/? HTTP/1.1" 200 537
"GET /api/leaderboard-data/? HTTP/1.1" 200 534
"GET /api/leaderboard-data/? HTTP/1.1" 200 537
"GET /api/leaderboard-data/? HTTP/1.1" 200 534
"GET /api/leaderboard-data/? HTTP/1.1" 200 537
"GET /api/leaderboard-data/? HTTP/1.1" 200 534
"GET /api/leaderboard-data/? HTTP/1.1" 200 537
"GET /api/leaderboard-data/? HTTP/1.1" 200 534
"GET /api/leaderboard-data/? HTTP/1.1" 200 537
"GET /api/leaderboard-data/? HTTP/1.1" 200 534
"GET /api/leaderboard-data/? HTTP/1.1" 200 537
"GET /api/leaderboard-data/? HTTP/1.1" 200 534
"GET /api/leaderboard-data/? HTTP/1.1" 200 537
"GET /api/leaderboard-data/? HTTP/1.1" 200 534
"GET /api/leaderboard-data/? HTTP/1.1" 200 537
"GET /api/leaderboard-data/? HTTP/1.1" 200 534
"GET /api/leaderboard-data/? HTTP/1.1" 200 537
"GET /api/leaderboard-data/? HTTP/1.1" 200 534
"GET /api/leaderboard-data/? HTTP/1.1" 200 537
"GET /api/leaderboard-data/? HTTP/1.1" 200 534
"GET /api/leaderboard-data/? HTTP/1.1" 200 537
"GET /api/leaderboard-data/? HTTP/1.1" 200 534
"GET /api/leaderboard-data/? HTTP/1.1" 200 537
"GET /api/leaderboard-data/? HTTP/1.1" 200 534
"GET /api/leaderboard-data/? HTTP/1.1" 200 537
"GET /api/leaderboard-data/? HTTP/1.1" 200 534
"GET /api/leaderboard-data/? HTTP/1.1" 200 537
"GET /api/leaderboard-data/? HTTP/1.1" 200 534
"GET /api/leaderboard-data/? HTTP/1.1" 200 537
"GET /api/leaderboard-data/? HTTP/1.1" 200 534
"GET /api/leaderboard-data/? HTTP/1.1" 200 537
"GET /api/leaderboard-data/? HTTP/1.1" 200 534
"GET /api/leaderboard-data/? HTTP/1.1" 200 537
"GET /api/leaderboard-data/? HTTP/1.1" 200 534
"GET /api/leaderboard-data/? HTTP/1.1" 200 537
"GET /api/leaderboard-data/? HTTP/1.1" 200 534
"GET /api/leaderboard-data/? HTTP/1.1" 200 537
"GET /api/leaderboard-data/? HTTP/1.1" 200 534
"GET /api/leaderboard-data/? HTTP/1.1" 200 537
"GET /api/leaderboard-data/? HTTP/1.1" 200 534
"GET /api/leaderboard-data/? HTTP/1.1" 200 537
"GET /api/leaderboard-data/? HTTP/1.1" 200 534
"GET /api/leaderboard-data/? HTTP/1.1" 200 537
"GET /api/leaderboard-data/? HTTP/1.1" 200 534
"GET /api/leaderboard-data/? HTTP/1.1" 200 537
"GET /api/leaderboard-data/? HTTP/1.1" 200 534
"GET /api/leaderboard-data/? HTTP/1.1" 200 537
"GET /api/leaderboard-data/? HTTP/1.1" 200 534
"GET /api/leaderboard-data/? HTTP/1.1" 200 537
"GET /api/leaderboard-data/? HTTP/1.1" 200 534
"GET /api/leaderboard-data/? HTTP/1.1" 200 537
"GET /api/leaderboard-data/? HTTP/1.1" 200 534
"GET /api/leaderboard-data/? HTTP/1.1" 200 537
"GET /api/leaderboard-data/? HTTP/1.1" 200 534
"GET /api/leaderboard-data/? HTTP/1.1" 200 537
"GET /api/leaderboard-data/? HTTP/1.1" 200 534
"GET /api/leaderboard-data/? HTTP/1.1" 200 537
"GET /api/leaderboard-data/? HTTP/1.1" 200 534
"GET /api/leaderboard-data/? HTTP/1.1" 200 537
"GET /api/leaderboard-data/? HTTP/1.1" 200 534
"GET /api/leaderboard-data/? HTTP/1.1" 200 537
"GET /api/leaderboard-data/? HTTP/1.1" 200 534
"GET /api/leaderboard-data/? HTTP/1.1" 200 537
"GET /api/leaderboard-data/? HTTP/1.1" 200 534
"GET /api/leaderboard-data/? HTTP/1.1" 200 537
"GET /api/leaderboard-data/? HTTP/1.1" 200 534
"GET /api/leaderboard-data/? HTTP/1.1" 200 537
"GET /api/leaderboard-data/? HTTP/1.1" 200 534
"GET /api/leaderboard-data/? HTTP/1.1" 200 537
"GET /api/leaderboard-data/? HTTP/1.1" 200 534
"GET /api/leaderboard-data/? HTTP/1.1" 200 537
"GET /api/leaderboard-data/? HTTP/1.1" 200 534
"GET /api/leaderboard-data/? HTTP/1.1" 200 537
"GET /api/leaderboard-data/? HTTP/1.1" 200 534
"GET /api/leaderboard-data/? HTTP/1.1" 200 537
"GET /api/leaderboard-data/? HTTP/1.1" 200 534
"GET /api/leaderboard-data/? HTTP/1.1" 200 537
"GET /api/leaderboard-data/? HTTP/1.1" 200 534
"GET /api/leaderboard-data/? HTTP/1.1" 200 537
"GET /api/leaderboard-data/? HTTP/1.1" 200 534
"GET /api/leaderboard-data/? HTTP/1.1" 200 537
"GET /api/leaderboard-data/? HTTP/1.1" 200 534
"GET /api/leaderboard-data/? HTTP/1.1" 200 537
"GET /api/leaderboard-data/? HTTP/1.1" 200 534
"GET /api/leaderboard-data/? HTTP/1.1" 200 537
"GET /api/leaderboard-data/? HTTP/1.1" 200 534
"GET /api/leaderboard-data/? HTTP/1.1" 200 537
"GET /api/leaderboard-data/? HTTP/1.1" 200 534
"GET /api/leaderboard-data/? HTTP/1.1" 200 537
"GET /api/leaderboard-data/? HTTP/1.1" 200 534
"GET /api/leaderboard-data/? HTTP/1.1" 200 537
"GET /api/leaderboard-data/? HTTP/1.1" 200 534
"GET /api/leaderboard-data/? HTTP/1.1" 200 537
"GET /api/leaderboard-data/? HTTP/1.1" 200 534
"GET /api/leaderboard-data/? HTTP/1.1" 200 537
"GET /api/leaderboard-data/? HTTP/1.1" 200 534
"GET /api/leaderboard-data/? HTTP/1.1" 200 537
"GET /api/leaderboard-data/? HTTP/1.1" 200 534
"GET /api/leaderboard-data/? HTTP/1.1" 200 537
"GET /api/leaderboard-data/? HTTP/1.1" 200 534
"GET /api/leaderboard-data/? HTTP/1.1" 200 537
"GET /api/leaderboard-data/? HTTP/1.1" 200 534
"GET /api/leaderboard-data/? HTTP/1.1" 200 537
"GET /api/leaderboard-data/? HTTP/1.1" 200 534
"GET /api/leaderboard-data/? HTTP/1.1" 200 537
"GET /api/leaderboard-data/? HTTP/1.1" 200 534
"GET /api/leaderboard-data/? HTTP/1.1" 200 537
"GET /api/leaderboard-data/? HTTP/1.1" 200 534
"GET /api/leaderboard-data/? HTTP/1.1" 200 537
"GET /api/leaderboard-data/? HTTP/1.1" 200 534
"GET /api/leaderboard-data/? HTTP/1.1" 200 537
"GET /api/leaderboard-data/? HTTP/1.1" 200 534
"GET /api/leaderboard-data/? HTTP/1.1" 200 537
"GET /api/leaderboard-data/? HTTP/1.1" 200 534
"GET /api/leaderboard-data/? HTTP/1.1" 200 537
"GET /api/leaderboard-data/? HTTP/1.1" 200 534
"GET /api/leaderboard-data/? HTTP/1.1" 200 537
"GET /api/leaderboard-data/? HTTP/1.1" 200 534
"GET /api/leaderboard-data/? HTTP/1.1" 200 537
"GET /api/leaderboard-data/? HTTP/1.1" 200 534
"GET /api/leaderboard-data/? HTTP/1.1" 200 537
"GET /api/leaderboard-data/? HTTP/1.1" 200 534
"GET /api/leaderboard-data/? HTTP/1.1" 200 537
"GET /api/leaderboard-data/? HTTP/1.1" 200 534
"GET /api/leaderboard-data/? HTTP/1.1" 200 537
"GET /api/leaderboard-data/? HTTP/1.1" 200 534
"GET /api/leaderboard-data/? HTTP/1.1" 200 537
"GET /api/leaderboard-data/? HTTP/1.1" 200 534
"GET /api/leaderboard-data/? HTTP/1.1" 200 537
"GET /api/leaderboard-data/? HTTP/1.1" 200 534
"GET /api/leaderboard-data/? HTTP/1.1" 200 537
"GET /api/leaderboard-data/? HTTP/1.1" 200 534
"GET /api/leaderboard-data/? HTTP/1.1" 200 537
"GET /api/leaderboard-data/? HTTP/1.1" 200 534
"GET /api/leaderboard-data/? HTTP/1.1" 200 537
"GET /api/leaderboard-data/? HTTP/1.1" 200 534
"GET /api/leaderboard-data/? HTTP/1.1" 200 537
"GET /api/leaderboard-data/? HTTP/1.1" 200 534
"GET /api/leaderboard-data/? HTTP/1.1" 200 537
"GET /api/leaderboard-data/? HTTP/1.1" 200 534
"GET /api/leaderboard-data/? HTTP/1.1" 200 537
"GET /api/leaderboard-data/? HTTP/1.1" 200 534
"GET /api/leaderboard-data/? HTTP/1.1" 200 537
"GET /api/leaderboard-data/? HTTP/1.1" 200 534
"GET /api/leaderboard-data/? HTTP/1.1" 200 537
"GET /api/leaderboard-data/? HTTP/1.1" 200 534
"GET /api/leaderboard-data/? HTTP/1.1" 200 537
"GET /api/leaderboard-data/? HTTP/1.1" 200 534
"GET /api/leaderboard-data/? HTTP/1.1" 200 537
"GET /api/leaderboard-data/? HTTP/1.1" 200 534
"GET /api/leaderboard-data/? HTTP/1.1" 200 537
"GET /api/leaderboard-data/? HTTP/1.1" 200 534
"GET /api/leaderboard-data/? HTTP/1.1" 200 537
"GET /api/leaderboard-data/? HTTP/1.1" 200 534
"GET /api/leaderboard-data/? HTTP/1.1" 200 537
"GET /api/leaderboard-data/? HTTP/1.1" 200 534
"GET /api/leaderboard-data/? HTTP/1.1" 200 537
"GET /api/leaderboard-data/? HTTP/1.1" 200 534
"GET /api/leaderboard-data/? HTTP/1.1" 200 537
"GET /api/leaderboard-data/? HTTP/1.1" 200 534
"GET /api/leaderboard-data/? HTTP/1.1" 200 537
"GET /api/leaderboard-data/? HTTP/1.1" 200 534
"GET /api/leaderboard-data/? HTTP/1.1" 200 537
"GET /api/leaderboard-data/? HTTP/1.1" 200 534
"GET /api/leaderboard-data/? HTTP/1.1" 200 537
"GET /api/leaderboard-data/? HTTP/1.1" 200 534
"GET /api/leaderboard-data/? HTTP/1.1" 200 537
"GET /api/leaderboard-data/? HTTP/1.1" 200 534
"GET /api/leaderboard-data/? HTTP/1.1" 200 537
"GET /api/leaderboard-data/? HTTP/1.1" 200 534
"GET /api/leaderboard-data/? HTTP/1.1" 200 537
"GET /api/leaderboard-data/? HTTP/1.1" 200 534
"GET /api/leaderboard-data/? HTTP/1.1" 200 537
"GET /api/leaderboard-data/? HTTP/1.1" 200 534
"GET /api/leaderboard-data/? HTTP/1.1" 200 537
"GET /api/leaderboard-data/? HTTP/1.1" 200 534
"GET /api/leaderboard-data/? HTTP/1.1" 200 537
"GET /api/leaderboard-data/? HTTP/1.1" 200 534
"GET /api/leaderboard-data/? HTTP/1.1" 200 537
"GET /api/leaderboard-data/? HTTP/1.1" 200 534
"GET /api/leaderboard-data/? HTTP/1.1" 200 537
"GET /api/leaderboard-data/? HTTP/1.1" 200 534
"GET /api/leaderboard-data/? HTTP/1.1" 200 537
"GET /api/leaderboard-data/? HTTP/1.1" 200 534
"GET /api/leaderboard-data/? HTTP/1.1" 200 537
"GET /api/leaderboard-data/? HTTP/1.1" 200 534
"GET /api/leaderboard-data/? HTTP/1.1" 200 537
"GET /api/leaderboard-data/? HTTP/1.1" 200 534
"GET /api/leaderboard-data/? HTTP/1.1" 200 537
"GET /api/leaderboard-data/? HTTP/1.1" 200 534
"GET /api/leaderboard-data/? HTTP/1.1" 200 537
"GET /api/leaderboard-data/? HTTP/1.1" 200 534
"GET /api/leaderboard-data/? HTTP/1.1" 200 537
"GET /api/leaderboard-data/? HTTP/1.1" 200 534
"GET /api/leaderboard-data/? HTTP/1.1" 200 537
"GET /api/leaderboard-data/? HTTP/1.1" 200 534
"GET /api/leaderboard-data/? HTTP/1.1" 200 537
"GET /api/leaderboard-data/? HTTP/1.1" 200 534
"GET /api/leaderboard-data/? HTTP/1.1" 200 537
"GET /api/leaderboard-data/? HTTP/1.1" 200 534
"GET /api/leaderboard-data/? HTTP/1.1" 200 537
"GET /api/leaderboard-data/? HTTP/1.1" 200 534
"GET /api/leaderboard-data/? HTTP/1.1" 200 537
"GET /api/leaderboard-data/? HTTP/1.1" 200 534
"GET /api/leaderboard-data/? HTTP/1.1" 200 537
"GET /api/leaderboard-data/? HTTP/1.1" 200 534
"GET /api/leaderboard-data/? HTTP/1.1" 200 537
"GET /api/leaderboard-data/? HTTP/1.1" 200 534
"GET /api/leaderboard-data/? HTTP/1.1" 200 537
"GET /api/leaderboard-data/? HTTP/1.1" 200 534
"GET /api/leaderboard-data/? HTTP/1.1" 200 537
"GET /api/leaderboard-data/? HTTP/1.1" 200 534
"GET /api/leaderboard-data/? HTTP/1.1" 200 537
"GET /api/leaderboard-data/? HTTP/1.1" 200 534
"GET /api/leaderboard-data/? HTTP/1.1" 200 537
"GET /api/leaderboard-data/? HTTP/1.1" 200 534
"GET /api/leaderboard-data/? HTTP/1.1" 200 537
"GET /api/leaderboard-data/? HTTP/1.1" 200 534
"GET /api/leaderboard-data/? HTTP/1.1" 200 537
"GET /api/leaderboard-data/? HTTP/1.1" 200 534
"GET /api/leaderboard-data/? HTTP/1.1" 200 537
"GET /api/leaderboard-data/? HTTP/1.1" 200 534
"GET /api/leaderboard-data/? HTTP/1.1" 200 537
"GET /api/leaderboard-data/? HTTP/1.1" 200 534
"GET /api/leaderboard-data/? HTTP/1.1" 200 537
"GET /api/leaderboard-data/? HTTP/1.1" 200 534
"GET /api/leaderboard-data/? HTTP/1.1" 200 537
"GET /api/leaderboard-data/? HTTP/1.1" 200 534
"GET /api/leaderboard-data/? HTTP/1.1" 200 537
"GET /api/leaderboard-data/? HTTP/1.1" 200 534
"GET /api/leaderboard-data/? HTTP/1.1" 200 537
"GET /api/leaderboard-data/? HTTP/1.1" 200 534
"GET /api/leaderboard-data/? HTTP/1.1" 200 537
"GET /api/leaderboard-data/? HTTP/1.1" 200 534
"GET /api/leaderboard-data/? HTTP/1.1" 200 537
"GET /api/leaderboard-data/? HTTP/1.1" 200 534
"GET /api/leaderboard-data/? HTTP/1.1" 200 537
"GET /api/leaderboard-data/? HTTP/1.1" 200 534
"GET /api/leaderboard-data/? HTTP/1.1" 200 537
"GET /api/leaderboard-data/? HTTP/1.1" 200 534
"GET /api/leaderboard-data/? HTTP/1.1" 200 537
"GET /api/leaderboard-data/? HTTP/1.1" 200 534
"GET /api/leaderboard-data/? HTTP/1.1" 200 537
"GET /api/leaderboard-data/? HTTP/1.1" 200 534
"GET /api/leaderboard-data/? HTTP/1.1" 200 537
"GET /api/leaderboard-data/? HTTP/1.1" 200 534
"GET /api/leaderboard-data/? HTTP/1.1" 200 537
"GET /api/leaderboard-data/? HTTP/1.1" 200 534
"GET /api/leaderboard-data/? HTTP/1.1" 200 537
"GET /api/leaderboard-data/? HTTP/1.1" 200 534
"GET /api/leaderboard-data/? HTTP/1.1" 200 537
"GET /api/leaderboard-data/? HTTP/1.1" 200 534
"GET /api/leaderboard-data/? HTTP/1.1" 200 537
"GET /api/leaderboard-data/? HTTP/1.1" 200 534
"GET /api/leaderboard-data/? HTTP/1.1" 200 537
"GET /api/leaderboard-data/? HTTP/1.1" 200 534
"GET /api/leaderboard-data/? HTTP/1.1" 200 537
"GET /api/leaderboard-data/? HTTP/1.1" 200 534
"GET /api/leaderboard-data/? HTTP/1.1" 200 537
"GET /api/leaderboard-data/? HTTP/1.1" 200 534
"GET /api/leaderboard-data/? HTTP/1.1" 200 537
"GET /api/leaderboard-data/? HTTP/1.1" 200 534
"GET /api/leaderboard-data/? HTTP/1.1" 200 537
"GET /api/leaderboard-data/? HTTP/1.1" 200 534
"GET /api/leaderboard-data/? HTTP/1.1" 200 537
"GET /api/leaderboard-data/? HTTP/1.1" 200 534
"GET /api/leaderboard-data/? HTTP/1.1" 200 537
"GET /api/leaderboard-data/? HTTP/1.1" 200 534
"GET /api/leaderboard-data/? HTTP/1.1" 200 537
"GET /api/leaderboard-data/? HTTP/1.1" 200 534
"GET /api/leaderboard-data/? HTTP/1.1" 200 537
"GET /api/leaderboard-data/? HTTP/1.1" 200 534
"GET /api/leaderboard-data/? HTTP/1.1" 200 537
"GET /api/leaderboard-data/? HTTP/1.1" 200 534
"GET /api/leaderboard-data/? HTTP/1.1" 200 537
"GET /api/leaderboard-data/? HTTP/1.1" 200 534
"GET /api/leaderboard-data/? HTTP/1.1" 200 537
"GET /api/leaderboard-data/? HTTP/1.1" 200 534
"GET /api/leaderboard-data/? HTTP/1.1" 200 537
"GET /api/leaderboard-data/? HTTP/1.1" 200 534
"GET /api/leaderboard-data/? HTTP/1.1" 200 537
"GET /api/leaderboard-data/? HTTP/1.1" 200 534
"GET /api/leaderboard-data/? HTTP/1.1" 200 537
"GET /api/leaderboard-data/? HTTP/1.1" 200 534
"GET /api/leaderboard-data/? HTTP/1.1" 200 537
"GET /api/leaderboard-data/? HTTP/1.1" 200 534
"GET /api/leaderboard-data/? HTTP/1.1" 200 537
"GET /api/leaderboard-data/? HTTP/1.1" 200 534
"GET /api/leaderboard-data/? HTTP/1.1" 200 537
"GET /api/leaderboard-data/? HTTP/1.1" 200 534
"GET /api/leaderboard-data/? HTTP/1.1" 200 537
"GET /api/leaderboard-data/? HTTP/1.1" 200 534
"GET /api/leaderboard-data/? HTTP/1.1" 200 537
"GET /api/leaderboard-data/? HTTP/1.1" 200 534
"GET /api/leaderboard-data/? HTTP/1.1" 200 537
"GET /api/leaderboard-data/? HTTP/1.1" 200 534
"GET /api/leaderboard-data/? HTTP/1.1" 200 537
"GET /api/leaderboard-data/? HTTP/1.1" 200 534
"GET /api/leaderboard-data/? HTTP/1.1" 200 537
"GET /api/leaderboard-data/? HTTP/1.1" 200 534
"GET /api/leaderboard-data/? HTTP/1.1" 200 537
"GET /api/leaderboard-data/? HTTP/1.1" 200 534
"GET /api/leaderboard-data/? HTTP/1.1" 200 537
"GET /api/leaderboard-data/? HTTP/1.1" 200 534
"GET /api/leaderboard-data/? HTTP/1.1" 200 537
"GET /api/leaderboard-data/? HTTP/1.1" 200 534
"GET /api/leaderboard-data/? HTTP/1.1" 200 537
"GET /api/leaderboard-data/? HTTP/1.1" 200 534
"GET /api/leaderboard-data/? HTTP/1.1" 200 537
"GET /api/leaderboard-data/? HTTP/1.1" 200 534
"GET /api/leaderboard-data/? HTTP/1.1" 200 537
"GET /api/leaderboard-data/? HTTP/1.1" 200 534
"GET /api/leaderboard-data/? HTTP/1.1" 200 537
"GET /api/leaderboard-data/? HTTP/1.1" 200 534
"GET /api/leaderboard-data/? HTTP/1.1" 200 537
"GET /api/leaderboard-data/? HTTP/1.1" 200 534
"GET /api/leaderboard-data/? HTTP/1.1" 200 537
"GET /api/leaderboard-data/? HTTP/1.1" 200 534
"GET /api/leaderboard-data/? HTTP/1.1" 200 537
"GET /api/leaderboard-data/? HTTP/1.1" 200 534
"GET /api/leaderboard-data/? HTTP/1.1" 200 537
"GET /api/leaderboard-data/? HTTP/1.1" 200 534
"GET /api/leaderboard-data/? HTTP/1.1" 200 537
"GET /api/leaderboard-data/? HTTP/1.1" 200 534
"GET /api/leaderboard-data/? HTTP/1.1" 200 537
"GET /api/leaderboard-data/? HTTP/1.1" 200 534
"GET /api/leaderboard-data/? HTTP/1.1" 200 537
"GET /api/leaderboard-data/? HTTP/1.1" 200 534
"GET /api/leaderboard-data/? HTTP/1.1" 200 537
"GET /api/leaderboard-data/? HTTP/1.1" 200 534
"GET /api/leaderboard-data/? HTTP/1.1" 200 537
"GET /api/leaderboard-data/? HTTP/1.1" 200 534
"GET /api/leaderboard-data/? HTTP/1.1" 200 537
"GET /api/leaderboard-data/? HTTP/1.1" 200 534
"GET /api/leaderboard-data/? HTTP/1.1" 200 537
"GET /api/leaderboard-data/? HTTP/1.1" 200 534
"GET /api/leaderboard-data/? HTTP/1.1" 200 537
"GET /api/leaderboard-data/? HTTP/1.1" 200 534
"GET /api/leaderboard-data/? HTTP/1.1" 200 537
"GET /api/leaderboard-data/? HTTP/1.1" 200 534
"GET /api/leaderboard-data/? HTTP/1.1" 200 537
"GET /api/leaderboard-data/? HTTP/1.1" 200 534
"GET /api/leaderboard-data/? HTTP/1.1" 200 537
"GET /api/leaderboard-data/? HTTP/1.1" 200 534
"GET /api/leaderboard-data/? HTTP/1.1" 200 537
"GET /api/leaderboard-data/? HTTP/1.1" 200 534
"GET /api/leaderboard-data/? HTTP/1.1" 200 537
"GET /api/leaderboard-data/? HTTP/1.1" 200 534
"GET /api/leaderboard-data/? HTTP/1.1" 200 537
"GET /api/leaderboard-data/? HTTP/1.1" 200 534
"GET /api/leaderboard-data/? HTTP/1.1" 200 537
"GET /api/leaderboard-data/? HTTP/1.1" 200 534
"GET /api/leaderboard-data/? HTTP/1.1" 200 537
"GET /api/leaderboard-data/? HTTP/1.1" 200 534
"GET /api/leaderboard-data/? HTTP/1.1" 200 537
"GET /api/leaderboard-data/? HTTP/1.1" 200 534
"GET /api/leaderboard-data/? HTTP/1.1" 200 537
"GET /api/leaderboard-data/? HTTP/1.1" 200 534
"GET /api/leaderboard-data/? HTTP/1.1" 200 537
"GET /api/leaderboard-data/? HTTP/1.1" 200 534
"GET /api/leaderboard-data/? HTTP/1.1" 200 537
"GET /api/leaderboard-data/? HTTP/1.1" 200 534
"GET /api/leaderboard-data/? HTTP/1.1" 200 537
"GET /api/leaderboard-data/? HTTP/1.1" 200 534
"GET /api/leaderboard-data/? HTTP/1.1" 200 537
"GET /api/leaderboard-data/? HTTP/1.1" 200 534
"GET /api/leaderboard-data/? HTTP/1.1" 200 537
"GET /api/leaderboard-data/? HTTP/1.1" 200 534
"GET /api/leaderboard-data/? HTTP/1.1" 200 537
"GET /api/leaderboard-data/? HTTP/1.1" 200 534
"GET /api/leaderboard-data/? HTTP/1.1" 200 537
"GET /api/leaderboard-data/? HTTP/1.1" 200 534
"GET /api/leaderboard-data/? HTTP/1.1" 200 537
"GET /api/leaderboard-data/? HTTP/1.1" 200 534
"GET /api/leaderboard-data/? HTTP/1.1" 200 537
"GET /api/leaderboard-data/? HTTP/1.1" 200 534
"GET /api/leaderboard-data/? HTTP/1.1" 200 537
"GET /api/leaderboard-data/? HTTP/1.1" 200 534
"GET /api/leaderboard-data/? HTTP/1.1" 200 537
"GET /api/leaderboard-data/? HTTP/1.1" 200 534
"GET /api/leaderboard-data/? HTTP/1.1" 200 537
"GET /api/leaderboard-data/? HTTP/1.1" 200 534
"GET /api/leaderboard-data/? HTTP/1.1" 200 537
"GET /api/leaderboard-data/? HTTP/1.1" 200 534
"GET /api/leaderboard-data/? HTTP/1.1" 200 537
"GET /api/leaderboard-data/? HTTP/1.1" 200 534
"GET /api/leaderboard-data/? HTTP/1.1" 200 537
"GET /api/leaderboard-data/? HTTP/1.1" 200 534
"GET /api/leaderboard-data/? HTTP/1.1" 200 537
"GET /api/leaderboard-data/? HTTP/1.1" 200 534
"GET /api/leaderboard-data/? HTTP/1.1" 200 537
"GET /api/leaderboard-data/? HTTP/1.1" 200 534
"GET /api/leaderboard-data/? HTTP/1.1" 200 537
"GET /api/leaderboard-data/? HTTP/1.1" 200 534
"GET /api/leaderboard-data/? HTTP/1.1" 200 537
"GET /api/leaderboard-data/? HTTP/1.1" 200 534
"GET /api/leaderboard-data/? HTTP/1.1" 200 537
"GET /api/leaderboard-data/? HTTP/1.1" 200 534
"GET /api/leaderboard-data/? HTTP/1.1" 200 537
"GET /api/leaderboard-data/? HTTP/1.1" 200 534
"GET /api/leaderboard-data/? HTTP/1.1" 200 537
"GET /api/leaderboard-data/? HTTP/1.1" 200 534
"GET /api/leaderboard-data/? HTTP/1.1" 200 537
"GET /api/leaderboard-data/? HTTP/1.1" 200 534
"GET /api/leaderboard-data/? HTTP/1.1" 200 537
"GET /api/leaderboard-data/? HTTP/1.1" 200 534
"GET /api/leaderboard-data/? HTTP/1.1" 200 537
"GET /api/leaderboard-data/? HTTP/1.1" 200 534
"GET /api/leaderboard-data/? HTTP/1.1" 200 537
"GET /api/leaderboard-data/? HTTP/1.1" 200 534
"GET /api/leaderboard-data/? HTTP/1.1" 200 537
"GET /api/leaderboard-data/? HTTP/1.1" 200 534
"GET /api/leaderboard-data/? HTTP/1.1" 200 537
"GET /api/leaderboard-data/? HTTP/1.1" 200 534
"GET /api/leaderboard-data/? HTTP/1.1" 200 537
"GET /api/leaderboard-data/? HTTP/1.1" 200 534
"GET /api/leaderboard-data/? HTTP/1.1" 200 537
"GET /api/leaderboard-data/? HTTP/1.1" 200 534
"GET /api/leaderboard-data/? HTTP/1.1" 200 537
"GET /api/leaderboard-data/? HTTP/1.1" 200 534
"GET /api/leaderboard-data/? HTTP/1.1" 200 537
"GET /api/leaderboard-data/? HTTP/1.1" 200 534
"GET /api/leaderboard-data/? HTTP/1.1" 200 537
"GET /api/leaderboard-data/? HTTP/1.1" 200 534
"GET /api/leaderboard-data/? HTTP/1.1" 200 537
"GET /api/leaderboard-data/? HTTP/1.1" 200 534
"GET /api/leaderboard-data/? HTTP/1.1" 200 537
"GET /api/leaderboard-data/? HTTP/1.1" 200 534
"GET /api/leaderboard-data/? HTTP/1.1" 200 537
"GET /api/leaderboard-data/? HTTP/1.1" 200 534
"GET /api/leaderboard-data/? HTTP/1.1" 200 537
"GET /api/leaderboard-data/? HTTP/1.1" 200 534
"GET /api/leaderboard-data/? HTTP/1.1" 200 537
"GET /api/leaderboard-data/? HTTP/1.1" 200 534
"GET /api/leaderboard-data/? HTTP/1.1" 200 537
"GET /api/leaderboard-data/? HTTP/1.1" 200 534
"GET /api/leaderboard-data/? HTTP/1.1" 200 537
"GET /api/leaderboard-data/? HTTP/1.1" 200 534
"GET /api/leaderboard-data/? HTTP/1.1" 200 537
"GET /api/leaderboard-data/? HTTP/1.1" 200 534
"GET /api/leaderboard-data/? HTTP/1.1" 200 537
"GET /api/leaderboard-data/? HTTP/1.1" 200 534
"GET /api/leaderboard-data/? HTTP/1.1" 200 537
"GET /api/leaderboard-data/? HTTP/1.1" 200 534
"GET /api/leaderboard-data/? HTTP/1.1" 200 537
"GET /api/leaderboard-data/? HTTP/1.1" 200 534
"GET /api/leaderboard-data/? HTTP/1.1" 200 537
"GET /api/leaderboard-data/? HTTP/1.1" 200 534
"GET /api/leaderboard-data/? HTTP/1.1" 200 537
"GET /api/leaderboard-data/? HTTP/1.1" 200 534
"GET /api/leaderboard-data/? HTTP/1.1" 200 537
"GET /api/leaderboard-data/? HTTP/1.1" 200 534
"GET /api/leaderboard-data/? HTTP/1.1" 200 537
"GET /api/leaderboard-data/? HTTP/1.1" 200 534
"GET /api/leaderboard-data/? HTTP/1.1" 200 537
"GET /api/leaderboard-data/? HTTP/1.1" 200 534
"GET /api/leaderboard-data/? HTTP/1.1" 200 537
"GET /api/leaderboard-data/? HTTP/1.1" 200 534
"GET /api/leaderboard-data/? HTTP/1.1" 200 537
"GET /api/leaderboard-data/? HTTP/1.1" 200 534
"GET /api/leaderboard-data/? HTTP/1.1" 200 537
"GET /api/leaderboard-data/? HTTP/1.1" 200 534
"GET /api/leaderboard-data/? HTTP/1.1" 200 537
"GET /api/leaderboard-data/? HTTP/1.1" 200 534
"GET /api/leaderboard-data/? HTTP/1.1" 200 537
"GET /api/leaderboard-data/? HTTP/1.1" 200 534
"GET /api/leaderboard-data/? HTTP/1.1" 200 537
"GET /api/leaderboard-data/? HTTP/1.1" 200 534
"GET /api/leaderboard-data/? HTTP/1.1" 200 537
"GET /api/leaderboard-data/? HTTP/1.1" 200 534
"GET /api/leaderboard-data/? HTTP/1.1" 200 537
"GET /api/leaderboard-data/? HTTP/1.1" 200 534
"GET /api/leaderboard-data/? HTTP/1.1" 200 537
"GET /api/leaderboard-data/? HTTP/1.1" 200 534
"GET /api/leaderboard-data/? HTTP/1.1" 200 537
"GET /api/leaderboard-data/? HTTP/1.1" 200 534
"GET /api/leaderboard-data/? HTTP/1.1" 200 537
"GET /api/leaderboard-data/? HTTP/1.1" 200 534
"GET /api/leaderboard-data/? HTTP/1.1" 200 537
"GET /api/leaderboard-data/? HTTP/1.1" 200 534
"GET /api/leaderboard-data/? HTTP/1.1" 200 537
"GET /api/leaderboard-data/? HTTP/1.1" 200 534
"GET /api/leaderboard-data/? HTTP/1.1" 200 537
"GET /api/leaderboard-data/? HTTP/1.1" 200 534
"GET /api/leaderboard-data/? HTTP/1.1" 200 537
"GET /api/leaderboard-data/? HTTP/1.1" 200 534
"GET /api/leaderboard-data/? HTTP/1.1" 200 537
"GET /api/leaderboard-data/? HTTP/1.1" 200 534
"GET /api/leaderboard-data/? HTTP/1.1" 200 537
"GET /api/leaderboard-data/? HTTP/1.1" 200 534
"GET /api/leaderboard-data/? HTTP/1.1" 200 537
"GET /api/leaderboard-data/? HTTP/1.1" 200 534
"GET /api/leaderboard-data/? HTTP/1.1" 200 537
"GET /api/leaderboard-data/? HTTP/1.1" 200 534
"GET /api/leaderboard-data/? HTTP/1.1" 200 537
"GET /api/leaderboard-data/? HTTP/1.1" 200 534
"GET /api/leaderboard-data/? HTTP/1.1" 200 537
"GET /api/leaderboard-data/? HTTP/1.1" 200 534
"GET /api/leaderboard-data/? HTTP/1.1" 200 537
"GET /api/leaderboard-data/? HTTP/1.1" 200 534
"GET /api/leaderboard-data/? HTTP/1.1" 200 537
"GET /api/leaderboard-data/? HTTP/1.1" 200 534
"GET /api/leaderboard-data/? HTTP/1.1" 200 537
"GET /api/leaderboard-data/? HTTP/1.1" 200 534
"GET /api/leaderboard-data/? HTTP/1.1" 200 537
"GET /api/leaderboard-data/? HTTP/1.1" 200 534
"GET /api/leaderboard-data/? HTTP/1.1" 200 537
"GET /api/leaderboard-data/? HTTP/1.1" 200 534
"GET /api/leaderboard-data/? HTTP/1.1" 200 537
"GET /api/leaderboard-data/? HTTP/1.1" 200 534
"GET /api/leaderboard-data/? HTTP/1.1" 200 537
"GET /api/leaderboard-data/? HTTP/1.1" 200 534
"GET /api/leaderboard-data/? HTTP/1.1" 200 537
"GET /api/leaderboard-data/? HTTP/1.1" 200 534
"GET /api/leaderboard-data/? HTTP/1.1" 200 537
"GET /api/leaderboard-data/? HTTP/1.1" 200 534
"GET /api/leaderboard-data/? HTTP/1.1" 200 537
"GET /api/leaderboard-data/? HTTP/1.1" 200 534
"GET /api/leaderboard-data/? HTTP/1.1" 200 537
"GET /api/leaderboard-data/? HTTP/1.1" 200 534
"GET /api/leaderboard-data/? HTTP/1.1" 200 537
"GET /api/leaderboard-data/? HTTP/1.1" 200 534
"GET /api/leaderboard-data/? HTTP/1.1" 200 537
"GET /api/leaderboard-data/? HTTP/1.1" 200 534
"GET /api/leaderboard-data/? HTTP/1.1" 200 537
"GET /api/leaderboard-data/? HTTP/1.1" 200 534
"GET /api/leaderboard-data/? HTTP/1.1" 200 537
"GET /api/leaderboard-data/? HTTP/1.1" 200 534
"GET /api/leaderboard-data/? HTTP/1.1" 200 537
"GET /api/leaderboard-data/? HTTP/1.1" 200 534
"GET /api/leaderboard-data/? HTTP/1.1" 200 537
"GET /api/leaderboard-data/? HTTP/1.1" 200 534
"GET /api/leaderboard-data/? HTTP/1.1" 200 537
"GET /api/leaderboard-data/? HTTP/1.1" 200 534
"GET /api/leaderboard-data/? HTTP/1.1" 200 537
"GET /api/leaderboard-data/? HTTP/1.1" 200 534
"GET /api/leaderboard-data/? HTTP/1.1" 200 537
"GET /api/leaderboard-data/? HTTP/1.1" 200 534
"GET /api/leaderboard-data/? HTTP/1.1" 200 537
"GET /api/leaderboard-data/? HTTP/1.1" 200 534
"GET /api/leaderboard-data/? HTTP/1.1" 200 537
"GET /api/leaderboard-data/? HTTP/1.1" 200 534
"GET /api/leaderboard-data/? HTTP/1.1" 200 537
"GET /api/leaderboard-data/? HTTP/1.1" 200 534
"GET /api/leaderboard-data/? HTTP/1.1" 200 537
"GET /api/leaderboard-data/? HTTP/1.1" 200 534
"GET /api/leaderboard-data/? HTTP/1.1" 200 537
"GET /api/leaderboard-data/? HTTP/1.1" 200 534
"GET /api/leaderboard-data/? HTTP/1.1" 200 537
"GET /api/leaderboard-data/? HTTP/1.1" 200 534
"GET /api/leaderboard-data/? HTTP/1.1" 200 537
"GET /api/leaderboard-data/? HTTP/1.1" 200 534
"GET /api/leaderboard-data/? HTTP/1.1" 200 537
"GET /api/leaderboard-data/? HTTP/1.1" 200 534
"GET /api/leaderboard-data/? HTTP/1.1" 200 537
"GET /api/leaderboard-data/? HTTP/1.1" 200 534
"GET /api/leaderboard-data/? HTTP/1.1" 200 537
"GET /api/leaderboard-data/? HTTP/1.1" 200 534
"GET /api/leaderboard-data/? HTTP/1.1" 200 537
"GET /api/leaderboard-data/? HTTP/1.1" 200 534
"GET /api/leaderboard-data/? HTTP/1.1" 200 537
"GET /api/leaderboard-data/? HTTP/1.1" 200 534
"GET /api/leaderboard-data/? HTTP/1.1" 200 537
"GET /api/leaderboard-data/? HTTP/1.1" 200 534
"GET /api/leaderboard-data/? HTTP/1.1" 200 537
"GET /api/leaderboard-data/? HTTP/1.1" 200 534
"GET /api/leaderboard-data/? HTTP/1.1" 200 537
"GET /api/leaderboard-data/? HTTP/1.1" 200 534
"GET /api/leaderboard-data/? HTTP/1.1" 200 537
"GET /api/leaderboard-data/? HTTP/1.1" 200 534
"GET /api/leaderboard-data/? HTTP/1.1" 200 537
"GET /api/leaderboard-data/? HTTP/1.1" 200 534
"GET /api/leaderboard-data/? HTTP/1.1" 200 537
"GET /api/leaderboard-data/? HTTP/1.1" 200 534
"GET /api/leaderboard-data/? HTTP/1.1" 200 537
"GET /api/leaderboard-data/? HTTP/1.1" 200 534
"GET /api/leaderboard-data/? HTTP/1.1" 200 537
"GET /api/leaderboard-data/? HTTP/1.1" 200 534
"GET /api/leaderboard-data/? HTTP/1.1" 200 537
"GET /api/leaderboard-data/? HTTP/1.1" 200 534
"GET /api/leaderboard-data/? HTTP/1.1" 200 537
"GET /api/leaderboard-data/? HTTP/1.1" 200 534
"GET /api/leaderboard-data/? HTTP/1.1" 200 537
"GET /api/leaderboard-data/? HTTP/1.1" 200 534
"GET /api/leaderboard-data/? HTTP/1.1" 200 537
"GET /api/leaderboard-data/? HTTP/1.1" 200 534
"GET /api/leaderboard-data/? HTTP/1.1" 200 537
"GET /api/leaderboard-data/? HTTP/1.1" 200 534
"GET /api/leaderboard-data/? HTTP/1.1" 200 537
"GET /api/leaderboard-data/? HTTP/1.1" 200 534
"GET /api/leaderboard-data/? HTTP/1.1" 200 537
"GET /api/leaderboard-data/? HTTP/1.1" 200 534
"GET /api/leaderboard-data/? HTTP/1.1" 200 537
"GET /api/leaderboard-data/? HTTP/1.1" 200 534
"GET /api/leaderboard-data/? HTTP/1.1" 200 537
"GET /api/leaderboard-data/? HTTP/1.1" 200 534
"GET /api/leaderboard-data/? HTTP/1.1" 200 537
"GET /api/leaderboard-data/? HTTP/1.1" 200 534
"GET /api/leaderboard-data/? HTTP/1.1" 200 537
"GET /api/leaderboard-data/? HTTP/1.1" 200 534
"GET /api/leaderboard-data/? HTTP/1.1" 200 537
"GET /api/leaderboard-data/? HTTP/1.1" 200 534
"GET /api/leaderboard-data/? HTTP/1.1" 200 537
"GET /api/leaderboard-data/? HTTP/1.1" 200 534
"GET /api/leaderboard-data/? HTTP/1.1" 200 537
"GET /api/leaderboard-data/? HTTP/1.1" 200 534
"GET /api/leaderboard-data/? HTTP/1.1" 200 537
"GET /api/leaderboard-data/? HTTP/1.1" 200 534
"GET /api/leaderboard-data/? HTTP/1.1" 200 537
"GET /api/leaderboard-data/? HTTP/1.1" 200 534
"GET /api/leaderboard-data/? HTTP/1.1" 200 537
"GET /api/leaderboard-data/? HTTP/1.1" 200 534
"GET /api/leaderboard-data/? HTTP/1.1" 200 537
"GET /api/leaderboard-data/? HTTP/1.1" 200 534
"GET /api/leaderboard-data/? HTTP/1.1" 200 537
"GET /api/leaderboard-data/? HTTP/1.1" 200 534
"GET /api/leaderboard-data/? HTTP/1.1" 200 537
"GET /api/leaderboard-data/? HTTP/1.1" 200 534
"GET /api/leaderboard-data/? HTTP/1.1" 200 537
"GET /api/leaderboard-data/? HTTP/1.1" 200 534
"GET /api/leaderboard-data/? HTTP/1.1" 200 537
"GET /api/leaderboard-data/? HTTP/1.1" 200 534
"GET /api/leaderboard-data/? HTTP/1.1" 200 537
"GET /api/leaderboard-data/? HTTP/1.1" 200 534
"GET /api/leaderboard-data/? HTTP/1.1" 200 537
"GET /api/leaderboard-data/? HTTP/1.1" 200 534
"GET /api/leaderboard-data/? HTTP/1.1" 200 537
"GET /api/leaderboard-data/? HTTP/1.1" 200 534
"GET /api/leaderboard-data/? HTTP/1.1" 200 537
"GET /api/leaderboard-data/? HTTP/1.1" 200 534
"GET /api/leaderboard-data/? HTTP/1.1" 200 537
"GET /api/leaderboard-data/? HTTP/1.1" 200 534
"GET /api/leaderboard-data/? HTTP/1.1" 200 537
"GET /api/leaderboard-data/? HTTP/1.1" 200 534
"GET /api/leaderboard-data/? HTTP/1.1" 200 537
"GET /api/leaderboard-data/? HTTP/1.1" 200 534
"GET /api/leaderboard-data/? HTTP/1.1" 200 537
"GET /api/leaderboard-data/? HTTP/1.1" 200 534
"GET /api/leaderboard-data/? HTTP/1.1" 200 537
"GET /api/leaderboard-data/? HTTP/1.1" 200 534
"GET /api/leaderboard-data/? HTTP/1.1" 200 537
"GET /api/leaderboard-data/? HTTP/1.1" 200 534
"GET /api/leaderboard-data/? HTTP/1.1" 200 537
"GET /api/leaderboard-data/? HTTP/1.1" 200 534
"GET /api/leaderboard-data/? HTTP/1.1" 200 537
"GET /api/leaderboard-data/? HTTP/1.1" 200 534
"GET /api/leaderboard-data/? HTTP/1.1" 200 537
"GET /api/leaderboard-data/? HTTP/1.1" 200 534
"GET /api/leaderboard-data/? HTTP/1.1" 200 537
"GET /api/leaderboard-data/? HTTP/1.1" 200 534
"GET /api/leaderboard-data/? HTTP/1.1" 200 537
"GET /api/leaderboard-data/? HTTP/1.1" 200 534
"GET /api/leaderboard-data/? HTTP/1.1" 200 537
"GET /api/leaderboard-data/? HTTP/1.1" 200 534
"GET /api/leaderboard-data/? HTTP/1.1" 200 537
"GET /api/leaderboard-data/? HTTP/1.1" 200 534
"GET /api/leaderboard-data/? HTTP/1.1" 200 537
"GET /api/leaderboard-data/? HTTP/1.1" 200 534
"GET /api/leaderboard-data/? HTTP/1.1" 200 537
"GET /api/leaderboard-data/? HTTP/1.1" 200 534
"GET /api/leaderboard-data/? HTTP/1.1" 200 537
"GET /api/leaderboard-data/? HTTP/1.1" 200 534
"GET /api/leaderboard-data/? HTTP/1.1" 200 537
"GET /api/leaderboard-data/? HTTP/1.1" 200 534
"GET /api/leaderboard-data/? HTTP/1.1" 200 537
"GET /api/leaderboard-data/? HTTP/1.1" 200 534
"GET /api/leaderboard-data/? HTTP/1.1" 200 537
"GET /api/leaderboard-data/? HTTP/1.1" 200 534
"GET /api/leaderboard-data/? HTTP/1.1" 200 537
"GET /api/leaderboard-data/? HTTP/1.1" 200 534
"GET /api/leaderboard-data/? HTTP/1.1" 200 537
"GET /api/leaderboard-data/? HTTP/1.1" 200 534
"GET /api/leaderboard-data/? HTTP/1.1" 200 537
"GET /api/leaderboard-data/? HTTP/1.1" 200 534
"GET /api/leaderboard-data/? HTTP/1.1" 200 537
"GET /api/leaderboard-data/? HTTP/1.1" 200 534
"GET /api/leaderboard-data/? HTTP/1.1" 200 537
"GET /api/leaderboard-data/? HTTP/1.1" 200 534
"GET /api/leaderboard-data/? HTTP/1.1" 200 537
"GET /api/leaderboard-data/? HTTP/1.1" 200 534
"GET /api/leaderboard-data/? HTTP/1.1" 200 537
"GET /api/leaderboard-data/? HTTP/1.1" 200 534
"GET /api/leaderboard-data/? HTTP/1.1" 200 537
"GET /api/leaderboard-data/? HTTP/1.1" 200 534
"GET /api/leaderboard-data/? HTTP/1.1" 200 537
"GET /api/leaderboard-data/? HTTP/1.1" 200 534
"GET /api/leaderboard-data/? HTTP/1.1" 200 537
"GET /api/leaderboard-data/? HTTP/1.1" 200 534
"GET /api/leaderboard-data/? HTTP/1.1" 200 537
"GET /api/leaderboard-data/? HTTP/1.1" 200 534
"GET /api/leaderboard-data/? HTTP/1.1" 200 537
"GET /api/leaderboard-data/? HTTP/1.1" 200 534
"GET /api/leaderboard-data/? HTTP/1.1" 200 537
"GET /api/leaderboard-data/? HTTP/1.1" 200 534
"GET /api/leaderboard-data/? HTTP/1.1" 200 537
"GET /api/leaderboard-data/? HTTP/1.1" 200 534
"GET /api/leaderboard-data/? HTTP/1.1" 200 537
"GET /api/leaderboard-data/? HTTP/1.1" 200 534
"GET /api/leaderboard-data/? HTTP/1.1" 200 537
"GET /api/leaderboard-data/? HTTP/1.1" 200 534
"GET /api/leaderboard-data/? HTTP/1.1" 200 537
"GET /api/leaderboard-data/? HTTP/1.1" 200 534
"GET /api/leaderboard-data/? HTTP/1.1" 200 537
"GET /api/leaderboard-data/? HTTP/1.1" 200 534
"GET /api/leaderboard-data/? HTTP/1.1" 200 537
"GET /api/leaderboard-data/? HTTP/1.1" 200 534
"GET /api/leaderboard-data/? HTTP/1.1" 200 537
"GET /api/leaderboard-data/? HTTP/1.1" 200 534
"GET /api/leaderboard-data/? HTTP/1.1" 200 537
"GET /api/leaderboard-data/? HTTP/1.1" 200 534
"GET /api/leaderboard-data/? HTTP/1.1" 200 537
"GET /api/leaderboard-data/? HTTP/1.1" 200 534
"GET /api/leaderboard-data/? HTTP/1.1" 200 537
"GET /api/leaderboard-data/? HTTP/1.1" 200 534
"GET /api/leaderboard-data/? HTTP/1.1" 200 537
"GET /api/leaderboard-data/? HTTP/1.1" 200 534
"GET /api/leaderboard-data/? HTTP/1.1" 200 537
"GET /api/leaderboard-data/? HTTP/1.1" 200 534
"GET /api/leaderboard-data/? HTTP/1.1" 200 537
"GET /api/leaderboard-data/? HTTP/1.1" 200 534
"GET /api/leaderboard-data/? HTTP/1.1" 200 537
"GET /api/leaderboard-data/? HTTP/1.1" 200 534
"GET /api/leaderboard-data/? HTTP/1.1" 200 537
"GET /api/leaderboard-data/? HTTP/1.1" 200 534
"GET /api/leaderboard-data/? HTTP/1.1" 200 537
"GET /api/leaderboard-data/? HTTP/1.1" 200 534
"GET /api/leaderboard-data/? HTTP/1.1" 200 537
"GET /api/leaderboard-data/? HTTP/1.1" 200 534
"GET /api/leaderboard-data/? HTTP/1.1" 200 537
"GET /api/leaderboard-data/? HTTP/1.1" 200 534
"GET /api/leaderboard-data/? HTTP/1.1" 200 537
"GET /api/leaderboard-data/? HTTP/1.1" 200 534
"GET /api/leaderboard-data/? HTTP/1.1" 200 537
"GET /api/leaderboard-data/? HTTP/1.1" 200 534
"GET /api/leaderboard-data/? HTTP/1.1" 200 537
"GET /api/leaderboard-data/? HTTP/1.1" 200 534
"GET /api/leaderboard-data/? HTTP/1.1" 200 537
"GET /api/leaderboard-data/? HTTP/1.1" 200 534
"GET /api/leaderboard-data/? HTTP/1.1" 200 537
"GET /api/leaderboard-data/? HTTP/1.1" 200 534
"GET /api/leaderboard-data/? HTTP/1.1" 200 537
"GET /api/leaderboard-data/? HTTP/1.1" 200 534
"GET /api/leaderboard-data/? HTTP/1.1" 200 537
"GET /api/leaderboard-data/? HTTP/1.1" 200 534
"GET /api/leaderboard-data/? HTTP/1.1" 200 537
"GET /api/leaderboard-data/? HTTP/1.1" 200 534
"GET /api/leaderboard-data/? HTTP/1.1" 200 537
"GET /api/leaderboard-data/? HTTP/1.1" 200 534
"GET /api/leaderboard-data/? HTTP/1.1" 200 537
"GET /api/leaderboard-data/? HTTP/1.1" 200 534
"GET /api/leaderboard-data/? HTTP/1.1" 200 537
"GET /api/leaderboard-data/? HTTP/1.1" 200 534
"GET /api/leaderboard-data/? HTTP/1.1" 200 537
"GET /api/leaderboard-data/? HTTP/1.1" 200 534
"GET /api/leaderboard-data/? HTTP/1.1" 200 537
"GET /api/leaderboard-data/? HTTP/1.1" 200 534
"GET /api/leaderboard-data/? HTTP/1.1" 200 537
"GET /api/leaderboard-data/? HTTP/1.1" 200 534
"GET /api/leaderboard-data/? HTTP/1.1" 200 537
"GET /api/leaderboard-data/? HTTP/1.1" 200 534
"GET /api/leaderboard-data/? HTTP/1.1" 200 537
"GET /api/leaderboard-data/? HTTP/1.1" 200 534
"GET /api/leaderboard-data/? HTTP/1.1" 200 537
"GET /api/leaderboard-data/? HTTP/1.1" 200 534
"GET /api/leaderboard-data/? HTTP/1.1" 200 537
"GET /api/leaderboard-data/? HTTP/1.1" 200 534
"GET /api/leaderboard-data/? HTTP/1.1" 200 537
"GET /api/leaderboard-data/? HTTP/1.1" 200 534
"GET /api/leaderboard-data/? HTTP/1.1" 200 537
"GET /api/leaderboard-data/? HTTP/1.1" 200 534
"GET /api/leaderboard-data/? HTTP/1.1" 200 537
"GET /api/leaderboard-data/? HTTP/1.1" 200 534
"GET /api/leaderboard-data/? HTTP/1.1" 200 537
"GET /api/leaderboard-data/? HTTP/1.1" 200 534
"GET /api/leaderboard-data/? HTTP/1.1" 200 537
"GET /api/leaderboard-data/? HTTP/1.1" 200 534
"GET /api/leaderboard-data/? HTTP/1.1" 200 537
"GET /api/leaderboard-data/? HTTP/1.1" 200 534
"GET /api/leaderboard-data/? HTTP/1.1" 200 537
"GET /api/leaderboard-data/? HTTP/1.1" 200 534
"GET /api/leaderboard-data/? HTTP/1.1" 200 537
"GET /api/leaderboard-data/? HTTP/1.1" 200 534
"GET /api/leaderboard-data/? HTTP/1.1" 200 537
"GET /api/leaderboard-data/? HTTP/1.1" 200 534
"GET /api/leaderboard-data/? HTTP/1.1" 200 537
"GET /api/leaderboard-data/? HTTP/1.1" 200 534
"GET /api/leaderboard-data/? HTTP/1.1" 200 537
"GET /api/leaderboard-data/? HTTP/1.1" 200 534
"GET /api/leaderboard-data/? HTTP/1.1" 200 537
"GET /api/leaderboard-data/? HTTP/1.1" 200 534
"GET /api/leaderboard-data/? HTTP/1.1" 200 537
"GET /api/leaderboard-data/? HTTP/1.1" 200 534
"GET /api/leaderboard-data/? HTTP/1.1" 200 537
"GET /api/leaderboard-data/? HTTP/1.1" 200 534
"GET /api/leaderboard-data/? HTTP/1.1" 200 537
"GET /api/leaderboard-data/? HTTP/1.1" 200 534
"GET /api/leaderboard-data/? HTTP/1.1" 200 537
"GET /api/leaderboard-data/? HTTP/1.1" 200 534
"GET /api/leaderboard-data/? HTTP/1.1" 200 537
"GET /api/leaderboard-data/? HTTP/1.1" 200 534
"GET /api/leaderboard-data/? HTTP/1.1" 200 537
"GET /api/leaderboard-data/? HTTP/1.1" 200 534
"GET /api/leaderboard-data/? HTTP/1.1" 200 537
"GET /api/leaderboard-data/? HTTP/1.1" 200 534
"GET /api/leaderboard-data/? HTTP/1.1" 200 537
"GET /api/leaderboard-data/? HTTP/1.1" 200 534
"GET /api/leaderboard-data/? HTTP/1.1" 200 537
"GET /api/leaderboard-data/? HTTP/1.1" 200 534
"GET /api/leaderboard-data/? HTTP/1.1" 200 537
"GET /api/leaderboard-data/? HTTP/1.1" 200 534
"GET /api/leaderboard-data/? HTTP/1.1" 200 537
"GET /api/leaderboard-data/? HTTP/1.1" 200 534
"GET /api/leaderboard-data/? HTTP/1.1" 200 537
"GET /api/leaderboard-data/? HTTP/1.1" 200 534
"GET /api/leaderboard-data/? HTTP/1.1" 200 537
"GET /api/leaderboard-data/? HTTP/1.1" 200 534
"GET /api/leaderboard-data/? HTTP/1.1" 200 537
"GET /api/leaderboard-data/? HTTP/1.1" 200 534
"GET /api/leaderboard-data/? HTTP/1.1" 200 537
"GET /api/leaderboard-data/? HTTP/1.1" 200 534
"GET /api/leaderboard-data/? HTTP/1.1" 200 537
"GET /api/leaderboard-data/? HTTP/1.1" 200 534
"GET /api/leaderboard-data/? HTTP/1.1" 200 537
"GET /api/leaderboard-data/? HTTP/1.1" 200 534
"GET /api/leaderboard-data/? HTTP/1.1" 200 537
"GET /api/leaderboard-data/? HTTP/1.1" 200 534
"GET /api/leaderboard-data/? HTTP/1.1" 200 537
"GET /api/leaderboard-data/? HTTP/1.1" 200 534
"GET /api/leaderboard-data/? HTTP/1.1" 200 537
"GET /api/leaderboard-data/? HTTP/1.1" 200 534
"GET /api/leaderboard-data/? HTTP/1.1" 200 537
"GET /api/leaderboard-data/? HTTP/1.1" 200 534
"GET /api/leaderboard-data/? HTTP/1.1" 200 537
"GET /api/leaderboard-data/? HTTP/1.1" 200 534
"GET /api/leaderboard-data/? HTTP/1.1" 200 537
"GET /api/leaderboard-data/? HTTP/1.1" 200 534
"GET /api/leaderboard-data/? HTTP/1.1" 200 537
"GET /api/leaderboard-data/? HTTP/1.1" 200 534
"GET /api/leaderboard-data/? HTTP/1.1" 200 537
"GET /api/leaderboard-data/? HTTP/1.1" 200 534
"GET /api/leaderboard-data/? HTTP/1.1" 200 537
"GET /api/leaderboard-data/? HTTP/1.1" 200 534
"GET /api/leaderboard-data/? HTTP/1.1" 200 537
"GET /api/leaderboard-data/? HTTP/1.1" 200 534
"GET /api/leaderboard-data/? HTTP/1.1" 200 537
"GET /api/leaderboard-data/? HTTP/1.1" 200 534
"GET /api/leaderboard-data/? HTTP/1.1" 200 537
"GET /api/leaderboard-data/? HTTP/1.1" 200 534
"GET /api/leaderboard-data/? HTTP/1.1" 200 537
"GET /api/leaderboard-data/? HTTP/1.1" 200 534
"GET /api/leaderboard-data/? HTTP/1.1" 200 537
"GET /api/leaderboard-data/? HTTP/1.1" 200 534
"GET /api/leaderboard-data/? HTTP/1.1" 200 537
"GET /api/leaderboard-data/? HTTP/1.1" 200 534
"GET /api/leaderboard-data/? HTTP/1.1" 200 537
"GET /api/leaderboard-data/? HTTP/1.1" 200 534
"GET /api/leaderboard-data/? HTTP/1.1" 200 537
"GET /api/leaderboard-data/? HTTP/1.1" 200 534
"GET /api/leaderboard-data/? HTTP/1.1" 200 537
"GET /api/leaderboard-data/? HTTP/1.1" 200 534
"GET /api/leaderboard-data/? HTTP/1.1" 200 537
"GET /api/leaderboard-data/? HTTP/1.1" 200 534
"GET /api/leaderboard-data/? HTTP/1.1" 200 537
"GET /api/leaderboard-data/? HTTP/1.1" 200 534
"GET /StudentDashboard/ HTTP/1.1" 200 58737
"GET /media/profile_pic/9d19fa5a-b873-469d-8372-7f4957e1f4ec.jpg HTTP/1.1" 304 0
"GET /media/class_icons/unnamed.jpg HTTP/1.1" 304 0
"GET /media/class_icons/Gemini_Generated_Image_tqim57tqim57tqim_FDzubHJ.png HTTP/1.1" 304 0
"GET /api/student/total-exp/ HTTP/1.1" 200 82
"GET /api/leaderboard-data/ HTTP/1.1" 200 534
"GET /api/leaderboard-data/? HTTP/1.1" 200 537
"GET /api/leaderboard-data/? HTTP/1.1" 200 537
"GET /media/profile_pic/9d19fa5a-b873-469d-8372-7f4957e1f4ec.jpg HTTP/1.1" 304 0
"GET /MyClasses/ HTTP/1.1" 200 49899
"GET /media/class_icons/unnamed.jpg HTTP/1.1" 304 0
"GET /media/class_icons/Gemini_Generated_Image_tqim57tqim57tqim_FDzubHJ.png HTTP/1.1" 304 0
"GET /MyClasses/ HTTP/1.1" 200 49899
"GET /leaderboard/ HTTP/1.1" 200 52985
"GET /api/leaderboard-data/? HTTP/1.1" 200 537
"GET /report/ HTTP/1.1" 200 71914
"GET /delete_submission/23/ HTTP/1.1" 302 0
"GET /report/ HTTP/1.1" 200 70235
"GET /StudentDashboard/ HTTP/1.1" 200 58581
"GET /api/student/total-exp/ HTTP/1.1" 200 82
"GET /api/leaderboard-data/ HTTP/1.1" 200 534
"GET /classes/ HTTP/1.1" 200 42705
"GET /student/class/4/ HTTP/1.1" 200 45858
"GET /problem/4/details/ HTTP/1.1" 200 322
"GET /playground/4/ HTTP/1.1" 200 70373
Submission attempt for problem 4
Content-Type: application/json
Request body preview: {"problem_id":"4","code":"# Write your code here\ndef main():\n    # Your solution\n    pass\n\nif __name__ == \"__main__\":\n    main()","language":"python","auto_submit":true,"reason":"Time limit ex
Parsed - Auto-submit: True, Reason: Time limit exceeded, Code length: 102
"GET /student/class/4/ HTTP/1.1" 200 45858
"GET /report/ HTTP/1.1" 200 69737
"POST /submit_problem/4/ HTTP/1.1" 200 235
"GET /report/ HTTP/1.1" 200 71914
"GET /delete_submission/24/ HTTP/1.1" 302 0
"GET /report/ HTTP/1.1" 200 70235
"GET /student/class/4/ HTTP/1.1" 200 45858
"GET /problem/4/details/ HTTP/1.1" 200 322
"GET /playground/4/ HTTP/1.1" 200 70373
Submission attempt for problem 4
Content-Type: application/json
Request body preview: {"problem_id":"4","code":"# Write your code here\ndef main():\n    # Your solution\n    pass\n\nif __name__ == \"__main__\":\n    main()","language":"python","auto_submit":true,"reason":"Window lost f
Parsed - Auto-submit: True, Reason: Window lost focus, Code length: 102
"POST /submit_problem/4/ HTTP/1.1" 200 235
"GET /student/class/4/ HTTP/1.1" 200 46146
"GET /report/ HTTP/1.1" 200 71914
"GET /delete_submission/25/ HTTP/1.1" 302 0
"GET /report/ HTTP/1.1" 200 70235
"GET /student/class/4/ HTTP/1.1" 200 45858
"GET /problem/4/details/ HTTP/1.1" 200 322
"GET /playground/4/ HTTP/1.1" 200 63737
Submission attempt for problem 4
Content-Type: application/json
Request body preview: {"problem_id":"4","code":"","language":"python","auto_submit":true,"reason":"Tab switched or window covered"}
Parsed - Auto-submit: True, Reason: Tab switched or window covered, Code length: 0
"POST /submit_problem/4/ HTTP/1.1" 200 215
"GET /student/class/4/ HTTP/1.1" 200 46146
"GET /report/ HTTP/1.1" 200 71770
"GET /delete_submission/26/ HTTP/1.1" 302 0
"GET /report/ HTTP/1.1" 200 70235
"GET /student/class/4/ HTTP/1.1" 200 45858
"GET /problem/4/details/ HTTP/1.1" 200 322
"GET /playground/4/ HTTP/1.1" 200 110373
Submission attempt for problem 4
Content-Type: application/json
Request body preview: {"problem_id":"4","code":"# Write your code here","language":"python","auto_submit":true,"reason":"Time limit exceeded"}
Parsed - Auto-submit: True, Reason: Time limit exceeded, Code length: 22
"GET /student/class/4/ HTTP/1.1" 200 45858
"GET /report/ HTTP/1.1" 200 69737
"POST /submit_problem/4/ HTTP/1.1" 200 235
"GET /report/ HTTP/1.1" 200 71764
"GET /delete_submission/27/ HTTP/1.1" 302 0
"GET /report/ HTTP/1.1" 200 70235
"GET /student/class/4/ HTTP/1.1" 200 45858
"GET /problem/4/details/ HTTP/1.1" 200 322
"GET /playground/4/ HTTP/1.1" 200 110373
"POST /run_playground_code/ HTTP/1.1" 200 237
"POST /run_playground_code/ HTTP/1.1" 200 298
"POST /run_playground_code/ HTTP/1.1" 200 254
"POST /run_playground_code/ HTTP/1.1" 200 332
"POST /run_playground_code/ HTTP/1.1" 200 271
"POST /run_playground_code/ HTTP/1.1" 200 298
"POST /run_playground_code/ HTTP/1.1" 200 254
"POST /run_playground_code/ HTTP/1.1" 200 298
"POST /run_playground_code/ HTTP/1.1" 200 237
"POST /run_playground_code/ HTTP/1.1" 200 237
"POST /run_playground_code/ HTTP/1.1" 200 254
"POST /run_playground_code/ HTTP/1.1" 200 315
"POST /run_playground_code/ HTTP/1.1" 200 237
"POST /run_playground_code/ HTTP/1.1" 200 298
"POST /run_playground_code/ HTTP/1.1" 200 298
"POST /run_playground_code/ HTTP/1.1" 200 237
"POST /run_playground_code/ HTTP/1.1" 200 315
"POST /run_playground_code/ HTTP/1.1" 200 237
"POST /run_playground_code/ HTTP/1.1" 200 332
"POST /run_playground_code/ HTTP/1.1" 200 237
Submission attempt for problem 4
Content-Type: application/json
Request body preview: {"problem_id":"4","code":"\n\nprint(\"Hello Everyone!\")","language":"python","auto_submit":true,"reason":"Window lost focus"}
Parsed - Auto-submit: True, Reason: Window lost focus, Code length: 24
"POST /run_playground_code/ HTTP/1.1" 200 315
"POST /run_playground_code/ HTTP/1.1" 200 237
"POST /run_playground_code/ HTTP/1.1" 200 237
"POST /run_playground_code/ HTTP/1.1" 200 254
"POST /run_playground_code/ HTTP/1.1" 200 254
"POST /submit_problem/4/ HTTP/1.1" 200 235
"GET /student/class/4/ HTTP/1.1" 200 46146
"GET /report/ HTTP/1.1" 200 71768
"GET /delete_submission/28/ HTTP/1.1" 302 0
"GET /report/ HTTP/1.1" 200 70235
"GET /student/class/4/ HTTP/1.1" 200 45858
"GET /problem/4/details/ HTTP/1.1" 200 322
"GET /playground/4/ HTTP/1.1" 200 110373
"POST /run_playground_code/ HTTP/1.1" 200 284
"GET /student/class/4/ HTTP/1.1" 200 45858
"POST /run_playground_code/ HTTP/1.1" 200 247
"POST /run_playground_code/ HTTP/1.1" 200 223
"POST /run_playground_code/ HTTP/1.1" 200 308
"POST /run_playground_code/ HTTP/1.1" 200 332
"POST /run_playground_code/ HTTP/1.1" 200 247
"POST /run_playground_code/ HTTP/1.1" 200 332
"POST /run_playground_code/ HTTP/1.1" 200 223
"POST /run_playground_code/ HTTP/1.1" 200 223
Submission attempt for problem 4
Content-Type: application/json
Request body preview: {"problem_id":"4","code":"\nprint(\"Hi there\")","language":"python","auto_submit":true,"reason":"Window lost focus"}
Parsed - Auto-submit: True, Reason: Window lost focus, Code length: 17
"POST /run_playground_code/ HTTP/1.1" 200 271
"POST /run_playground_code/ HTTP/1.1" 200 284
"POST /run_playground_code/ HTTP/1.1" 200 271
"POST /run_playground_code/ HTTP/1.1" 200 247
"POST /run_playground_code/ HTTP/1.1" 200 247
"POST /submit_problem/4/ HTTP/1.1" 200 235
"GET /report/ HTTP/1.1" 200 71759
"GET /delete_submission/29/ HTTP/1.1" 302 0
"GET /report/ HTTP/1.1" 200 70235
"GET /student/class/4/ HTTP/1.1" 200 45858
"GET /problem/4/details/ HTTP/1.1" 200 322
"GET /playground/4/ HTTP/1.1" 200 70395
Submission attempt for problem 4
Content-Type: application/json
Request body preview: {"problem_id":"4","code":"# Write your code here\ndef main():\n    print(\"Hi there\")\n    pass\n\nif __name__ == \"__main__\":\n    main()","language":"python","auto_submit":true,"reason":"Window lo
Parsed - Auto-submit: True, Reason: Window lost focus, Code length: 104
"GET /student/class/4/ HTTP/1.1" 200 45858
"POST /submit_problem/4/ HTTP/1.1" 200 235
"GET /report/ HTTP/1.1" 200 71920
"GET /delete_submission/30/ HTTP/1.1" 302 0
"GET /report/ HTTP/1.1" 200 70235
"GET /student/class/4/ HTTP/1.1" 200 45858
"GET /problem/4/details/ HTTP/1.1" 200 322
"GET /playground/4/ HTTP/1.1" 200 70589
Submission attempt for problem 4
Content-Type: application/json
Request body preview: {"problem_id":"4","code":"# Write your code here\ndef main():\n    # Your solution\n    pass\n\nif __name__ == \"__main__\":\n    main()","language":"python","auto_submit":true,"reason":"Time limit ex
Parsed - Auto-submit: True, Reason: Time limit exceeded, Code length: 102
"GET /student/class/4/ HTTP/1.1" 200 45858
"GET /report/ HTTP/1.1" 200 69737
"POST /submit_problem/4/ HTTP/1.1" 200 235
"GET /report/ HTTP/1.1" 200 71914
"GET /delete_submission/31/ HTTP/1.1" 302 0
"GET /report/ HTTP/1.1" 200 70235
"GET /MyClasses/ HTTP/1.1" 200 49899
"GET /MyClasses/ HTTP/1.1" 200 49899
"GET /class/4/ HTTP/1.1" 200 58743
"GET /problem/4/details/ HTTP/1.1" 200 322
"GET /problem/4/details/ HTTP/1.1" 200 322
"POST /problem/4/edit/ HTTP/1.1" 302 0
"GET /class/4/ HTTP/1.1" 200 59245
"GET /student/class/4/ HTTP/1.1" 200 45847
"GET /problem/4/details/ HTTP/1.1" 200 319
"GET /playground/4/ HTTP/1.1" 200 70587
Submission attempt for problem 4
Content-Type: application/json
Request body preview: {"problem_id":"4","code":"# Write your code here\ndef main():\n    print(\"Hi  there\")\n    pass\n\nif __name__ == \"__main__\":\n    main()","language":"python","auto_submit":true,"reason":"Window l
Parsed - Auto-submit: True, Reason: Window lost focus, Code length: 105
"POST /submit_problem/4/ HTTP/1.1" 200 235
"GET /student/class/4/ HTTP/1.1" 200 46135
"GET /class/4/ HTTP/1.1" 200 58732
"GET /code-playground/ HTTP/1.1" 200 81185
"GET /leaderboard/ HTTP/1.1" 200 52985
"GET /api/leaderboard-data/? HTTP/1.1" 200 537
"GET /report/ HTTP/1.1" 200 71924
"GET /delete_submission/32/ HTTP/1.1" 302 0
"GET /report/ HTTP/1.1" 200 70236
"GET /student/class/4/ HTTP/1.1" 200 45847
"GET /problem/4/details/ HTTP/1.1" 200 319
"GET /playground/4/ HTTP/1.1" 200 72845
"POST /run-test-code/ HTTP/1.1" 200 95
"POST /run-test-code/ HTTP/1.1" 200 95
"POST /run-test-code/ HTTP/1.1" 200 95
Submission attempt for problem 4
Content-Type: application/json
Request body preview: {"problem_id":"4","code":"# Write your code here\ndef main():\n    a = int(input(\"\"))\n    b = int(input(\"\"))\n    \n    print(f\"{a} + {b} = {a+b}\")\n\n\nif __name__ == \"__main__\":\n    main()
Parsed - Auto-submit: True, Reason: Window lost focus, Code length: 157
"GET /student/class/4/ HTTP/1.1" 200 45847
"POST /submit_problem/4/ HTTP/1.1" 200 237
"GET /student/class/4/ HTTP/1.1" 200 46130
"GET /report/ HTTP/1.1" 200 72055
"GET /delete_submission/33/ HTTP/1.1" 302 0
"GET /report/ HTTP/1.1" 200 70236
"GET /problem/4/details/ HTTP/1.1" 200 319
"GET /playground/4/ HTTP/1.1" 200 73804
"POST /run-test-code/ HTTP/1.1" 200 82
Submission attempt for problem 4
Content-Type: application/json
Request body preview: {"problem_id":"4","code":"# Write your code here\ndef main():\n    # Your solution\n    pass\n\nif __name__ == \"__main__\":\n    main()","language":"python","auto_submit":true,"reason":"Dev tools att
Parsed - Auto-submit: True, Reason: Dev tools attempt, Code length: 102
"GET /student/class/4/ HTTP/1.1" 200 45847
"GET /problem/4/details/ HTTP/1.1" 200 319
"POST /submit_problem/4/ HTTP/1.1" 200 235
"GET /playground/4/ HTTP/1.1" 302 0
"GET /student/class/4/ HTTP/1.1" 200 46628
"GET / HTTP/1.1" 302 0
"GET /dashboard/ HTTP/1.1" 200 56315
"GET /static/img/teacherwand.png HTTP/1.1" 200 16015
"GET /static/img/star.png HTTP/1.1" 200 22289
"GET /static/img/loadingIcon.webp HTTP/1.1" 200 42646
"GET /media/profile_pic/default.png HTTP/1.1" 200 298184
"GET /media/class_icons/unnamed.jpg HTTP/1.1" 200 66155
"GET /dashboard/ HTTP/1.1" 200 56315
"GET /static/img/1stCup.svg HTTP/1.1" 200 650077
"GET /media/class_icons/Gemini_Generated_Image_tqim57tqim57tqim_FDzubHJ.png HTTP/1.1" 200 1261532
"GET /static/img/PCodeLogo.svg HTTP/1.1" 200 12486
"GET /static/img/favicon.ico HTTP/1.1" 200 4286
"GET /report/ HTTP/1.1" 200 71915
"GET /delete_submission/34/ HTTP/1.1" 302 0
"GET /report/ HTTP/1.1" 200 70236
"GET /student/class/4/ HTTP/1.1" 200 45847
"GET /problem/4/details/ HTTP/1.1" 200 319
"GET /playground/4/ HTTP/1.1" 200 73797
Submission attempt for problem 4
Content-Type: application/json
Request body preview: {"problem_id":"4","code":"# Write your code here\ndef main():\n    # Your solution\n    pass\n\nif __name__ == \"__main__\":\n    main()","language":"python","auto_submit":true,"reason":"Window lost f
Parsed - Auto-submit: True, Reason: Window lost focus, Code length: 102
"POST /submit_problem/4/ HTTP/1.1" 200 235
"GET /student/class/4/ HTTP/1.1" 200 46135
"GET /report/ HTTP/1.1" 200 71915
"GET /delete_submission/35/ HTTP/1.1" 302 0
"GET /report/ HTTP/1.1" 200 70236
"GET /student/class/4/ HTTP/1.1" 200 45847
"GET /problem/4/details/ HTTP/1.1" 200 319
"GET /playground/4/ HTTP/1.1" 200 73794
Submission attempt for problem 4
Content-Type: application/json
Request body preview: {"problem_id":"4","code":"# Write your code here\ndef main():\n    # Your solution\n    pass\n\nif __name__ == \"__main__\":\n    main()","language":"python","auto_submit":true,"reason":"Window lost f
Parsed - Auto-submit: True, Reason: Window lost focus, Code length: 102
"POST /submit_problem/4/ HTTP/1.1" 200 235
"GET /student/class/4/ HTTP/1.1" 200 46135
"GET /report/ HTTP/1.1" 200 71915
"GET /delete_submission/36/ HTTP/1.1" 302 0
"GET /report/ HTTP/1.1" 200 70236
"GET /student/class/4/ HTTP/1.1" 200 45847
"GET /problem/4/details/ HTTP/1.1" 200 319
"GET /playground/4/ HTTP/1.1" 200 66528
"POST /run-test-code/ HTTP/1.1" 200 82
Submission attempt for problem 4
Content-Type: application/json
Request body preview: {"problem_id":"4","code":"# Write your code here\ndef main():\n    # Your solution\n    pass\n\nif __name__ == \"__main__\":\n    main()","language":"python","auto_submit":true,"reason":"Window lost f
Parsed - Auto-submit: True, Reason: Window lost focus, Code length: 102
"GET /student/class/4/ HTTP/1.1" 200 45847
"POST /submit_problem/4/ HTTP/1.1" 200 235
"GET /problem/4/details/ HTTP/1.1" 200 318
"GET /student/class/4/ HTTP/1.1" 200 46135
"GET /problem/4/details/ HTTP/1.1" 200 318
"GET /report/ HTTP/1.1" 200 71915
"GET /delete_submission/37/ HTTP/1.1" 302 0
"GET /report/ HTTP/1.1" 200 70236
"GET /student/class/4/ HTTP/1.1" 200 45847
"GET /problem/4/details/ HTTP/1.1" 200 319
"GET /playground/4/ HTTP/1.1" 200 64075
Submission attempt for problem 4
Content-Type: application/json
Request body preview: {"problem_id":"4","code":"# Write your code here\ndef main():\n    # Your solution\n    pass\n\nif __name__ == \"__main__\":\n    main()","language":"python","auto_submit":true,"reason":"Dev tools att
Parsed - Auto-submit: True, Reason: Dev tools attempt, Code length: 102
"GET /student/class/4/ HTTP/1.1" 200 45847
"POST /submit_problem/4/ HTTP/1.1" 200 235
Not Found: /.well-known/appspecific/com.chrome.devtools.json
"GET /.well-known/appspecific/com.chrome.devtools.json HTTP/1.1" 404 10024
"GET /problem/4/details/ HTTP/1.1" 200 318
"GET /student/class/4/ HTTP/1.1" 200 46135
"GET /problem/4/details/ HTTP/1.1" 200 318
"GET /report/ HTTP/1.1" 200 71915
"GET /delete_submission/38/ HTTP/1.1" 302 0
"GET /report/ HTTP/1.1" 200 70236
"GET /student/class/4/ HTTP/1.1" 200 45847
"GET /problem/4/details/ HTTP/1.1" 200 319
"GET /playground/4/ HTTP/1.1" 200 30243
Not Found: /.well-known/appspecific/com.chrome.devtools.json
"GET /.well-known/appspecific/com.chrome.devtools.json HTTP/1.1" 404 10024
"GET /playground/4/ HTTP/1.1" 200 30041
Not Found: /.well-known/appspecific/com.chrome.devtools.json
"GET /.well-known/appspecific/com.chrome.devtools.json HTTP/1.1" 404 10024
Not Found: /run_test_code/
"POST /run_test_code/ HTTP/1.1" 404 9923
"GET /playground/4/ HTTP/1.1" 200 30041
Not Found: /.well-known/appspecific/com.chrome.devtools.json
"GET /.well-known/appspecific/com.chrome.devtools.json HTTP/1.1" 404 10024
Not Found: /check_code/
"POST /check_code/ HTTP/1.1" 404 9914
"GET /playground/4/ HTTP/1.1" 200 30041
Not Found: /.well-known/appspecific/com.chrome.devtools.json
"GET /.well-known/appspecific/com.chrome.devtools.json HTTP/1.1" 404 10024
Not Found: /check_code/
"POST /check_code/ HTTP/1.1" 404 9914
"GET /playground/4/ HTTP/1.1" 200 66528
Not Found: /.well-known/appspecific/com.chrome.devtools.json
"GET /.well-known/appspecific/com.chrome.devtools.json HTTP/1.1" 404 10024
Submission attempt for problem 4
Content-Type: application/json
Request body preview: {"problem_id":"4","code":"# Write your code here\ndef main():\n    # Your solution\n    pass\n\nif __name__ == \"__main__\":\n    main()","language":"python","auto_submit":true,"reason":"Window lost f
Parsed - Auto-submit: True, Reason: Window lost focus, Code length: 102
"GET /student/class/4/ HTTP/1.1" 200 45847
Not Found: /.well-known/appspecific/com.chrome.devtools.json
"GET /.well-known/appspecific/com.chrome.devtools.json HTTP/1.1" 404 10024
"POST /submit_problem/4/ HTTP/1.1" 200 235
"GET /report/ HTTP/1.1" 200 71915
"GET /delete_submission/39/ HTTP/1.1" 302 0
"GET /report/ HTTP/1.1" 200 70236
"GET /student/class/4/ HTTP/1.1" 200 45847
Not Found: /.well-known/appspecific/com.chrome.devtools.json
"GET /.well-known/appspecific/com.chrome.devtools.json HTTP/1.1" 404 10024
"GET /problem/4/details/ HTTP/1.1" 200 319
"GET /playground/4/ HTTP/1.1" 200 66528
Not Found: /.well-known/appspecific/com.chrome.devtools.json
"GET /.well-known/appspecific/com.chrome.devtools.json HTTP/1.1" 404 10024
Submission attempt for problem 4
Content-Type: application/json
Request body preview: {"problem_id":"4","code":"# Write your code here\ndef main():\n    # Your solution\n    pass\n\nif __name__ == \"__main__\":\n    main()","language":"python","auto_submit":true,"reason":"Window lost f
Parsed - Auto-submit: True, Reason: Window lost focus, Code length: 102
"POST /submit_problem/4/ HTTP/1.1" 200 235
"GET /student/class/4/ HTTP/1.1" 200 46135
Not Found: /.well-known/appspecific/com.chrome.devtools.json
"GET /.well-known/appspecific/com.chrome.devtools.json HTTP/1.1" 404 10024
"GET /report/ HTTP/1.1" 200 71915
"GET /delete_submission/40/ HTTP/1.1" 302 0
"GET /report/ HTTP/1.1" 200 70236
"GET /student/class/4/ HTTP/1.1" 200 45847
Not Found: /.well-known/appspecific/com.chrome.devtools.json
"GET /.well-known/appspecific/com.chrome.devtools.json HTTP/1.1" 404 10024
"GET /problem/4/details/ HTTP/1.1" 200 319
"GET /playground/4/ HTTP/1.1" 200 66528
Not Found: /.well-known/appspecific/com.chrome.devtools.json
"GET /.well-known/appspecific/com.chrome.devtools.json HTTP/1.1" 404 10024
Submission attempt for problem 4
Content-Type: application/json
Request body preview: {"problem_id":"4","code":"# Write your code here\ndef main():\n    # Your solution\n    pass\n\nif __name__ == \"__main__\":\n    main()","language":"python","auto_submit":true,"reason":"Window lost f
Parsed - Auto-submit: True, Reason: Window lost focus, Code length: 102
"POST /submit_problem/4/ HTTP/1.1" 200 235
"GET /student/class/4/ HTTP/1.1" 200 46135
Not Found: /.well-known/appspecific/com.chrome.devtools.json
"GET /.well-known/appspecific/com.chrome.devtools.json HTTP/1.1" 404 10024
"GET /report/ HTTP/1.1" 200 71915
"GET /delete_submission/41/ HTTP/1.1" 302 0
"GET /report/ HTTP/1.1" 200 70236
"GET /student/class/4/ HTTP/1.1" 200 45847
Not Found: /.well-known/appspecific/com.chrome.devtools.json
"GET /.well-known/appspecific/com.chrome.devtools.json HTTP/1.1" 404 10024
"GET /problem/4/details/ HTTP/1.1" 200 319
"GET /playground/4/ HTTP/1.1" 200 65618
"GET /playground/4/ HTTP/1.1" 200 65618
"GET /problem/4/details/ HTTP/1.1" 200 319
Not Found: /.well-known/appspecific/com.chrome.devtools.json
"GET /.well-known/appspecific/com.chrome.devtools.json HTTP/1.1" 404 10024
"GET /problem/4/details/ HTTP/1.1" 200 319
"GET /playground/4/ HTTP/1.1" 200 65618
Not Found: /.well-known/appspecific/com.chrome.devtools.json
"GET /.well-known/appspecific/com.chrome.devtools.json HTTP/1.1" 404 10024
Not Found: /.well-known/appspecific/com.chrome.devtools.json
"GET /.well-known/appspecific/com.chrome.devtools.json HTTP/1.1" 404 10024
"GET /playground/4/ HTTP/1.1" 200 65618
Not Found: /.well-known/appspecific/com.chrome.devtools.json
"GET /.well-known/appspecific/com.chrome.devtools.json HTTP/1.1" 404 10024
"POST /run_playground_code/ HTTP/1.1" 200 207
"GET /playground/4/ HTTP/1.1" 200 66478
Not Found: /.well-known/appspecific/com.chrome.devtools.json
"GET /.well-known/appspecific/com.chrome.devtools.json HTTP/1.1" 404 10024
"GET /playground/4/ HTTP/1.1" 200 67388
Submission attempt for problem 4
Content-Type: application/json
Request body preview: {"problem_id":"4","code":"# Write your code here\ndef main():\n    a = int(input(\"\"))\n    b = int(input(\"\"))\n    \n    print(f\"{a} + {b} = {a+b}\")\n    pass\n\nif __name__ == \"__main__\":\n  
Parsed - Auto-submit: True, Reason: Tab switched or window covered, Code length: 165
"GET /student/class/4/ HTTP/1.1" 200 45847
"POST /submit_problem/4/ HTTP/1.1" 200 237
"GET /report/ HTTP/1.1" 200 72071
"GET /delete_submission/42/ HTTP/1.1" 302 0
"GET /report/ HTTP/1.1" 200 70236
"GET /student/class/4/ HTTP/1.1" 200 45847
Not Found: /.well-known/appspecific/com.chrome.devtools.json
"GET /.well-known/appspecific/com.chrome.devtools.json HTTP/1.1" 404 10024
"GET /problem/4/details/ HTTP/1.1" 200 319
"GET /playground/4/ HTTP/1.1" 200 67694
Not Found: /.well-known/appspecific/com.chrome.devtools.json
"GET /.well-known/appspecific/com.chrome.devtools.json HTTP/1.1" 404 10024
"POST /run_playground_code/ HTTP/1.1" 200 207
"POST /run_playground_code/ HTTP/1.1" 200 122
"POST /run_playground_code/ HTTP/1.1" 200 227
"POST /run-test-code/ HTTP/1.1" 200 96
"POST /run_playground_code/ HTTP/1.1" 200 122
"GET /playground/4/ HTTP/1.1" 200 70143
"POST /run_playground_code/ HTTP/1.1" 200 207
"GET /playground/4/ HTTP/1.1" 200 70960
"POST /run_playground_code/ HTTP/1.1" 200 211
"GET /playground/4/ HTTP/1.1" 200 70960
"POST /run_playground_code/ HTTP/1.1" 200 207
"POST /run_playground_code/ HTTP/1.1" 200 207
"GET /playground/4/ HTTP/1.1" 200 73118
"POST /run-test-code/ HTTP/1.1" 200 95
"POST /run_playground_code/ HTTP/1.1" 200 122
"GET /playground/4/ HTTP/1.1" 200 73204
"POST /run-test-code/ HTTP/1.1" 200 82
"GET /playground/4/ HTTP/1.1" 200 73177
"POST /run_playground_code/ HTTP/1.1" 200 207
"GET /playground/4/ HTTP/1.1" 200 73204
"POST /run-test-code/ HTTP/1.1" 200 82
"GET /playground/4/ HTTP/1.1" 200 73127
"POST /run-test-code/ HTTP/1.1" 200 82
"POST /run-test-code/ HTTP/1.1" 200 82
"POST /run-test-code/ HTTP/1.1" 200 82
"POST /run_playground_code/ HTTP/1.1" 200 207
"GET /playground/4/ HTTP/1.1" 200 74034
Submission attempt for problem 4
Content-Type: application/json
Request body preview: {"problem_id":"4","code":"# Write your code here\ndef main():\n    # Your solution\n    pass\n\nif __name__ == \"__main__\":\n    main()","language":"python","auto_submit":true,"reason":"Tab switched 
Parsed - Auto-submit: True, Reason: Tab switched or window covered, Code length: 102
"GET /student/class/4/ HTTP/1.1" 200 45847
"GET /media/profile_pic/9d19fa5a-b873-469d-8372-7f4957e1f4ec.jpg HTTP/1.1" 304 0
"POST /submit_problem/4/ HTTP/1.1" 200 235
"GET /classes/ HTTP/1.1" 200 42705
"GET /media/class_icons/unnamed.jpg HTTP/1.1" 304 0
"GET /media/class_icons/Gemini_Generated_Image_tqim57tqim57tqim_FDzubHJ.png HTTP/1.1" 304 0
"GET /student/class/3/ HTTP/1.1" 200 63431
Not Found: /.well-known/appspecific/com.chrome.devtools.json
"GET /.well-known/appspecific/com.chrome.devtools.json HTTP/1.1" 404 10024
"GET /problem/3/details/ HTTP/1.1" 200 278
"GET /problem/3/details/ HTTP/1.1" 200 278
"GET /student/class/3/ HTTP/1.1" 200 63454
"GET /student/class/3/ HTTP/1.1" 200 63454
"GET /student/class/3/ HTTP/1.1" 200 63476
"GET /student/class/3/ HTTP/1.1" 200 63488
"GET /student/class/3/ HTTP/1.1" 200 63487
"GET /student/class/3/ HTTP/1.1" 200 63498
"GET /student/class/3/ HTTP/1.1" 200 63584
"GET /student/class/3/ HTTP/1.1" 200 63584
"GET /student/class/3/ HTTP/1.1" 200 63498
"GET /student/class/3/ HTTP/1.1" 200 63498
"GET /student/class/3/ HTTP/1.1" 200 63498
"GET /problem/3/details/ HTTP/1.1" 200 278
"GET /problem/3/details/ HTTP/1.1" 200 278
"GET /problem/2/details/ HTTP/1.1" 200 242
"GET /problem/2/details/ HTTP/1.1" 200 242
"GET /code-playground/ HTTP/1.1" 200 81177
"GET /classes/ HTTP/1.1" 200 42705
"GET /student/class/3/ HTTP/1.1" 200 63498
"GET /student/class/3/ HTTP/1.1" 200 63498
"GET /StudentDashboard/ HTTP/1.1" 200 58737
"GET /api/student/total-exp/ HTTP/1.1" 200 82
"GET /api/leaderboard-data/ HTTP/1.1" 200 534
"GET /classes/ HTTP/1.1" 200 42705
"GET /student/class/4/ HTTP/1.1" 200 46135
"GET /problem/4/details/ HTTP/1.1" 200 318
"GET / HTTP/1.1" 302 0
"GET /dashboard/ HTTP/1.1" 200 56315
"GET /media/class_icons/unnamed.jpg HTTP/1.1" 304 0
"GET /media/class_icons/Gemini_Generated_Image_tqim57tqim57tqim_FDzubHJ.png HTTP/1.1" 304 0
"GET /dashboard/ HTTP/1.1" 200 56315
"GET /report/ HTTP/1.1" 200 71915
"GET /delete_submission/43/ HTTP/1.1" 302 0
"GET /report/ HTTP/1.1" 200 70236
"GET /student/class/4/ HTTP/1.1" 200 45847
"GET /problem/4/details/ HTTP/1.1" 200 319
"GET /playground/4/ HTTP/1.1" 200 72843
Submission attempt for problem 4
Content-Type: application/json
Request body preview: {"problem_id":"4","code":"# Write your code here\ndef main():\n    # Your solution\n    pass\n\nif __name__ == \"__main__\":\n    main()","language":"python","auto_submit":true,"reason":"Time limit ex
Parsed - Auto-submit: True, Reason: Time limit exceeded, Code length: 102
"GET /student/class/4/ HTTP/1.1" 200 45847
"GET /report/ HTTP/1.1" 200 69738
"POST /submit_problem/4/ HTTP/1.1" 200 235
"GET /report/ HTTP/1.1" 200 71915
"GET /delete_submission/44/ HTTP/1.1" 302 0
"GET /report/ HTTP/1.1" 200 70236
"GET /student/class/4/ HTTP/1.1" 200 45847
"GET /problem/4/details/ HTTP/1.1" 200 319
"GET /playground/4/ HTTP/1.1" 200 72843
Submission attempt for problem 4
Content-Type: application/json
Request body preview: {"problem_id":"4","code":"# Write your code here\ndef main():\n    a = int(input(\"\"))\n    b = int(input(\"\"))\n    print(f\"{a} + {b} = {a+b}\")\n    pass\n\nif __name__ == \"__main__\":\n    main
Parsed - Auto-submit: True, Reason: Window lost focus, Code length: 160
"POST /submit_problem/4/ HTTP/1.1" 200 237
"GET /student/class/4/ HTTP/1.1" 200 46130
"GET /report/ HTTP/1.1" 200 72056
"GET /delete_submission/45/ HTTP/1.1" 302 0
"GET /report/ HTTP/1.1" 200 70236
"GET /student/class/4/ HTTP/1.1" 200 45847
"GET /problem/4/details/ HTTP/1.1" 200 319
"GET /playground/4/ HTTP/1.1" 200 74034
"POST /run-test-code/ HTTP/1.1" 200 95
Submission attempt for problem 4
Content-Type: application/json
Request body preview: {"problem_id":"4","code":"# Write your code here\ndef main():\n    a = int(input(\"\"))\n    b = int(input(\"\"))\n    print(f\"{a} + {b} = {a+b}\")\n\nif __name__ == \"__main__\":\n    main()","langu
Parsed - Auto-submit: True, Reason: Window lost focus, Code length: 151
"POST /submit_problem/4/ HTTP/1.1" 200 237
"GET /student/class/4/ HTTP/1.1" 200 46130
"GET /report/ HTTP/1.1" 200 72037
"GET /delete_submission/46/ HTTP/1.1" 302 0
"GET /report/ HTTP/1.1" 200 70236
"GET /student/class/4/ HTTP/1.1" 200 45847
"GET /problem/4/details/ HTTP/1.1" 200 319
"GET /playground/4/ HTTP/1.1" 200 71055
"POST /run-test-code/ HTTP/1.1" 200 94
"POST /run-test-code/ HTTP/1.1" 200 94
"POST /run-test-code/ HTTP/1.1" 200 94
"POST /run-test-code/ HTTP/1.1" 200 95
"GET /playground/4/ HTTP/1.1" 200 70995
"POST /run-test-code/ HTTP/1.1" 200 95
"GET /playground/4/ HTTP/1.1" 200 70996
"GET /playground/4/ HTTP/1.1" 200 71035
"POST /run-test-code/ HTTP/1.1" 200 82
"POST /run-test-code/ HTTP/1.1" 200 82
"POST /run-test-code/ HTTP/1.1" 200 95
"GET /playground/4/ HTTP/1.1" 200 71035
"POST /run-test-code/ HTTP/1.1" 200 95
C:\Users\Chenchen\OneDrive\Documents\GitHub\DjangoProject\PauliCode\User\views.py changed, reloading.
Watching for file changes with StatReloader
"GET /playground/4/ HTTP/1.1" 200 71035
"POST /run-test-code/ HTTP/1.1" 200 93
"GET /dashboard/ HTTP/1.1" 200 56150
"GET /media/class_icons/Gemini_Generated_Image_tqim57tqim57tqim_FDzubHJ.png HTTP/1.1" 304 0
"GET /media/class_icons/unnamed.jpg HTTP/1.1" 304 0
"GET /dashboard/ HTTP/1.1" 200 56150
"POST /logout/ HTTP/1.1" 302 0
"GET / HTTP/1.1" 200 21573
"GET / HTTP/1.1" 200 21077
"POST /login/ HTTP/1.1" 302 0
"GET /StudentDashboard/ HTTP/1.1" 200 54550
"GET /api/student/total-exp/ HTTP/1.1" 200 84
"GET /api/leaderboard-data/ HTTP/1.1" 200 534
"GET /static/img/studenthaticon.png HTTP/1.1" 200 8381
"GET /code-playground/ HTTP/1.1" 200 81150
"POST /run-test-code/ HTTP/1.1" 200 93
"GET /playground/4/ HTTP/1.1" 200 70272
"GET /playground/4/ HTTP/1.1" 200 71022
"POST /run-test-code/ HTTP/1.1" 200 94
"GET /playground/4/ HTTP/1.1" 200 70099
"GET /playground/4/ HTTP/1.1" 200 70522
"GET /playground/4/ HTTP/1.1" 200 70843
Submission attempt for problem 4
Content-Type: application/json
Request body preview: {"problem_id":"4","code":"# Write your code here\ndef main():\n    a = int(input(\"\"))\n    b = int(input(\"\"))\n    print(f\"{a} + {b} = {a+b}\")\n\nif __name__ == \"__main__\":\n    main()","langu
Parsed - Auto-submit: True, Reason: Window lost focus, Code length: 151
"GET /student/class/4/ HTTP/1.1" 200 45847
"POST /submit_problem/4/ HTTP/1.1" 200 237
"GET /problem/4/details/ HTTP/1.1" 200 318
"GET /student/class/4/ HTTP/1.1" 200 46130
"GET /report/ HTTP/1.1" 200 72037
"GET /delete_submission/47/ HTTP/1.1" 302 0
"GET /report/ HTTP/1.1" 200 70236
"GET /student/class/4/ HTTP/1.1" 200 45847
"GET /problem/4/details/ HTTP/1.1" 200 319
"GET /playground/4/ HTTP/1.1" 200 71060
Submission attempt for problem 4
Content-Type: application/json
Request body preview: {"problem_id":"4","code":"# Write your code here\ndef main():\n    a = int(input(\"\"))\n    b = int(input(\"\"))\n    print(f\"{a} + {b} = {a+b}\")\n\nif __name__ == \"__main__\":\n    main()","langu
Parsed - Auto-submit: True, Reason: Window lost focus, Code length: 151
"GET /student/class/4/ HTTP/1.1" 200 45847
"POST /submit_problem/4/ HTTP/1.1" 200 237
"GET /report/ HTTP/1.1" 200 72037
"GET /delete_submission/48/ HTTP/1.1" 302 0
"GET /report/ HTTP/1.1" 200 70236
"GET /student/class/4/ HTTP/1.1" 200 45847
"GET /problem/4/details/ HTTP/1.1" 200 319
"GET /playground/4/ HTTP/1.1" 200 70542
"GET /playground/4/ HTTP/1.1" 200 71043
"POST /run-test-code/ HTTP/1.1" 200 93
"POST /run-test-code/ HTTP/1.1" 200 94
"POST /run-test-code/ HTTP/1.1" 200 93
"GET /playground/4/ HTTP/1.1" 200 70447
"GET /playground/4/ HTTP/1.1" 200 70952
"GET /playground/4/ HTTP/1.1" 200 70447
"GET /playground/4/ HTTP/1.1" 200 70952
"GET /playground/4/ HTTP/1.1" 200 70961
"GET /playground/4/ HTTP/1.1" 200 71054
"POST /run-test-code/ HTTP/1.1" 200 93
"GET /playground/4/ HTTP/1.1" 200 70570
"POST /run-test-code/ HTTP/1.1" 200 93
"POST /run-test-code/ HTTP/1.1" 200 93
"GET /playground/4/ HTTP/1.1" 200 70865
"POST /run-test-code/ HTTP/1.1" 200 94
"GET /playground/4/ HTTP/1.1" 200 71313
"POST /run-test-code/ HTTP/1.1" 200 93
"GET /playground/4/ HTTP/1.1" 200 71556
"GET /playground/4/ HTTP/1.1" 200 71308
"GET /playground/4/ HTTP/1.1" 200 71079
"GET /playground/4/ HTTP/1.1" 200 71083
"GET /playground/4/ HTTP/1.1" 200 71078
"GET /playground/4/ HTTP/1.1" 200 71062
"GET /playground/4/ HTTP/1.1" 200 71062
"GET /playground/4/ HTTP/1.1" 200 71079
"GET /playground/4/ HTTP/1.1" 200 71079
"GET /playground/4/ HTTP/1.1" 200 71081
"GET /playground/4/ HTTP/1.1" 200 71124
"GET /playground/4/ HTTP/1.1" 200 71245
"GET /playground/4/ HTTP/1.1" 200 71268
"GET /playground/4/ HTTP/1.1" 200 71199
"GET /playground/4/ HTTP/1.1" 200 71351
"GET /playground/4/ HTTP/1.1" 200 70940
"GET /login/?next=/ HTTP/1.1" 200 42269
"GET /static/img/loadingIcon.webp HTTP/1.1" 200 42646
"GET /static/img/PCodeLogo.svg HTTP/1.1" 200 12486
"GET /login/?next=/ HTTP/1.1" 200 42269
"GET /static/img/image.png HTTP/1.1" 404 1802
"GET /static/img/image.png HTTP/1.1" 404 1802
"GET /login/?next=/ HTTP/1.1" 200 42269
"GET / HTTP/1.1" 200 21077
"GET / HTTP/1.1" 200 21077
"GET /static/img/favicon.ico HTTP/1.1" 200 4286
"GET / HTTP/1.1" 200 21077
"GET / HTTP/1.1" 200 21077
"GET /static/img/favicon.ico HTTP/1.1" 200 4286
Not Found: /apple-touch-icon.png
Not Found: /apple-touch-icon-precomposed.png
Not Found: /favicon.ico
"GET /apple-touch-icon.png HTTP/1.1" 404 9944
"GET /apple-touch-icon-precomposed.png HTTP/1.1" 404 9980
"GET /favicon.ico HTTP/1.1" 404 9917
"GET /static/img/apple-icon.png HTTP/1.1" 404 1817
"GET /static/img/apple-icon.png HTTP/1.1" 404 1817
Not Found: /apple-touch-icon-120x120-precomposed.png
"GET /apple-touch-icon-120x120-precomposed.png HTTP/1.1" 404 10004
Not Found: /apple-touch-icon-120x120.png
"GET /apple-touch-icon-120x120.png HTTP/1.1" 404 9968
Not Found: /apple-touch-icon.png
"GET /apple-touch-icon.png HTTP/1.1" 404 9944
Not Found: /apple-touch-icon.png
"GET /apple-touch-icon.png HTTP/1.1" 404 9944
- Broken pipe from ('192.168.8.103', 60213)
"GET / HTTP/1.1" 200 21077
"GET /static/img/loadingIcon.webp HTTP/1.1" 200 42646
"GET /static/img/PCodeLogo.svg HTTP/1.1" 200 12486
"GET / HTTP/1.1" 200 21077
- Broken pipe from ('192.168.8.103', 60202)
"GET /static/img/favicon.ico HTTP/1.1" 200 4286
"GET /static/img/apple-icon.png HTTP/1.1" 404 1817
"POST /login/ HTTP/1.1" 302 0
"GET /StudentDashboard/ HTTP/1.1" 200 59063
"GET /static/img/studenthaticon.png HTTP/1.1" 200 8381
"GET /api/student/total-exp/ HTTP/1.1" 200 82
"GET /media/profile_pic/9d19fa5a-b873-469d-8372-7f4957e1f4ec.jpg HTTP/1.1" 200 282651
"GET /api/leaderboard-data/ HTTP/1.1" 200 534
"GET /static/img/star.png HTTP/1.1" 200 22289
"GET /media/class_icons/unnamed.jpg HTTP/1.1" 200 66155
"GET /static/img/1stCup.svg HTTP/1.1" 200 650077
"GET /media/class_icons/Gemini_Generated_Image_tqim57tqim57tqim_FDzubHJ.png HTTP/1.1" 200 1261532
"GET /classes/ HTTP/1.1" 200 42705
"GET /static/img/search.png HTTP/1.1" 200 30429
"GET /static/img/plusIcon.png HTTP/1.1" 200 68669
"GET /leaderboard/ HTTP/1.1" 200 53067
"GET /api/leaderboard-data/? HTTP/1.1" 200 534
"GET /media/profile_pic/default.png HTTP/1.1" 200 298184
"GET /code-playground/ HTTP/1.1" 200 81177
- Broken pipe from ('192.168.8.103', 60214)
"GET / HTTP/1.1" 200 21077
"GET / HTTP/1.1" 200 21077
"GET /report/ HTTP/1.1" 200 69738
"GET /playground/4/ HTTP/1.1" 200 34056
"GET /report/ HTTP/1.1" 200 69738
"GET /media/class_icons/Gemini_Generated_Image_tqim57tqim57tqim_FDzubHJ.png HTTP/1.1" 304 0
"GET /media/class_icons/unnamed.jpg HTTP/1.1" 304 0
"GET /playground/4/ HTTP/1.1" 200 71850
Submission attempt for problem 4
Content-Type: application/json
Request body preview: {"problem_id":"4","code":"# Write your code here\ndef main():\n    # Your solution\n    pass\n\nif __name__ == \"__main__\":\n    main()","language":"python","auto_submit":true,"reason":"Tab switched 
Parsed - Auto-submit: True, Reason: Tab switched or window covered, Code length: 102
"GET /student/class/4/ HTTP/1.1" 200 45847
"GET /media/profile_pic/9d19fa5a-b873-469d-8372-7f4957e1f4ec.jpg HTTP/1.1" 304 0
"GET /problem/4/details/ HTTP/1.1" 200 319
"GET /playground/4/ HTTP/1.1" 200 71850
"POST /submit_problem/4/ HTTP/1.1" 200 235
Submission attempt for problem 4
Content-Type: application/json
Duplicate submission blocked for student C-2023-0395
Bad Request: /submit_problem/4/
"POST /submit_problem/4/ HTTP/1.1" 400 147
"GET /student/class/4/ HTTP/1.1" 200 46135
"GET /code-playground/ HTTP/1.1" 200 92895
"GET /report/ HTTP/1.1" 200 71915
"GET /delete_submission/49/ HTTP/1.1" 302 0
"GET /report/ HTTP/1.1" 200 70236
"GET /student/class/4/ HTTP/1.1" 200 45847
"GET /problem/4/details/ HTTP/1.1" 200 319
"GET /playground/4/ HTTP/1.1" 200 73455
"POST /run-test-code/ HTTP/1.1" 200 82
"POST /run-test-code/ HTTP/1.1" 200 93
"POST /run-test-code/ HTTP/1.1" 200 94
Submission attempt for problem 4
Content-Type: application/json
Request body preview: {"problem_id":"4","code":"# Write your code here\ndef main():\n    a = int(input(\"\"))\n    b = int(input(\"\"))\n    \n    print(f\"{a} + {b} = {a+b}\")\n\nif __name__ == \"__main__\":\n    main()",
Parsed - Auto-submit: True, Reason: Window lost focus, Code length: 156
"GET /student/class/4/ HTTP/1.1" 200 45847
"GET /student/class/4/ HTTP/1.1" 200 45847
"POST /submit_problem/4/ HTTP/1.1" 200 237
"GET /problem/4/details/ HTTP/1.1" 200 318
"GET /report/ HTTP/1.1" 200 72052
"GET /submission/view/50/ HTTP/1.1" 200 862
Not Found: /favicon.ico
"GET /favicon.ico HTTP/1.1" 404 9913
"GET /problem/4/details/ HTTP/1.1" 200 318
"GET /delete_submission/50/ HTTP/1.1" 302 0
"GET /report/ HTTP/1.1" 200 70236
"GET /student/class/4/ HTTP/1.1" 200 45847
"GET /problem/4/details/ HTTP/1.1" 200 319
"GET /playground/4/ HTTP/1.1" 200 57774
"POST /run-test-code/ HTTP/1.1" 200 82
Not Found: /run-playground-code/
"POST /run-playground-code/ HTTP/1.1" 404 9941
Not Found: /run-playground-code/
"POST /run-playground-code/ HTTP/1.1" 404 9941
"POST /run-test-code/ HTTP/1.1" 200 86
"GET /report/ HTTP/1.1" 200 69738
"GET /playground/4/ HTTP/1.1" 200 74265
"POST /run-test-code/ HTTP/1.1" 200 93
"POST /run_playground_code/ HTTP/1.1" 200 122
"POST /run_playground_code/ HTTP/1.1" 200 122
Submission attempt for problem 4
Content-Type: application/json
Request body preview: {"problem_id":"4","code":"# Write your code here\ndef main():\n    a = int(input(\"\"))\n    b = int(input(\"\"))\n    \n    print(f\"{a} + {b} = {a+b}\")\n    pass\n\nif __name__ == \"__main__\":\n  
Parsed - Auto-submit: True, Reason: Tab switched or window covered, Code length: 165
"GET /student/class/4/ HTTP/1.1" 200 45847
"GET /problem/4/details/ HTTP/1.1" 200 319
"GET /student/class/4/ HTTP/1.1" 200 45847
"GET /problem/4/details/ HTTP/1.1" 200 319
"POST /submit_problem/4/ HTTP/1.1" 200 237
C:\Users\Chenchen\OneDrive\Documents\GitHub\DjangoProject\PauliCode\User\views.py changed, reloading.
Watching for file changes with StatReloader
"GET /report/ HTTP/1.1" 200 72071
"GET /delete_submission/51/ HTTP/1.1" 302 0
"GET /report/ HTTP/1.1" 200 70236
"GET /student/class/4/ HTTP/1.1" 200 45847
"GET /problem/4/details/ HTTP/1.1" 200 319
"GET /playground/4/ HTTP/1.1" 200 74265
"POST /run_playground_code/ HTTP/1.1" 200 253
"POST /run_playground_code/ HTTP/1.1" 200 164
"POST /run-test-code/ HTTP/1.1" 200 93
"POST /run_playground_code/ HTTP/1.1" 200 164
Submission attempt for problem 4
Content-Type: application/json
Request body preview: {"problem_id":"4","code":"# Write your code here\ndef main():\n    a = int(input(\"\"))\n    b = int(input(\"\"))\n    \n    print(f\"{a} + {b} = {a+b}\")\n    pass\n\nif __name__ == \"__main__\":\n  
Parsed - Auto-submit: False, Reason: Manual submission, Code length: 165
"POST /submit_problem/4/ HTTP/1.1" 200 232
"GET /student/class/4/ HTTP/1.1" 200 46130
"GET /problem/4/details/ HTTP/1.1" 200 318
"GET /report/ HTTP/1.1" 200 72071
"GET /submission/view/52/ HTTP/1.1" 200 871
"GET /delete_submission/52/ HTTP/1.1" 302 0
"GET /report/ HTTP/1.1" 200 70236
"GET /student/class/4/ HTTP/1.1" 200 45847
"GET /problem/4/details/ HTTP/1.1" 200 319
"GET /playground/4/ HTTP/1.1" 200 74265
"POST /run_playground_code/ HTTP/1.1" 200 164
Submission attempt for problem 4
Content-Type: application/json
Request body preview: {"problem_id":"4","code":"# Write your code here\r\ndef main():\r\n    a = int(input(\"\"))\r\n    b = int(input(\"\"))\r\n    \r\n    print(f\"{a} + {b} = {a+b}\")\r\n    pass\r\n\r\nif __name__ == \
Parsed - Auto-submit: False, Reason: Manual submission, Code length: 174
"POST /submit_problem/4/ HTTP/1.1" 200 232
"GET /student/class/4/ HTTP/1.1" 200 46130
"GET /student/class/4/?filter=Quiz HTTP/1.1" 200 44407
"GET /student/class/4/?filter=Assignment HTTP/1.1" 200 44407
"GET /student/class/4/ HTTP/1.1" 200 46130
"GET /student/class/4/?filter=Assignment HTTP/1.1" 200 44407
"GET /student/class/4/?filter=Quiz HTTP/1.1" 200 44407
"GET /student/class/4/?filter=Assignment HTTP/1.1" 200 44407
"GET /dashboard/ HTTP/1.1" 200 56315
"GET /dashboard/ HTTP/1.1" 200 56315
"GET /MyClasses/ HTTP/1.1" 200 49899
"GET /MyClasses/ HTTP/1.1" 200 49899
"GET /class/4/ HTTP/1.1" 200 58732
"GET /media/profile_pic/9d19fa5a-b873-469d-8372-7f4957e1f4ec.jpg HTTP/1.1" 304 0
"GET /class/4/ HTTP/1.1" 200 63665
"GET /class/4/ HTTP/1.1" 200 66665
"GET /class/4/ HTTP/1.1" 200 66632
Not Found: /.well-known/appspecific/com.chrome.devtools.json
"GET /.well-known/appspecific/com.chrome.devtools.json HTTP/1.1" 404 10024
"GET /dashboard/ HTTP/1.1" 200 56315
Not Found: /.well-known/appspecific/com.chrome.devtools.json
"GET /.well-known/appspecific/com.chrome.devtools.json HTTP/1.1" 404 10024
"GET /dashboard/ HTTP/1.1" 200 56315
"GET /MyClasses/ HTTP/1.1" 200 49899
Not Found: /.well-known/appspecific/com.chrome.devtools.json
"GET /.well-known/appspecific/com.chrome.devtools.json HTTP/1.1" 404 10024
"GET /MyClasses/ HTTP/1.1" 200 49899
"GET /report/ HTTP/1.1" 200 72098
Not Found: /.well-known/appspecific/com.chrome.devtools.json
"GET /.well-known/appspecific/com.chrome.devtools.json HTTP/1.1" 404 10024
"GET /leaderboard/ HTTP/1.1" 200 52985
Not Found: /.well-known/appspecific/com.chrome.devtools.json
"GET /.well-known/appspecific/com.chrome.devtools.json HTTP/1.1" 404 10024
"GET /api/leaderboard-data/? HTTP/1.1" 200 537
"GET /api/leaderboard-data/? HTTP/1.1" 200 537
"GET /code-playground/ HTTP/1.1" 200 92930
Not Found: /.well-known/appspecific/com.chrome.devtools.json
"GET /.well-known/appspecific/com.chrome.devtools.json HTTP/1.1" 404 10024
"GET /MyClasses/ HTTP/1.1" 200 49899
"GET /MyClasses/ HTTP/1.1" 200 49899
"GET /class/3/ HTTP/1.1" 200 60460
"GET /class/3/?filter=Assignment HTTP/1.1" 200 59148
"GET /class/3/?filter=Quiz HTTP/1.1" 200 59152
"GET /class/3/?filter= HTTP/1.1" 200 60460
"GET /MyClasses/ HTTP/1.1" 200 49899
"GET /MyClasses/ HTTP/1.1" 200 49899
"GET /class/4/ HTTP/1.1" 200 66632
C:\Users\Chenchen\OneDrive\Documents\GitHub\DjangoProject\PauliCode\User\models.py changed, reloading.
Watching for file changes with StatReloader
C:\Users\Chenchen\OneDrive\Documents\GitHub\DjangoProject\PauliCode\User\views.py changed, reloading.
Watching for file changes with StatReloader
C:\Users\Chenchen\OneDrive\Documents\GitHub\DjangoProject\PauliCode\User\views.py changed, reloading.
Watching for file changes with StatReloader
C:\Users\Chenchen\OneDrive\Documents\GitHub\DjangoProject\PauliCode\User\views.py changed, reloading.
Watching for file changes with StatReloader
C:\Users\Chenchen\OneDrive\Documents\GitHub\DjangoProject\PauliCode\User\views.py changed, reloading.
Watching for file changes with StatReloader
C:\Users\Chenchen\OneDrive\Documents\GitHub\DjangoProject\PauliCode\User\urls.py changed, reloading.
Watching for file changes with StatReloader
C:\Users\Chenchen\OneDrive\Documents\GitHub\DjangoProject\PauliCode\User\urls.py changed, reloading.
Watching for file changes with StatReloader
C:\Users\Chenchen\OneDrive\Documents\GitHub\DjangoProject\PauliCode\User\urls.py changed, reloading.
Watching for file changes with StatReloader
Watching for file changes with StatReloader
"GET /class/4/ HTTP/1.1" 200 74201
C:\Users\Chenchen\OneDrive\Documents\GitHub\DjangoProject\PauliCode\User\models.py changed, reloading.
Watching for file changes with StatReloader
C:\Users\Chenchen\OneDrive\Documents\GitHub\DjangoProject\PauliCode\User\views.py changed, reloading.
Watching for file changes with StatReloader
C:\Users\Chenchen\OneDrive\Documents\GitHub\DjangoProject\PauliCode\User\views.py changed, reloading.
Watching for file changes with StatReloader
Watching for file changes with StatReloader
Internal Server Error: /class/4/
Traceback (most recent call last):
  File "C:\Users\Chenchen\OneDrive\Documents\GitHub\DjangoProject\Paulicode\env\Lib\site-packages\django\core\handlers\exception.py", line 55, in inner
    response = get_response(request)
  File "C:\Users\Chenchen\OneDrive\Documents\GitHub\DjangoProject\Paulicode\env\Lib\site-packages\django\core\handlers\base.py", line 197, in _get_response
    response = wrapped_callback(request, *callback_args, **callback_kwargs)
  File "C:\Users\Chenchen\OneDrive\Documents\GitHub\DjangoProject\Paulicode\env\Lib\site-packages\django\contrib\auth\decorators.py", line 23, in _wrapper_view
    return view_func(request, *args, **kwargs)
  File "C:\Users\Chenchen\OneDrive\Documents\GitHub\DjangoProject\paulicode\User\views.py", line 381, in classDetails
    return render(request, 'User/classDetails.html', context)
  File "C:\Users\Chenchen\OneDrive\Documents\GitHub\DjangoProject\Paulicode\env\Lib\site-packages\django\shortcuts.py", line 24, in render
    content = loader.render_to_string(template_name, context, request, using=using)
  File "C:\Users\Chenchen\OneDrive\Documents\GitHub\DjangoProject\Paulicode\env\Lib\site-packages\django\template\loader.py", line 62, in render_to_string
    return template.render(context, request)
           ~~~~~~~~~~~~~~~^^^^^^^^^^^^^^^^^^
  File "C:\Users\Chenchen\OneDrive\Documents\GitHub\DjangoProject\Paulicode\env\Lib\site-packages\django\template\backends\django.py", line 61, in render
    return self.template.render(context)
           ~~~~~~~~~~~~~~~~~~~~^^^^^^^^^
  File "C:\Users\Chenchen\OneDrive\Documents\GitHub\DjangoProject\Paulicode\env\Lib\site-packages\django\template\base.py", line 175, in render
    return self._render(context)
           ~~~~~~~~~~~~^^^^^^^^^
  File "C:\Users\Chenchen\OneDrive\Documents\GitHub\DjangoProject\Paulicode\env\Lib\site-packages\django\template\base.py", line 167, in _render
    return self.nodelist.render(context)
           ~~~~~~~~~~~~~~~~~~~~^^^^^^^^^
  File "C:\Users\Chenchen\OneDrive\Documents\GitHub\DjangoProject\Paulicode\env\Lib\site-packages\django\template\base.py", line 1005, in render
    return SafeString("".join([node.render_annotated(context) for node in self]))
                               ~~~~~~~~~~~~~~~~~~~~~^^^^^^^^^
  File "C:\Users\Chenchen\OneDrive\Documents\GitHub\DjangoProject\Paulicode\env\Lib\site-packages\django\template\base.py", line 966, in render_annotated
    return self.render(context)
           ~~~~~~~~~~~^^^^^^^^^
  File "C:\Users\Chenchen\OneDrive\Documents\GitHub\DjangoProject\Paulicode\env\Lib\site-packages\django\template\loader_tags.py", line 157, in render
    return compiled_parent._render(context)
           ~~~~~~~~~~~~~~~~~~~~~~~^^^^^^^^^
  File "C:\Users\Chenchen\OneDrive\Documents\GitHub\DjangoProject\Paulicode\env\Lib\site-packages\django\template\base.py", line 167, in _render
    return self.nodelist.render(context)
           ~~~~~~~~~~~~~~~~~~~~^^^^^^^^^
  File "C:\Users\Chenchen\OneDrive\Documents\GitHub\DjangoProject\Paulicode\env\Lib\site-packages\django\template\base.py", line 1005, in render
    return SafeString("".join([node.render_annotated(context) for node in self]))
                               ~~~~~~~~~~~~~~~~~~~~~^^^^^^^^^
  File "C:\Users\Chenchen\OneDrive\Documents\GitHub\DjangoProject\Paulicode\env\Lib\site-packages\django\template\base.py", line 966, in render_annotated
    return self.render(context)
           ~~~~~~~~~~~^^^^^^^^^
  File "C:\Users\Chenchen\OneDrive\Documents\GitHub\DjangoProject\Paulicode\env\Lib\site-packages\django\template\loader_tags.py", line 63, in render
    result = block.nodelist.render(context)
  File "C:\Users\Chenchen\OneDrive\Documents\GitHub\DjangoProject\Paulicode\env\Lib\site-packages\django\template\base.py", line 1005, in render
    return SafeString("".join([node.render_annotated(context) for node in self]))
                               ~~~~~~~~~~~~~~~~~~~~~^^^^^^^^^
  File "C:\Users\Chenchen\OneDrive\Documents\GitHub\DjangoProject\Paulicode\env\Lib\site-packages\django\template\base.py", line 966, in render_annotated
    return self.render(context)
           ~~~~~~~~~~~^^^^^^^^^
  File "C:\Users\Chenchen\OneDrive\Documents\GitHub\DjangoProject\Paulicode\env\Lib\site-packages\django\template\loader_tags.py", line 208, in render
    return template.render(context)
           ~~~~~~~~~~~~~~~^^^^^^^^^
  File "C:\Users\Chenchen\OneDrive\Documents\GitHub\DjangoProject\Paulicode\env\Lib\site-packages\django\template\base.py", line 177, in render
    return self._render(context)
           ~~~~~~~~~~~~^^^^^^^^^
  File "C:\Users\Chenchen\OneDrive\Documents\GitHub\DjangoProject\Paulicode\env\Lib\site-packages\django\template\base.py", line 167, in _render
    return self.nodelist.render(context)
           ~~~~~~~~~~~~~~~~~~~~^^^^^^^^^
  File "C:\Users\Chenchen\OneDrive\Documents\GitHub\DjangoProject\Paulicode\env\Lib\site-packages\django\template\base.py", line 1005, in render
    return SafeString("".join([node.render_annotated(context) for node in self]))
                               ~~~~~~~~~~~~~~~~~~~~~^^^^^^^^^
  File "C:\Users\Chenchen\OneDrive\Documents\GitHub\DjangoProject\Paulicode\env\Lib\site-packages\django\template\base.py", line 966, in render_annotated
    return self.render(context)
           ~~~~~~~~~~~^^^^^^^^^
  File "C:\Users\Chenchen\OneDrive\Documents\GitHub\DjangoProject\Paulicode\env\Lib\site-packages\django\template\defaulttags.py", line 471, in render
    url = reverse(view_name, args=args, kwargs=kwargs, current_app=current_app)
  File "C:\Users\Chenchen\OneDrive\Documents\GitHub\DjangoProject\Paulicode\env\Lib\site-packages\django\urls\base.py", line 88, in reverse
    return resolver._reverse_with_prefix(view, prefix, *args, **kwargs)
           ~~~~~~~~~~~~~~~~~~~~~~~~~~~~~^^^^^^^^^^^^^^^^^^^^^^^^^^^^^^^
  File "C:\Users\Chenchen\OneDrive\Documents\GitHub\DjangoProject\Paulicode\env\Lib\site-packages\django\urls\resolvers.py", line 828, in _reverse_with_prefix
    raise NoReverseMatch(msg)
django.urls.exceptions.NoReverseMatch: Reverse for 'add_resources' not found. 'add_resources' is not a valid view function or pattern name.
"GET /class/4/ HTTP/1.1" 500 203179
C:\Users\Chenchen\OneDrive\Documents\GitHub\DjangoProject\PauliCode\User\urls.py changed, reloading.
Watching for file changes with StatReloader
"GET /class/4/ HTTP/1.1" 200 81934
"POST /class/4/add-resources/ HTTP/1.1" 302 0
"GET /class/4/ HTTP/1.1" 200 90379
"GET /problem/4/details/ HTTP/1.1" 200 319
"GET /problem/4/details/ HTTP/1.1" 200 319
"GET /media/problem_resources/Ritchel_O.pdf HTTP/1.1" 200 156640
"GET /media/problem_resources/M1-4-CALIPESRUBIO.pdf HTTP/1.1" 200 21383628
Not Found: /resource/undefined/delete/
"POST /resource/undefined/delete/ HTTP/1.1" 404 9974
C:\Users\Chenchen\OneDrive\Documents\GitHub\DjangoProject\PauliCode\User\models.py changed, reloading.
Watching for file changes with StatReloader
C:\Users\Chenchen\OneDrive\Documents\GitHub\DjangoProject\PauliCode\User\views.py changed, reloading.
Watching for file changes with StatReloader
C:\Users\Chenchen\OneDrive\Documents\GitHub\DjangoProject\PauliCode\User\views.py changed, reloading.
Watching for file changes with StatReloader
C:\Users\Chenchen\OneDrive\Documents\GitHub\DjangoProject\PauliCode\User\urls.py changed, reloading.
Watching for file changes with StatReloader
C:\Users\Chenchen\OneDrive\Documents\GitHub\DjangoProject\PauliCode\User\views.py changed, reloading.
Watching for file changes with StatReloader
Watching for file changes with StatReloader
"GET /class/4/ HTTP/1.1" 200 89860
"GET /problem/4/details/ HTTP/1.1" 200 319
"GET /problem/4/details/ HTTP/1.1" 200 319
"POST /class/4/add-resources/ HTTP/1.1" 302 0
"GET /class/4/ HTTP/1.1" 200 100327
"GET /resource/6/details/ HTTP/1.1" 200 330
"GET /resource/5/details/ HTTP/1.1" 200 346
"POST /resource/4/delete/ HTTP/1.1" 200 61
"GET /class/4/ HTTP/1.1" 200 96864
"POST /resource/5/delete/ HTTP/1.1" 200 61
"GET /class/4/ HTTP/1.1" 200 93899
"POST /resource/6/delete/ HTTP/1.1" 200 61
"GET /class/4/ HTTP/1.1" 200 91174
"GET /problem/5/details/ HTTP/1.1" 200 214
"GET /problem/5/details/ HTTP/1.1" 200 214
"GET /problem/5/delete/ HTTP/1.1" 302 0
"GET /class/4/ HTTP/1.1" 200 90347
C:\Users\Chenchen\OneDrive\Documents\GitHub\DjangoProject\PauliCode\User\models.py changed, reloading.
Watching for file changes with StatReloader
C:\Users\Chenchen\OneDrive\Documents\GitHub\DjangoProject\PauliCode\User\views.py changed, reloading.
Watching for file changes with StatReloader
C:\Users\Chenchen\OneDrive\Documents\GitHub\DjangoProject\PauliCode\User\views.py changed, reloading.
Watching for file changes with StatReloader
Watching for file changes with StatReloader
"GET /class/4/ HTTP/1.1" 200 90495
"POST /class/4/add-resources/ HTTP/1.1" 302 0
"GET /class/4/ HTTP/1.1" 200 95825
C:\Users\Chenchen\OneDrive\Documents\GitHub\DjangoProject\PauliCode\User\models.py changed, reloading.
Watching for file changes with StatReloader
Watching for file changes with StatReloader
"GET /class/4/ HTTP/1.1" 200 95331
"GET /problem/6/details/ HTTP/1.1" 200 214
"GET /problem/6/details/ HTTP/1.1" 200 214
Not Found: /.well-known/appspecific/com.chrome.devtools.json
"GET /.well-known/appspecific/com.chrome.devtools.json HTTP/1.1" 404 10467
"GET /class/4/ HTTP/1.1" 200 95415
Not Found: /.well-known/appspecific/com.chrome.devtools.json
"GET /.well-known/appspecific/com.chrome.devtools.json HTTP/1.1" 404 10467
"GET /class/4/ HTTP/1.1" 200 96254
Not Found: /.well-known/appspecific/com.chrome.devtools.json
"GET /.well-known/appspecific/com.chrome.devtools.json HTTP/1.1" 404 10467
"GET /class/4/ HTTP/1.1" 200 96254
Not Found: /.well-known/appspecific/com.chrome.devtools.json
"GET /.well-known/appspecific/com.chrome.devtools.json HTTP/1.1" 404 10467
Internal Server Error: /class/4/
Traceback (most recent call last):
  File "C:\Users\Chenchen\OneDrive\Documents\GitHub\DjangoProject\Paulicode\env\Lib\site-packages\django\core\handlers\exception.py", line 55, in inner
    response = get_response(request)
  File "C:\Users\Chenchen\OneDrive\Documents\GitHub\DjangoProject\Paulicode\env\Lib\site-packages\django\core\handlers\base.py", line 197, in _get_response
    response = wrapped_callback(request, *callback_args, **callback_kwargs)
  File "C:\Users\Chenchen\OneDrive\Documents\GitHub\DjangoProject\Paulicode\env\Lib\site-packages\django\contrib\auth\decorators.py", line 23, in _wrapper_view
    return view_func(request, *args, **kwargs)
  File "C:\Users\Chenchen\OneDrive\Documents\GitHub\DjangoProject\paulicode\User\views.py", line 399, in classDetails
    return render(request, 'User/classDetails.html', context)
  File "C:\Users\Chenchen\OneDrive\Documents\GitHub\DjangoProject\Paulicode\env\Lib\site-packages\django\shortcuts.py", line 24, in render
    content = loader.render_to_string(template_name, context, request, using=using)
  File "C:\Users\Chenchen\OneDrive\Documents\GitHub\DjangoProject\Paulicode\env\Lib\site-packages\django\template\loader.py", line 61, in render_to_string
    template = get_template(template_name, using=using)
  File "C:\Users\Chenchen\OneDrive\Documents\GitHub\DjangoProject\Paulicode\env\Lib\site-packages\django\template\loader.py", line 15, in get_template
    return engine.get_template(template_name)
           ~~~~~~~~~~~~~~~~~~~^^^^^^^^^^^^^^^
  File "C:\Users\Chenchen\OneDrive\Documents\GitHub\DjangoProject\Paulicode\env\Lib\site-packages\django\template\backends\django.py", line 33, in get_template
    return Template(self.engine.get_template(template_name), self)
                    ~~~~~~~~~~~~~~~~~~~~~~~~^^^^^^^^^^^^^^^
  File "C:\Users\Chenchen\OneDrive\Documents\GitHub\DjangoProject\Paulicode\env\Lib\site-packages\django\template\engine.py", line 175, in get_template
    template, origin = self.find_template(template_name)
                       ~~~~~~~~~~~~~~~~~~^^^^^^^^^^^^^^^
  File "C:\Users\Chenchen\OneDrive\Documents\GitHub\DjangoProject\Paulicode\env\Lib\site-packages\django\template\engine.py", line 157, in find_template
    template = loader.get_template(name, skip=skip)
  File "C:\Users\Chenchen\OneDrive\Documents\GitHub\DjangoProject\Paulicode\env\Lib\site-packages\django\template\loaders\cached.py", line 57, in get_template
    template = super().get_template(template_name, skip)
  File "C:\Users\Chenchen\OneDrive\Documents\GitHub\DjangoProject\Paulicode\env\Lib\site-packages\django\template\loaders\base.py", line 28, in get_template
    return Template(
        contents,
    ...<2 lines>...
        self.engine,
    )
  File "C:\Users\Chenchen\OneDrive\Documents\GitHub\DjangoProject\Paulicode\env\Lib\site-packages\django\template\base.py", line 154, in __init__
    self.nodelist = self.compile_nodelist()
                    ~~~~~~~~~~~~~~~~~~~~~^^
  File "C:\Users\Chenchen\OneDrive\Documents\GitHub\DjangoProject\Paulicode\env\Lib\site-packages\django\template\base.py", line 200, in compile_nodelist
    return parser.parse()
           ~~~~~~~~~~~~^^
  File "C:\Users\Chenchen\OneDrive\Documents\GitHub\DjangoProject\Paulicode\env\Lib\site-packages\django\template\base.py", line 513, in parse
    raise self.error(token, e)
  File "C:\Users\Chenchen\OneDrive\Documents\GitHub\DjangoProject\Paulicode\env\Lib\site-packages\django\template\base.py", line 511, in parse
    compiled_result = compile_func(self, token)
  File "C:\Users\Chenchen\OneDrive\Documents\GitHub\DjangoProject\Paulicode\env\Lib\site-packages\django\template\loader_tags.py", line 293, in do_extends
    nodelist = parser.parse()
  File "C:\Users\Chenchen\OneDrive\Documents\GitHub\DjangoProject\Paulicode\env\Lib\site-packages\django\template\base.py", line 513, in parse
    raise self.error(token, e)
  File "C:\Users\Chenchen\OneDrive\Documents\GitHub\DjangoProject\Paulicode\env\Lib\site-packages\django\template\base.py", line 511, in parse
    compiled_result = compile_func(self, token)
  File "C:\Users\Chenchen\OneDrive\Documents\GitHub\DjangoProject\Paulicode\env\Lib\site-packages\django\template\loader_tags.py", line 232, in do_block
    nodelist = parser.parse(("endblock",))
  File "C:\Users\Chenchen\OneDrive\Documents\GitHub\DjangoProject\Paulicode\env\Lib\site-packages\django\template\base.py", line 513, in parse
    raise self.error(token, e)
  File "C:\Users\Chenchen\OneDrive\Documents\GitHub\DjangoProject\Paulicode\env\Lib\site-packages\django\template\base.py", line 511, in parse
    compiled_result = compile_func(self, token)
  File "C:\Users\Chenchen\OneDrive\Documents\GitHub\DjangoProject\Paulicode\env\Lib\site-packages\django\template\defaulttags.py", line 953, in do_if
    nodelist = parser.parse(("elif", "else", "endif"))
  File "C:\Users\Chenchen\OneDrive\Documents\GitHub\DjangoProject\Paulicode\env\Lib\site-packages\django\template\base.py", line 513, in parse
    raise self.error(token, e)
  File "C:\Users\Chenchen\OneDrive\Documents\GitHub\DjangoProject\Paulicode\env\Lib\site-packages\django\template\base.py", line 511, in parse
    compiled_result = compile_func(self, token)
  File "C:\Users\Chenchen\OneDrive\Documents\GitHub\DjangoProject\Paulicode\env\Lib\site-packages\django\template\defaulttags.py", line 853, in do_for
    nodelist_loop = parser.parse(
        (
    ...<2 lines>...
        )
    )
  File "C:\Users\Chenchen\OneDrive\Documents\GitHub\DjangoProject\Paulicode\env\Lib\site-packages\django\template\base.py", line 484, in parse
    raise self.error(token, e)
  File "C:\Users\Chenchen\OneDrive\Documents\GitHub\DjangoProject\Paulicode\env\Lib\site-packages\django\template\base.py", line 482, in parse
    filter_expression = self.compile_filter(token.contents)
  File "C:\Users\Chenchen\OneDrive\Documents\GitHub\DjangoProject\Paulicode\env\Lib\site-packages\django\template\base.py", line 600, in compile_filter
    return FilterExpression(token, self)
  File "C:\Users\Chenchen\OneDrive\Documents\GitHub\DjangoProject\Paulicode\env\Lib\site-packages\django\template\base.py", line 698, in __init__
    filter_func = parser.find_filter(filter_name)
  File "C:\Users\Chenchen\OneDrive\Documents\GitHub\DjangoProject\Paulicode\env\Lib\site-packages\django\template\base.py", line 606, in find_filter
    raise TemplateSyntaxError("Invalid filter: '%s'" % filter_name)
django.template.exceptions.TemplateSyntaxError: Invalid filter: 'json_encode'
"GET /class/4/ HTTP/1.1" 500 340522
Not Found: /.well-known/appspecific/com.chrome.devtools.json
"GET /.well-known/appspecific/com.chrome.devtools.json HTTP/1.1" 404 10467
"GET /class/4/ HTTP/1.1" 200 97629
"GET /problem/6/details/ HTTP/1.1" 200 214
"GET /problem/6/details/ HTTP/1.1" 200 214
C:\Users\Chenchen\OneDrive\Documents\GitHub\DjangoProject\PauliCode\User\views.py changed, reloading.
Watching for file changes with StatReloader
C:\Users\Chenchen\OneDrive\Documents\GitHub\DjangoProject\PauliCode\User\views.py changed, reloading.
Watching for file changes with StatReloader
C:\Users\Chenchen\OneDrive\Documents\GitHub\DjangoProject\PauliCode\User\views.py changed, reloading.
Watching for file changes with StatReloader
"GET /class/4/ HTTP/1.1" 200 98549
"GET /class/4/ HTTP/1.1" 200 98517
"GET /class/4/ HTTP/1.1" 200 98633
"GET /class/4/ HTTP/1.1" 200 98505
"GET /media/problem_resources/Ritchel_O_w53mTSS.pdf HTTP/1.1" 200 156640
"GET /media/problem_resources/M1-4-CALIPESRUBIO_ijDfuDK.pdf HTTP/1.1" 200 21383628
"GET /media/problem_resources/M1-REFLECTION-CALIPES_89XcUfQ.pdf HTTP/1.1" 200 87512
"GET /media/problem_resources/Ritchel_O_w53mTSS.pdf HTTP/1.1" 200 156640
"GET /problem/6/details/ HTTP/1.1" 200 214
"GET /problem/6/details/ HTTP/1.1" 200 214
"POST /class/4/add-resources/ HTTP/1.1" 302 0
"GET /class/4/ HTTP/1.1" 200 103545
"GET /problem/6/details/ HTTP/1.1" 200 214
"GET /problem/6/details/ HTTP/1.1" 200 214
C:\Users\Chenchen\OneDrive\Documents\GitHub\DjangoProject\PauliCode\User\views.py changed, reloading.
Watching for file changes with StatReloader
"GET /class/4/ HTTP/1.1" 200 101737
C:\Users\Chenchen\OneDrive\Documents\GitHub\DjangoProject\PauliCode\User\views.py changed, reloading.
Watching for file changes with StatReloader
"GET /class/4/ HTTP/1.1" 200 101733
"GET /problem/4/details/ HTTP/1.1" 200 319
"GET /problem/4/details/ HTTP/1.1" 200 319
"GET /problem/4/details/ HTTP/1.1" 200 319
"GET /problem/4/details/ HTTP/1.1" 200 319
"GET /problem/4/details/ HTTP/1.1" 200 319
"GET /problem/4/details/ HTTP/1.1" 200 319
"GET /problem/4/details/ HTTP/1.1" 200 319
"GET /problem/4/details/ HTTP/1.1" 200 319
"GET /problem/4/details/ HTTP/1.1" 200 319
"GET /problem/4/details/ HTTP/1.1" 200 319
"GET /problem/4/details/ HTTP/1.1" 200 319
"GET /problem/4/details/ HTTP/1.1" 200 319
"POST /class/4/add-problem/ HTTP/1.1" 302 0
"GET /class/4/ HTTP/1.1" 200 103543
"GET /problem/7/details/ HTTP/1.1" 200 230
"GET /problem/7/details/ HTTP/1.1" 200 230
Not Found: /.well-known/appspecific/com.chrome.devtools.json
"GET /.well-known/appspecific/com.chrome.devtools.json HTTP/1.1" 404 10467
Not Found: /.well-known/appspecific/com.chrome.devtools.json
"GET /.well-known/appspecific/com.chrome.devtools.json HTTP/1.1" 404 10467
"GET /class/4/ HTTP/1.1" 200 103032
Not Found: /.well-known/appspecific/com.chrome.devtools.json
"GET /.well-known/appspecific/com.chrome.devtools.json HTTP/1.1" 404 10467
"GET /problem/4/details/ HTTP/1.1" 200 319
"GET /problem/4/details/ HTTP/1.1" 200 319
"GET /report/ HTTP/1.1" 200 73028
"GET /media/class_icons/unnamed.jpg HTTP/1.1" 304 0
"GET /dashboard/ HTTP/1.1" 200 56315
"GET /dashboard/ HTTP/1.1" 200 56315
"GET /MyClasses/ HTTP/1.1" 200 49899
"GET /MyClasses/ HTTP/1.1" 200 49899
"GET /class/4/ HTTP/1.1" 200 103032
Not Found: /.well-known/appspecific/com.chrome.devtools.json
"GET /.well-known/appspecific/com.chrome.devtools.json HTTP/1.1" 404 10467
"GET /report/ HTTP/1.1" 200 73028
"GET /media/class_icons/Gemini_Generated_Image_tqim57tqim57tqim_FDzubHJ.png HTTP/1.1" 304 0
"GET /media/class_icons/unnamed.jpg HTTP/1.1" 304 0
"GET /leaderboard/ HTTP/1.1" 200 52985
"GET /api/leaderboard-data/? HTTP/1.1" 200 537
"GET /media/profile_pic/9d19fa5a-b873-469d-8372-7f4957e1f4ec.jpg HTTP/1.1" 304 0
"GET /api/leaderboard-data/? HTTP/1.1" 200 537
"GET /api/leaderboard-data/? HTTP/1.1" 200 537
"GET /api/leaderboard-data/? HTTP/1.1" 200 537
"GET /api/leaderboard-data/? HTTP/1.1" 200 537
"GET /api/leaderboard-data/?class_id=3 HTTP/1.1" 200 579
"GET /api/leaderboard-data/?class_id=4 HTTP/1.1" 200 376
"GET /api/leaderboard-data/?class_id=3 HTTP/1.1" 200 579
"GET /api/leaderboard-data/?class_id=3 HTTP/1.1" 200 579
"GET /api/leaderboard-data/? HTTP/1.1" 200 537
"GET /api/leaderboard-data/?class_id=3 HTTP/1.1" 200 579
"GET /api/leaderboard-data/?class_id=3 HTTP/1.1" 200 579
"GET /api/leaderboard-data/?class_id=3 HTTP/1.1" 200 579
"GET /api/leaderboard-data/?class_id=3 HTTP/1.1" 200 579
"GET /dashboard/ HTTP/1.1" 200 56315
"GET /dashboard/ HTTP/1.1" 200 56315
"GET / HTTP/1.1" 200 21077
"GET /static/img/loadingIcon.webp HTTP/1.1" 200 42646
"GET / HTTP/1.1" 200 21077
"GET /static/img/PCodeLogo.svg HTTP/1.1" 200 12486
"POST /login/ HTTP/1.1" 302 0
"GET /StudentDashboard/ HTTP/1.1" 200 59219
"GET /static/img/studenthaticon.png HTTP/1.1" 200 8381
"GET /api/student/total-exp/ HTTP/1.1" 200 82
"GET /media/profile_pic/9d19fa5a-b873-469d-8372-7f4957e1f4ec.jpg HTTP/1.1" 200 282651
"GET /api/leaderboard-data/ HTTP/1.1" 200 534
"GET /static/img/star.png HTTP/1.1" 200 22289
"GET /media/class_icons/unnamed.jpg HTTP/1.1" 200 66155
"GET /static/img/1stCup.svg HTTP/1.1" 200 650077
"GET /media/class_icons/Gemini_Generated_Image_tqim57tqim57tqim_FDzubHJ.png HTTP/1.1" 200 1261532
"GET /classes/ HTTP/1.1" 200 42705
"GET /static/img/search.png HTTP/1.1" 200 30429
"GET /static/img/plusIcon.png HTTP/1.1" 404 1811
"GET /student/class/4/ HTTP/1.1" 200 49445
"GET /problem/6/details/ HTTP/1.1" 200 214
"GET /student/class/3/ HTTP/1.1" 200 63498
"GET /problem/2/details/ HTTP/1.1" 200 242
"GET /problem/2/details/ HTTP/1.1" 200 242
"GET /problem/3/details/ HTTP/1.1" 200 278
"GET /problem/3/details/ HTTP/1.1" 200 278
"GET / HTTP/1.1" 200 21077
"GET /static/img/loadingIcon.webp HTTP/1.1" 200 42646
"GET /static/img/PCodeLogo.svg HTTP/1.1" 200 12486
"GET / HTTP/1.1" 200 21077
"GET /static/img/favicon.ico HTTP/1.1" 200 4286
"GET / HTTP/1.1" 200 21077
"GET /static/img/loadingIcon.webp HTTP/1.1" 200 42646
"GET /static/img/PCodeLogo.svg HTTP/1.1" 200 12486
"GET / HTTP/1.1" 200 21077
"GET /static/img/favicon.ico HTTP/1.1" 200 4286
"GET / HTTP/1.1" 200 21077
"GET / HTTP/1.1" 200 21077
"GET / HTTP/1.1" 200 21077
"GET / HTTP/1.1" 200 21077
"GET / HTTP/1.1" 200 21077
"GET /static/img/PCodeLogo.svg HTTP/1.1" 200 12486
"GET /static/img/loadingIcon.webp HTTP/1.1" 200 42646
"GET / HTTP/1.1" 200 21077
Not Found: /apple-touch-icon-precomposed.png
Not Found: /apple-touch-icon.png
"GET /apple-touch-icon-precomposed.png HTTP/1.1" 404 10447
"GET /apple-touch-icon.png HTTP/1.1" 404 10411
Not Found: /favicon.ico
"GET /favicon.ico HTTP/1.1" 404 10384
Not Found: /favicon.ico
Not Found: /apple-touch-icon-precomposed.png
Not Found: /apple-touch-icon.png
- Broken pipe from ('127.0.0.1', 64869)
- Broken pipe from ('127.0.0.1', 64871)
- Broken pipe from ('127.0.0.1', 64870)
"GET / HTTP/1.1" 200 21077
"GET /static/img/loadingIcon.webp HTTP/1.1" 200 42646
"GET /static/img/PCodeLogo.svg HTTP/1.1" 200 12486
"GET / HTTP/1.1" 200 21077
Forbidden (Origin checking failed - https://flamboyantly-clammy-roselia.ngrok-free.dev does not match any trusted origins.): /login/
"POST /login/ HTTP/1.1" 403 2598
Not Found: /favicon.ico
"GET /favicon.ico HTTP/1.1" 404 10384
"GET / HTTP/1.1" 200 21077
"GET /static/img/loadingIcon.webp HTTP/1.1" 200 42646
"GET /static/img/PCodeLogo.svg HTTP/1.1" 200 12486
"GET / HTTP/1.1" 200 21077
"GET /static/img/favicon.ico HTTP/1.1" 200 4286
"POST /login/ HTTP/1.1" 302 0
"GET /StudentDashboard/ HTTP/1.1" 200 54550
"GET /static/img/studenthaticon.png HTTP/1.1" 200 8381
"GET /static/img/star.png HTTP/1.1" 200 22289
"GET /api/student/total-exp/ HTTP/1.1" 200 84
"GET /api/leaderboard-data/ HTTP/1.1" 200 534
"GET /media/profile_pic/default.png HTTP/1.1" 200 298184
"GET /static/img/1stCup.svg HTTP/1.1" 200 650077
"GET /media/class_icons/Gemini_Generated_Image_tqim57tqim57tqim_FDzubHJ.png HTTP/1.1" 200 1261532
"GET /leaderboard/ HTTP/1.1" 200 52744
"GET /api/leaderboard-data/? HTTP/1.1" 200 534
"GET /media/profile_pic/9d19fa5a-b873-469d-8372-7f4957e1f4ec.jpg HTTP/1.1" 200 282651
"GET /classes/ HTTP/1.1" 200 40182
"GET /static/img/search.png HTTP/1.1" 200 30429
"GET /static/img/plusIcon.png HTTP/1.1" 404 1811
"GET /student/class/3/ HTTP/1.1" 200 63157
"GET /problem/3/details/ HTTP/1.1" 200 279
"GET /problem/3/details/ HTTP/1.1" 200 279
"GET /classes/ HTTP/1.1" 200 40182
"GET /static/img/plusIcon.png HTTP/1.1" 404 1811
"GET /leaderboard/ HTTP/1.1" 200 52744
"GET /api/leaderboard-data/? HTTP/1.1" 200 534
"GET /code-playground/ HTTP/1.1" 200 92895
"GET /load-chat-history/ HTTP/1.1" 200 16
"GET /get-usage-stats/ HTTP/1.1" 200 241
"GET /get-usage-stats/ HTTP/1.1" 200 241
AFC is enabled with max remote calls: 10.
"GET /get-usage-stats/ HTTP/1.1" 200 241
HTTP Request: POST https://generativelanguage.googleapis.com/v1beta/models/gemini-2.5-flash-lite:streamGenerateContent?alt=sse "HTTP/1.1 200 OK"
"POST /ai-chat-stream/ HTTP/1.1" 200 233
"GET /get-usage-stats/ HTTP/1.1" 200 241
AFC is enabled with max remote calls: 10.
HTTP Request: POST https://generativelanguage.googleapis.com/v1beta/models/gemini-2.5-flash-lite:streamGenerateContent?alt=sse "HTTP/1.1 200 OK"
"POST /ai-chat-stream/ HTTP/1.1" 200 290
"GET /get-usage-stats/ HTTP/1.1" 200 241
"GET /get-usage-stats/ HTTP/1.1" 200 241
"GET /StudentDashboard/ HTTP/1.1" 200 54067
"GET /api/student/total-exp/ HTTP/1.1" 200 84
"GET /api/leaderboard-data/ HTTP/1.1" 200 534
"GET /classes/ HTTP/1.1" 200 40182
"GET /static/img/plusIcon.png HTTP/1.1" 404 1811
"GET /leaderboard/ HTTP/1.1" 200 52744
"GET /api/leaderboard-data/? HTTP/1.1" 200 534
"GET /api/leaderboard-data/? HTTP/1.1" 200 534
"GET /api/leaderboard-data/? HTTP/1.1" 200 534
"GET /api/leaderboard-data/? HTTP/1.1" 200 534
"GET /api/leaderboard-data/? HTTP/1.1" 200 534
Watching for file changes with StatReloader
Watching for file changes with StatReloader
Watching for file changes with StatReloader
Watching for file changes with StatReloader
Watching for file changes with StatReloader
Watching for file changes with StatReloader
Watching for file changes with StatReloader
Watching for file changes with StatReloader
Watching for file changes with StatReloader
Watching for file changes with StatReloader
"GET / HTTP/1.1" 200 16276
"GET / HTTP/1.1" 200 16276
"GET /signup/ HTTP/1.1" 200 12208
"GET /static/img/bgIndex.png HTTP/1.1" 200 7594234
"GET /signup/ HTTP/1.1" 200 12208
"POST /signup/ HTTP/1.1" 302 0
"GET / HTTP/1.1" 200 16778
"GET / HTTP/1.1" 200 16276
"POST /login/ HTTP/1.1" 302 0
"GET /StudentDashboard/ HTTP/1.1" 200 45248
"GET /media/profile_pic/a8765073-1e46-4fbe-89c6-2f7944f4454c.jpg HTTP/1.1" 200 45932
"GET /api/student/total-exp/ HTTP/1.1" 200 81
"GET /api/leaderboard-data/ HTTP/1.1" 200 116
"GET /classes/ HTTP/1.1" 200 32980
"GET /media/profile_pic/a8765073-1e46-4fbe-89c6-2f7944f4454c.jpg HTTP/1.1" 304 0
"GET / HTTP/1.1" 200 16276
"GET / HTTP/1.1" 200 16276
"GET /signup/ HTTP/1.1" 200 12208
"GET /static/img/bgIndex.png HTTP/1.1" 200 7594234
"GET /signup/ HTTP/1.1" 200 12208
"POST /signup/ HTTP/1.1" 302 0
"GET / HTTP/1.1" 200 16778
"GET / HTTP/1.1" 200 16276
"POST /login/ HTTP/1.1" 302 0
"GET /dashboard/ HTTP/1.1" 200 43595
"GET /dashboard/ HTTP/1.1" 200 43110
"GET /MyClasses/ HTTP/1.1" 200 40504
"GET /MyClasses/ HTTP/1.1" 200 40504
"POST /create-class/ HTTP/1.1" 302 0
"GET /MyClasses/ HTTP/1.1" 200 43266
"GET /MyClasses/ HTTP/1.1" 200 42736
"GET /static/img/classroom.png HTTP/1.1" 200 4079
"POST /create-class/ HTTP/1.1" 302 0
"GET /MyClasses/ HTTP/1.1" 200 45586
"GET /MyClasses/ HTTP/1.1" 200 45063
"GET /class/2/ HTTP/1.1" 200 85497
"GET /class/1/ HTTP/1.1" 200 68446
"POST /class/1/add-cybersecurity-challenge/ HTTP/1.1" 302 0
"GET /class/1/ HTTP/1.1" 200 70001
Not Found: /.well-known/appspecific/com.chrome.devtools.json
"GET /.well-known/appspecific/com.chrome.devtools.json HTTP/1.1" 404 10467
"GET /class/1/ HTTP/1.1" 200 80138
Not Found: /.well-known/appspecific/com.chrome.devtools.json
"GET /.well-known/appspecific/com.chrome.devtools.json HTTP/1.1" 404 10467
"POST /class/1/add-resources/ HTTP/1.1" 302 0
"GET /class/1/ HTTP/1.1" 200 84930
"GET /MyClasses/ HTTP/1.1" 200 45063
"GET /MyClasses/ HTTP/1.1" 200 45063
"GET /class/2/ HTTP/1.1" 200 85497
"POST /class/2/add-resources/ HTTP/1.1" 302 0
"GET /class/2/ HTTP/1.1" 200 90405
Not Found: /favicon.ico
"GET /favicon.ico HTTP/1.1" 404 10356
"GET /media/problem_resources/M1-4-CALIPESRUBIO.pdf HTTP/1.1" 200 21383628
"GET /MyClasses/ HTTP/1.1" 200 45063
"GET /MyClasses/ HTTP/1.1" 200 45063
"GET /class/1/ HTTP/1.1" 200 84436
"GET /class/1/ HTTP/1.1" 200 86147
"GET /media/problem_resources/absent_pa.pdf HTTP/1.1" 200 55816
"GET /class/1/ HTTP/1.1" 200 90509
"GET /media/problem_resources/overnight.pdf HTTP/1.1" 200 2723299
"GET /media/problem_resources/absent_pa.pdf HTTP/1.1" 304 0
"GET /MyClasses/ HTTP/1.1" 200 45063
"GET /MyClasses/ HTTP/1.1" 200 45063
"GET /class/1/ HTTP/1.1" 200 90509
"GET /class/2/ HTTP/1.1" 200 89911
"GET /MyClasses/ HTTP/1.1" 200 45063
"GET /MyClasses/ HTTP/1.1" 200 45063
"GET /class/1/ HTTP/1.1" 200 90509
"POST /student/join-class/ HTTP/1.1" 302 0
"GET /classes/ HTTP/1.1" 200 35868
"GET /static/img/classroom.png HTTP/1.1" 200 4079
"GET /media/profile_pic/a8765073-1e46-4fbe-89c6-2f7944f4454c.jpg HTTP/1.1" 304 0
"POST /student/join-class/ HTTP/1.1" 302 0
"GET /classes/ HTTP/1.1" 200 35867
"POST /student/join-class/ HTTP/1.1" 302 0
"GET /classes/ HTTP/1.1" 200 35867
"GET /MyClasses/ HTTP/1.1" 200 45063
"GET /MyClasses/ HTTP/1.1" 200 45063
"GET /class/2/ HTTP/1.1" 200 89911
"POST /student/join-class/ HTTP/1.1" 302 0
"GET /classes/ HTTP/1.1" 200 38361
"GET /student/class/1/ HTTP/1.1" 200 69226
Not Found: /.well-known/appspecific/com.chrome.devtools.json
"GET /.well-known/appspecific/com.chrome.devtools.json HTTP/1.1" 404 10467
Not Found: /favicon.ico
"GET /favicon.ico HTTP/1.1" 404 10356
"GET /media/problem_resources/overnight.pdf HTTP/1.1" 200 2723299
"GET /classes/ HTTP/1.1" 200 37869
Not Found: /.well-known/appspecific/com.chrome.devtools.json
"GET /.well-known/appspecific/com.chrome.devtools.json HTTP/1.1" 404 10467
"GET /student/class/2/ HTTP/1.1" 200 55671
Not Found: /.well-known/appspecific/com.chrome.devtools.json
"GET /.well-known/appspecific/com.chrome.devtools.json HTTP/1.1" 404 10467
"GET /media/problem_resources/M1-4-CALIPESRUBIO.pdf HTTP/1.1" 200 21383628
"GET /media/problem_resources/M1-4-CALIPESRUBIO.pdf HTTP/1.1" 200 21383628
"GET /student/class/2/ HTTP/1.1" 200 55676
"GET /media/profile_pic/a8765073-1e46-4fbe-89c6-2f7944f4454c.jpg HTTP/1.1" 304 0
"GET /student/class/2/ HTTP/1.1" 200 55681
"GET /student/class/2/ HTTP/1.1" 200 55681
Not Found: /.well-known/appspecific/com.chrome.devtools.json
"GET /.well-known/appspecific/com.chrome.devtools.json HTTP/1.1" 404 10467
"GET /student/class/2/ HTTP/1.1" 200 55682
"GET /media/profile_pic/a8765073-1e46-4fbe-89c6-2f7944f4454c.jpg HTTP/1.1" 304 0
"GET /student/class/2/?filter=Quiz HTTP/1.1" 200 55682
"GET /classes/ HTTP/1.1" 200 37869
"GET /StudentDashboard/ HTTP/1.1" 200 53589
"GET /api/student/total-exp/ HTTP/1.1" 200 81
"GET /api/leaderboard-data/ HTTP/1.1" 200 116
"GET /leaderboard/ HTTP/1.1" 200 48268
"GET /api/leaderboard-data/? HTTP/1.1" 200 116
"GET /code-playground/ HTTP/1.1" 200 76376
"GET /classes/ HTTP/1.1" 200 37869
"GET /media/profile_pic/a8765073-1e46-4fbe-89c6-2f7944f4454c.jpg HTTP/1.1" 304 0
"GET /student/class/2/ HTTP/1.1" 200 55681
"GET /student/class/1/ HTTP/1.1" 200 69226
"GET /student/class/1/ HTTP/1.1" 200 69236
"GET /student/class/1/ HTTP/1.1" 200 69232
"GET /student/class/1/ HTTP/1.1" 200 69232
"GET /classes/ HTTP/1.1" 200 37869
"GET /student/class/1/ HTTP/1.1" 200 69232
"GET /student/class/2/ HTTP/1.1" 200 55681
"GET /leaderboard/ HTTP/1.1" 200 48268
"GET /api/leaderboard-data/? HTTP/1.1" 200 116
"GET /classes/ HTTP/1.1" 200 37869
"GET /student/class/1/ HTTP/1.1" 200 69232
"GET /problem/1/details/ HTTP/1.1" 200 262
"POST /cybersecurity/submit/1/ HTTP/1.1" 200 112
"GET /student/class/1/ HTTP/1.1" 200 69232
"GET /problem/1/details/ HTTP/1.1" 200 262
"POST /cybersecurity/submit/1/ HTTP/1.1" 200 119
"GET /student/class/1/ HTTP/1.1" 200 69546
"GET /problem/1/details/ HTTP/1.1" 200 261
"GET /classes/ HTTP/1.1" 200 37869
"GET /student/class/2/ HTTP/1.1" 200 55681
"GET /class/2/ HTTP/1.1" 200 90627
"GET /media/profile_pic/a8765073-1e46-4fbe-89c6-2f7944f4454c.jpg HTTP/1.1" 200 45932
"GET /MyClasses/ HTTP/1.1" 200 45063
"GET /MyClasses/ HTTP/1.1" 200 45063
"GET /class/1/ HTTP/1.1" 200 91164
"GET /MyClasses/ HTTP/1.1" 200 45063
"GET /MyClasses/ HTTP/1.1" 200 45063
"GET /class/2/ HTTP/1.1" 200 90627
"GET /MyClasses/ HTTP/1.1" 200 45063
"GET /MyClasses/ HTTP/1.1" 200 45063
"GET /class/1/ HTTP/1.1" 200 91164
"GET /classes/ HTTP/1.1" 200 37869
"GET /media/profile_pic/a8765073-1e46-4fbe-89c6-2f7944f4454c.jpg HTTP/1.1" 304 0
"GET /student/class/1/ HTTP/1.1" 200 69546
"GET /class/1/ HTTP/1.1" 200 91187
"GET /class/2/ HTTP/1.1" 200 90627
Not Found: /.well-known/appspecific/com.chrome.devtools.json
"GET /.well-known/appspecific/com.chrome.devtools.json HTTP/1.1" 404 10467
Not Found: /.well-known/appspecific/com.chrome.devtools.json
"GET /.well-known/appspecific/com.chrome.devtools.json HTTP/1.1" 404 10467
"GET /problem/1/details/ HTTP/1.1" 200 261
"GET /media/challenge_files/cat.jpg HTTP/1.1" 200 28458
Not Found: /.well-known/appspecific/com.chrome.devtools.json
"GET /.well-known/appspecific/com.chrome.devtools.json HTTP/1.1" 404 10467
Not Found: /.well-known/appspecific/com.chrome.devtools.json
"GET /.well-known/appspecific/com.chrome.devtools.json HTTP/1.1" 404 10467
Watching for file changes with StatReloader
"GET /dashboard/ HTTP/1.1" 200 51314
"GET /dashboard/ HTTP/1.1" 200 51314
"GET /MyClasses/ HTTP/1.1" 200 45063
"GET /MyClasses/ HTTP/1.1" 200 45063
"GET /report/ HTTP/1.1" 200 60804
